video_id,subject,action,camera,repetition,setup
N0137V2S1A50R2.avi,1,50,2,2,137
N0363V1S1A09R2.avi,1,9,1,2,363
N0031V2S1A20R2.avi,1,20,2,2,31
N0078V2S1A30R2.avi,1,30,2,2,78
N0061V2S1A17R2.avi,1,17,2,2,61
N0242V2S1A48R2.avi,1,48,2,2,242
N0283V1S1A09R2.avi,1,9,1,2,283
N0078V2S1A13R2.avi,1,13,2,2,78
N0027V1S1A31R2.avi,1,31,1,2,27
N0102V2S1A30R2.avi,1,30,2,2,102
N0238V3S1A04R2.avi,1,4,3,2,238
N0138V1S1A28R2.avi,1,28,1,2,138
N0158V3S1A37R2.avi,1,37,3,2,158
N0351V2S1A38R2.avi,1,38,2,2,351
N0047V1S1A45R2.avi,1,45,1,2,47
N0267V3S1A38R2.avi,1,38,3,2,267
N0226V3S1A17R2.avi,1,17,3,2,226
N0207V3S1A29R2.avi,1,29,3,2,207
N0112V2S1A29R2.avi,1,29,2,2,112
N0336V1S1A49R2.avi,1,49,1,2,336
N0080V1S1A03R2.avi,1,3,1,2,80
N0099V3S1A10R2.avi,1,10,3,2,99
N0218V3S1A34R2.avi,1,34,3,2,218
N0037V2S1A43R2.avi,1,43,2,2,37
N0218V2S1A31R2.avi,1,31,2,2,218
N0034V2S1A27R2.avi,1,27,2,2,34
N0227V3S1A34R2.avi,1,34,3,2,227
N0066V2S1A34R2.avi,1,34,2,2,66
N0113V3S1A25R2.avi,1,25,3,2,113
N0070V2S1A03R2.avi,1,3,2,2,70
N0336V3S1A33R2.avi,1,33,3,2,336
N0182V1S1A19R2.avi,1,19,1,2,182
N0050V3S1A38R2.avi,1,38,3,2,50
N0171V2S1A38R2.avi,1,38,2,2,171
N0076V1S1A51R2.avi,1,51,1,2,76
N0217V3S1A34R2.avi,1,34,3,2,217
N0262V3S1A17R2.avi,1,17,3,2,262
N0006V2S1A17R2.avi,1,17,2,2,6
N0156V1S1A40R2.avi,1,40,1,2,156
N0363V1S1A08R2.avi,1,8,1,2,363
N0084V2S1A21R2.avi,1,21,2,2,84
N0345V2S1A13R2.avi,1,13,2,2,345
N0052V3S1A37R2.avi,1,37,3,2,52
N0274V3S1A29R2.avi,1,29,3,2,274
N0121V1S1A44R1.avi,1,44,1,1,121
N0094V1S1A16R2.avi,1,16,1,2,94
N0176V1S1A37R2.avi,1,37,1,2,176
N0100V2S1A08R2.avi,1,8,2,2,100
N0038V1S1A30R2.avi,1,30,1,2,38
N0353V2S1A23R2.avi,1,23,2,2,353
N0186V2S1A46R2.avi,1,46,2,2,186
N0134V3S1A24R2.avi,1,24,3,2,134
N0258V3S1A29R2.avi,1,29,3,2,258
N0278V3S1A31R2.avi,1,31,3,2,278
N0113V2S1A10R2.avi,1,10,2,2,113
N0085V2S1A24R2.avi,1,24,2,2,85
N0033V3S1A43R2.avi,1,43,3,2,33
N0068V3S1A33R2.avi,1,33,3,2,68
N0357V2S1A08R2.avi,1,8,2,2,357
N0033V3S1A38R2.avi,1,38,3,2,33
N0202V3S1A33R2.avi,1,33,3,2,202
N0353V2S1A39R2.avi,1,39,2,2,353
N0030V1S1A51R2.avi,1,51,1,2,30
N0353V1S1A35R2.avi,1,35,1,2,353
N0131V3S1A07R2.avi,1,7,3,2,131
N0275V2S1A23R2.avi,1,23,2,2,275
N0208V1S1A17R2.avi,1,17,1,2,208
N0041V2S1A50R2.avi,1,50,2,2,41
N0143V1S1A42R1.avi,1,42,1,1,143
N0147V2S1A45R2.avi,1,45,2,2,147
N0027V3S1A04R2.avi,1,4,3,2,27
N0152V1S1A08R2.avi,1,8,1,2,152
N0342V1S1A19R2.avi,1,19,1,2,342
N0162V1S1A51R2.avi,1,51,1,2,162
N0129V3S1A39R2.avi,1,39,3,2,129
N0066V3S1A47R2.avi,1,47,3,2,66
N0264V3S1A03R2.avi,1,3,3,2,264
N0020V2S1A46R2.avi,1,46,2,2,20
N0357V1S1A01R2.avi,1,1,1,2,357
N0337V3S1A47R2.avi,1,47,3,2,337
N0191V1S1A32R2.avi,1,32,1,2,191
N0225V3S1A12R2.avi,1,12,3,2,225
N0194V3S1A16R2.avi,1,16,3,2,194
N0009V3S1A32R2.avi,1,32,3,2,9
N0361V1S1A37R2.avi,1,37,1,2,361
N0056V1S1A03R2.avi,1,3,1,2,56
N0199V2S1A46R2.avi,1,46,2,2,199
N0223V2S1A32R2.avi,1,32,2,2,223
N0095V3S1A21R2.avi,1,21,3,2,95
N0279V2S1A11R2.avi,1,11,2,2,279
N0276V1S1A28R1.avi,1,28,1,1,276
N0034V1S1A16R2.avi,1,16,1,2,34
N0126V2S1A08R2.avi,1,8,2,2,126
N0126V3S1A40R2.avi,1,40,3,2,126
N0137V2S1A07R2.avi,1,7,2,2,137
N0359V1S1A21R2.avi,1,21,1,2,359
N0162V2S1A51R2.avi,1,51,2,2,162
N0001V3S1A31R2.avi,1,31,3,2,1
N0178V1S1A29R2.avi,1,29,1,2,178
N0158V3S1A49R2.avi,1,49,3,2,158
N0211V2S1A05R2.avi,1,5,2,2,211
N0117V1S1A49R2.avi,1,49,1,2,117
N0152V3S1A48R2.avi,1,48,3,2,152
N0255V1S1A12R2.avi,1,12,1,2,255
N0108V2S1A13R2.avi,1,13,2,2,108
N0057V3S1A43R2.avi,1,43,3,2,57
N0024V1S1A14R2.avi,1,14,1,2,24
N0277V2S1A30R2.avi,1,30,2,2,277
N0174V1S1A24R2.avi,1,24,1,2,174
N0098V1S1A09R2.avi,1,9,1,2,98
N0227V2S1A35R2.avi,1,35,2,2,227
N0081V1S1A32R2.avi,1,32,1,2,81
N0039V2S1A23R2.avi,1,23,2,2,39
N0042V1S1A05R2.avi,1,5,1,2,42
N0036V1S1A34R2.avi,1,34,1,2,36
N0262V2S1A03R2.avi,1,3,2,2,262
N0242V3S1A13R2.avi,1,13,3,2,242
N0023V3S1A09R2.avi,1,9,3,2,23
N0221V2S1A15R2.avi,1,15,2,2,221
N0146V1S1A25R2.avi,1,25,1,2,146
N0025V2S1A21R2.avi,1,21,2,2,25
N0263V2S1A30R2.avi,1,30,2,2,263
N0104V2S1A26R2.avi,1,26,2,2,104
N0003V2S1A38R2.avi,1,38,2,2,3
N0259V2S1A15R2.avi,1,15,2,2,259
N0281V3S1A05R2.avi,1,5,3,2,281
N0278V2S1A31R2.avi,1,31,2,2,278
N0141V2S1A02R2.avi,1,2,2,2,141
N0046V3S1A23R2.avi,1,23,3,2,46
N0212V3S1A02R2.avi,1,2,3,2,212
N0192V1S1A02R2.avi,1,2,1,2,192
N0029V3S1A31R2.avi,1,31,3,2,29
N0056V2S1A51R2.avi,1,51,2,2,56
N0351V3S1A38R2.avi,1,38,3,2,351
N0334V3S1A25R2.avi,1,25,3,2,334
N0176V2S1A23R2.avi,1,23,2,2,176
N0273V1S1A13R2.avi,1,13,1,2,273
N0173V3S1A13R2.avi,1,13,3,2,173
N0192V1S1A08R2.avi,1,8,1,2,192
N0233V3S1A48R2.avi,1,48,3,2,233
N0191V1S1A13R2.avi,1,13,1,2,191
N0278V3S1A37R2.avi,1,37,3,2,278
N0155V1S1A14R2.avi,1,14,1,2,155
N0139V2S1A30R2.avi,1,30,2,2,139
N0036V2S1A29R2.avi,1,29,2,2,36
N0101V2S1A40R2.avi,1,40,2,2,101
N0090V2S1A01R2.avi,1,1,2,2,90
N0226V1S1A44R2.avi,1,44,1,2,226
N0167V1S1A32R2.avi,1,32,1,2,167
N0361V3S1A34R2.avi,1,34,3,2,361
N0036V2S1A39R2.avi,1,39,2,2,36
N0237V1S1A06R2.avi,1,6,1,2,237
N0359V1S1A12R2.avi,1,12,1,2,359
N0055V2S1A16R2.avi,1,16,2,2,55
N0353V3S1A08R2.avi,1,8,3,2,353
N0133V2S1A20R2.avi,1,20,2,2,133
N0176V3S1A10R2.avi,1,10,3,2,176
N0131V3S1A02R2.avi,1,2,3,2,131
N0211V1S1A10R2.avi,1,10,1,2,211
N0149V3S1A05R2.avi,1,5,3,2,149
N0178V3S1A49R1.avi,1,49,3,1,178
N0336V1S1A34R2.avi,1,34,1,2,336
N0198V3S1A32R2.avi,1,32,3,2,198
N0103V1S1A32R2.avi,1,32,1,2,103
N0257V1S1A29R2.avi,1,29,1,2,257
N0234V2S1A26R2.avi,1,26,2,2,234
N0167V1S1A01R2.avi,1,1,1,2,167
N0181V2S1A38R2.avi,1,38,2,2,181
N0242V2S1A37R2.avi,1,37,2,2,242
N0353V2S1A30R2.avi,1,30,2,2,353
N0265V3S1A07R2.avi,1,7,3,2,265
N0278V2S1A45R2.avi,1,45,2,2,278
N0011V3S1A04R2.avi,1,4,3,2,11
N0024V2S1A24R2.avi,1,24,2,2,24
N0017V2S1A45R0.avi,1,45,2,0,17
N0170V2S1A25R2.avi,1,25,2,2,170
N0221V1S1A15R2.avi,1,15,1,2,221
N0163V3S1A41R2.avi,1,41,3,2,163
N0155V3S1A24R2.avi,1,24,3,2,155
N0167V2S1A19R2.avi,1,19,2,2,167
N0282V1S1A51R2.avi,1,51,1,2,282
N0232V1S1A29R2.avi,1,29,1,2,232
N0022V3S1A49R1.avi,1,49,3,1,22
N0046V1S1A01R2.avi,1,1,1,2,46
N0018V3S1A36R2.avi,1,36,3,2,18
N0156V1S1A38R2.avi,1,38,1,2,156
N0268V3S1A04R2.avi,1,4,3,2,268
N0270V3S1A27R1.avi,1,27,3,1,270
N0197V3S1A15R2.avi,1,15,3,2,197
N0222V3S1A38R2.avi,1,38,3,2,222
N0008V2S1A37R2.avi,1,37,2,2,8
N0188V2S1A08R2.avi,1,8,2,2,188
N0195V2S1A27R2.avi,1,27,2,2,195
N0031V1S1A45R2.avi,1,45,1,2,31
N0260V3S1A26R2.avi,1,26,3,2,260
N0011V3S1A22R1.avi,1,22,3,1,11
N0030V1S1A25R2.avi,1,25,1,2,30
N0356V3S1A04R2.avi,1,4,3,2,356
N0342V2S1A36R2.avi,1,36,2,2,342
N0130V2S1A41R2.avi,1,41,2,2,130
N0217V2S1A17R2.avi,1,17,2,2,217
N0026V3S1A51R2.avi,1,51,3,2,26
N0061V1S1A09R2.avi,1,9,1,2,61
N0203V3S1A37R2.avi,1,37,3,2,203
N0022V3S1A51R2.avi,1,51,3,2,22
N0013V2S1A31R2.avi,1,31,2,2,13
N0087V2S1A04R2.avi,1,4,2,2,87
N0027V3S1A42R2.avi,1,42,3,2,27
N0087V1S1A11R2.avi,1,11,1,2,87
N0067V1S1A38R2.avi,1,38,1,2,67
N0228V2S1A44R2.avi,1,44,2,2,228
N0092V1S1A17R2.avi,1,17,1,2,92
N0235V3S1A18R1.avi,1,18,3,1,235
N0158V3S1A25R2.avi,1,25,3,2,158
N0119V2S1A07R2.avi,1,7,2,2,119
N0063V2S1A15R2.avi,1,15,2,2,63
N0275V2S1A06R2.avi,1,6,2,2,275
N0153V2S1A13R2.avi,1,13,2,2,153
N0094V1S1A24R2.avi,1,24,1,2,94
N0278V3S1A40R2.avi,1,40,3,2,278
N0063V3S1A04R2.avi,1,4,3,2,63
N0272V2S1A40R2.avi,1,40,2,2,272
N0230V3S1A48R2.avi,1,48,3,2,230
N0083V1S1A08R2.avi,1,8,1,2,83
N0240V1S1A25R2.avi,1,25,1,2,240
N0357V3S1A38R2.avi,1,38,3,2,357
N0100V2S1A35R2.avi,1,35,2,2,100
N0276V3S1A22R2.avi,1,22,3,2,276
N0262V1S1A39R2.avi,1,39,1,2,262
N0065V2S1A21R2.avi,1,21,2,2,65
N0138V2S1A50R2.avi,1,50,2,2,138
N0275V1S1A10R2.avi,1,10,1,2,275
N0233V1S1A03R2.avi,1,3,1,2,233
N0058V3S1A34R2.avi,1,34,3,2,58
N0004V1S1A12R2.avi,1,12,1,2,4
N0284V3S1A21R2.avi,1,21,3,2,284
N0002V2S1A34R2.avi,1,34,2,2,2
N0130V3S1A03R2.avi,1,3,3,2,130
N0171V3S1A44R2.avi,1,44,3,2,171
N0346V2S1A05R2.avi,1,5,2,2,346
N0168V2S1A06R2.avi,1,6,2,2,168
N0277V2S1A05R2.avi,1,5,2,2,277
N0227V1S1A19R2.avi,1,19,1,2,227
N0273V3S1A08R2.avi,1,8,3,2,273
N0126V1S1A29R2.avi,1,29,1,2,126
N0085V1S1A24R2.avi,1,24,1,2,85
N0209V2S1A36R2.avi,1,36,2,2,209
N0230V1S1A43R2.avi,1,43,1,2,230
N0127V1S1A44R2.avi,1,44,1,2,127
N0185V1S1A16R2.avi,1,16,1,2,185
N0029V3S1A39R2.avi,1,39,3,2,29
N0169V2S1A31R2.avi,1,31,2,2,169
N0063V3S1A11R2.avi,1,11,3,2,63
N0342V2S1A15R2.avi,1,15,2,2,342
N0258V1S1A51R2.avi,1,51,1,2,258
N0273V2S1A45R2.avi,1,45,2,2,273
N0282V3S1A48R2.avi,1,48,3,2,282
N0151V3S1A25R2.avi,1,25,3,2,151
N0014V2S1A27R2.avi,1,27,2,2,14
N0267V1S1A34R2.avi,1,34,1,2,267
N0210V2S1A11R2.avi,1,11,2,2,210
N0160V2S1A50R2.avi,1,50,2,2,160
N0283V2S1A29R2.avi,1,29,2,2,283
N0361V1S1A38R2.avi,1,38,1,2,361
N0283V1S1A49R2.avi,1,49,1,2,283
N0083V1S1A44R2.avi,1,44,1,2,83
N0266V2S1A01R2.avi,1,1,2,2,266
N0363V2S1A09R2.avi,1,9,2,2,363
N0266V1S1A02R2.avi,1,2,1,2,266
N0051V2S1A45R2.avi,1,45,2,2,51
N0143V1S1A13R2.avi,1,13,1,2,143
N0126V3S1A47R2.avi,1,47,3,2,126
N0192V3S1A28R1.avi,1,28,3,1,192
N0122V2S1A40R2.avi,1,40,2,2,122
N0123V3S1A11R2.avi,1,11,3,2,123
N0095V3S1A24R2.avi,1,24,3,2,95
N0127V2S1A46R2.avi,1,46,2,2,127
N0265V2S1A34R2.avi,1,34,2,2,265
N0132V3S1A41R2.avi,1,41,3,2,132
N0282V1S1A23R2.avi,1,23,1,2,282
N0028V2S1A46R2.avi,1,46,2,2,28
N0272V1S1A47R2.avi,1,47,1,2,272
N0139V3S1A51R2.avi,1,51,3,2,139
N0175V2S1A26R1.avi,1,26,2,1,175
N0158V3S1A48R2.avi,1,48,3,2,158
N0281V2S1A05R2.avi,1,5,2,2,281
N0039V2S1A22R2.avi,1,22,2,2,39
N0145V2S1A27R2.avi,1,27,2,2,145
N0009V3S1A40R2.avi,1,40,3,2,9
N0086V1S1A28R2.avi,1,28,1,2,86
N0067V2S1A04R2.avi,1,4,2,2,67
N0341V3S1A31R2.avi,1,31,3,2,341
N0127V2S1A23R2.avi,1,23,2,2,127
N0150V3S1A04R2.avi,1,4,3,2,150
N0357V1S1A23R2.avi,1,23,1,2,357
N0039V2S1A04R2.avi,1,4,2,2,39
N0132V3S1A20R2.avi,1,20,3,2,132
N0054V2S1A21R2.avi,1,21,2,2,54
N0028V2S1A30R2.avi,1,30,2,2,28
N0012V1S1A25R2.avi,1,25,1,2,12
N0003V3S1A32R2.avi,1,32,3,2,3
N0282V1S1A37R2.avi,1,37,1,2,282
N0082V2S1A30R2.avi,1,30,2,2,82
N0010V2S1A10R2.avi,1,10,2,2,10
N0200V2S1A47R2.avi,1,47,2,2,200
N0238V3S1A34R2.avi,1,34,3,2,238
N0280V2S1A29R2.avi,1,29,2,2,280
N0357V2S1A34R2.avi,1,34,2,2,357
N0256V3S1A34R2.avi,1,34,3,2,256
N0173V3S1A45R2.avi,1,45,3,2,173
N0199V2S1A13R2.avi,1,13,2,2,199
N0288V3S1A31R2.avi,1,31,3,2,288
N0139V1S1A45R2.avi,1,45,1,2,139
N0092V3S1A07R2.avi,1,7,3,2,92
N0123V3S1A39R2.avi,1,39,3,2,123
N0007V2S1A04R2.avi,1,4,2,2,7
N0046V2S1A37R2.avi,1,37,2,2,46
N0222V1S1A23R2.avi,1,23,1,2,222
N0179V2S1A07R2.avi,1,7,2,2,179
N0078V2S1A51R2.avi,1,51,2,2,78
N0175V1S1A21R2.avi,1,21,1,2,175
N0066V3S1A48R2.avi,1,48,3,2,66
N0274V3S1A35R2.avi,1,35,3,2,274
N0221V3S1A48R2.avi,1,48,3,2,221
N0182V1S1A36R2.avi,1,36,1,2,182
N0114V3S1A16R2.avi,1,16,3,2,114
N0153V2S1A09R2.avi,1,9,2,2,153
N0262V3S1A33R2.avi,1,33,3,2,262
N0340V1S1A43R1.avi,1,43,1,1,340
N0158V2S1A19R2.avi,1,19,2,2,158
N0047V2S1A45R2.avi,1,45,2,2,47
N0136V1S1A08R2.avi,1,8,1,2,136
N0168V3S1A28R2.avi,1,28,3,2,168
N0266V1S1A29R2.avi,1,29,1,2,266
N0188V1S1A32R2.avi,1,32,1,2,188
N0140V1S1A35R2.avi,1,35,1,2,140
N0023V3S1A11R2.avi,1,11,3,2,23
N0090V3S1A33R2.avi,1,33,3,2,90
N0034V1S1A12R2.avi,1,12,1,2,34
N0031V2S1A38R2.avi,1,38,2,2,31
N0354V2S1A02R2.avi,1,2,2,2,354
N0126V1S1A50R2.avi,1,50,1,2,126
N0157V1S1A38R2.avi,1,38,1,2,157
N0281V2S1A43R2.avi,1,43,2,2,281
N0272V2S1A38R2.avi,1,38,2,2,272
N0110V3S1A50R2.avi,1,50,3,2,110
N0275V2S1A38R2.avi,1,38,2,2,275
N0346V1S1A40R2.avi,1,40,1,2,346
N0073V3S1A08R2.avi,1,8,3,2,73
N0199V3S1A43R2.avi,1,43,3,2,199
N0089V2S1A29R2.avi,1,29,2,2,89
N0036V1S1A46R2.avi,1,46,1,2,36
N0143V2S1A02R2.avi,1,2,2,2,143
N0029V1S1A41R2.avi,1,41,1,2,29
N0051V1S1A50R2.avi,1,50,1,2,51
N0244V3S1A12R2.avi,1,12,3,2,244
N0278V2S1A28R2.avi,1,28,2,2,278
N0260V3S1A24R2.avi,1,24,3,2,260
N0335V2S1A47R2.avi,1,47,2,2,335
N0222V2S1A28R2.avi,1,28,2,2,222
N0337V2S1A29R2.avi,1,29,2,2,337
N0351V2S1A49R2.avi,1,49,2,2,351
N0148V1S1A22R2.avi,1,22,1,2,148
N0279V3S1A08R2.avi,1,8,3,2,279
N0151V2S1A32R2.avi,1,32,2,2,151
N0182V1S1A39R2.avi,1,39,1,2,182
N0200V1S1A08R2.avi,1,8,1,2,200
N0112V3S1A04R2.avi,1,4,3,2,112
N0098V1S1A15R2.avi,1,15,1,2,98
N0287V1S1A38R2.avi,1,38,1,2,287
N0337V1S1A29R2.avi,1,29,1,2,337
N0241V3S1A44R2.avi,1,44,3,2,241
N0221V1S1A38R2.avi,1,38,1,2,221
N0264V2S1A48R2.avi,1,48,2,2,264
N0008V1S1A51R2.avi,1,51,1,2,8
N0046V3S1A01R2.avi,1,1,3,2,46
N0103V1S1A44R2.avi,1,44,1,2,103
N0087V1S1A17R2.avi,1,17,1,2,87
N0213V2S1A30R2.avi,1,30,2,2,213
N0188V1S1A35R2.avi,1,35,1,2,188
N0070V1S1A03R2.avi,1,3,1,2,70
N0068V2S1A35R2.avi,1,35,2,2,68
N0001V3S1A19R2.avi,1,19,3,2,1
N0069V2S1A31R2.avi,1,31,2,2,69
N0127V1S1A30R2.avi,1,30,1,2,127
N0105V1S1A26R2.avi,1,26,1,2,105
N0257V1S1A05R2.avi,1,5,1,2,257
N0049V3S1A32R2.avi,1,32,3,2,49
N0276V1S1A02R2.avi,1,2,1,2,276
N0272V2S1A09R2.avi,1,9,2,2,272
N0244V1S1A21R2.avi,1,21,1,2,244
N0108V2S1A03R2.avi,1,3,2,2,108
N0210V1S1A08R2.avi,1,8,1,2,210
N0285V2S1A12R2.avi,1,12,2,2,285
N0359V3S1A18R2.avi,1,18,3,2,359
N0257V2S1A38R2.avi,1,38,2,2,257
N0148V1S1A39R2.avi,1,39,1,2,148
N0178V1S1A19R2.avi,1,19,1,2,178
N0083V2S1A31R2.avi,1,31,2,2,83
N0343V3S1A25R2.avi,1,25,3,2,343
N0001V3S1A11R2.avi,1,11,3,2,1
N0086V2S1A38R2.avi,1,38,2,2,86
N0053V3S1A15R2.avi,1,15,3,2,53
N0030V3S1A34R2.avi,1,34,3,2,30
N0033V2S1A10R2.avi,1,10,2,2,33
N0357V2S1A50R2.avi,1,50,2,2,357
N0199V3S1A37R2.avi,1,37,3,2,199
N0263V2S1A34R2.avi,1,34,2,2,263
N0195V3S1A14R2.avi,1,14,3,2,195
N0350V2S1A09R2.avi,1,9,2,2,350
N0231V3S1A30R2.avi,1,30,3,2,231
N0041V3S1A50R2.avi,1,50,3,2,41
N0157V3S1A32R2.avi,1,32,3,2,157
N0153V1S1A43R2.avi,1,43,1,2,153
N0356V3S1A34R2.avi,1,34,3,2,356
N0230V3S1A36R2.avi,1,36,3,2,230
N0285V2S1A18R2.avi,1,18,2,2,285
N0252V2S1A17R2.avi,1,17,2,2,252
N0285V3S1A21R2.avi,1,21,3,2,285
N0030V1S1A48R2.avi,1,48,1,2,30
N0282V3S1A45R2.avi,1,45,3,2,282
N0070V1S1A36R2.avi,1,36,1,2,70
N0122V1S1A08R2.avi,1,8,1,2,122
N0071V2S1A22R2.avi,1,22,2,2,71
N0275V3S1A46R2.avi,1,46,3,2,275
N0223V3S1A07R2.avi,1,7,3,2,223
N0123V1S1A51R2.avi,1,51,1,2,123
N0340V2S1A19R2.avi,1,19,2,2,340
N0084V3S1A18R2.avi,1,18,3,2,84
N0165V1S1A18R2.avi,1,18,1,2,165
N0087V2S1A13R1.avi,1,13,2,1,87
N0274V2S1A38R2.avi,1,38,2,2,274
N0041V3S1A15R2.avi,1,15,3,2,41
N0256V3S1A31R2.avi,1,31,3,2,256
N0081V2S1A43R2.avi,1,43,2,2,81
N0176V1S1A29R2.avi,1,29,1,2,176
N0109V1S1A23R2.avi,1,23,1,2,109
N0264V2S1A35R2.avi,1,35,2,2,264
N0118V3S1A02R2.avi,1,2,3,2,118
N0171V2S1A31R2.avi,1,31,2,2,171
N0002V2S1A06R2.avi,1,6,2,2,2
N0253V2S1A07R2.avi,1,7,2,2,253
N0215V2S1A24R2.avi,1,24,2,2,215
N0016V2S1A25R2.avi,1,25,2,2,16
N0102V2S1A13R2.avi,1,13,2,2,102
N0066V1S1A01R2.avi,1,1,1,2,66
N0259V3S1A33R2.avi,1,33,3,2,259
N0216V1S1A07R2.avi,1,7,1,2,216
N0181V2S1A44R2.avi,1,44,2,2,181
N0353V2S1A29R2.avi,1,29,2,2,353
N0072V3S1A05R2.avi,1,5,3,2,72
N0242V3S1A34R2.avi,1,34,3,2,242
N0280V1S1A50R2.avi,1,50,1,2,280
N0345V1S1A11R2.avi,1,11,1,2,345
N0207V3S1A38R2.avi,1,38,3,2,207
N0266V3S1A36R2.avi,1,36,3,2,266
N0196V2S1A39R2.avi,1,39,2,2,196
N0262V1S1A09R2.avi,1,9,1,2,262
N0073V2S1A23R1.avi,1,23,2,1,73
N0238V1S1A44R2.avi,1,44,1,2,238
N0001V3S1A09R2.avi,1,9,3,2,1
N0104V2S1A16R2.avi,1,16,2,2,104
N0288V2S1A03R2.avi,1,3,2,2,288
N0350V3S1A01R2.avi,1,1,3,2,350
N0340V1S1A03R2.avi,1,3,1,2,340
N0083V2S1A09R2.avi,1,9,2,2,83
N0159V1S1A43R2.avi,1,43,1,2,159
N0189V3S1A45R2.avi,1,45,3,2,189
N0140V1S1A02R2.avi,1,2,1,2,140
N0163V3S1A15R2.avi,1,15,3,2,163
N0129V3S1A51R2.avi,1,51,3,2,129
N0018V1S1A17R2.avi,1,17,1,2,18
N0125V2S1A18R2.avi,1,18,2,2,125
N0076V3S1A37R2.avi,1,37,3,2,76
N0220V2S1A41R2.avi,1,41,2,2,220
N0186V2S1A09R2.avi,1,9,2,2,186
N0196V3S1A23R2.avi,1,23,3,2,196
N0088V3S1A35R2.avi,1,35,3,2,88
N0109V1S1A39R2.avi,1,39,1,2,109
N0128V3S1A28R2.avi,1,28,3,2,128
N0038V1S1A28R2.avi,1,28,1,2,38
N0286V3S1A48R2.avi,1,48,3,2,286
N0175V3S1A21R2.avi,1,21,3,2,175
N0258V2S1A29R2.avi,1,29,2,2,258
N0137V2S1A02R2.avi,1,2,2,2,137
N0119V2S1A42R2.avi,1,42,2,2,119
N0241V1S1A07R2.avi,1,7,1,2,241
N0127V3S1A20R2.avi,1,20,3,2,127
N0196V1S1A17R2.avi,1,17,1,2,196
N0286V3S1A01R2.avi,1,1,3,2,286
N0276V3S1A28R1.avi,1,28,3,1,276
N0227V1S1A35R2.avi,1,35,1,2,227
N0029V3S1A38R2.avi,1,38,3,2,29
N0232V1S1A33R2.avi,1,33,1,2,232
N0058V3S1A13R2.avi,1,13,3,2,58
N0151V1S1A23R2.avi,1,23,1,2,151
N0234V2S1A16R2.avi,1,16,2,2,234
N0150V1S1A11R2.avi,1,11,1,2,150
N0237V2S1A35R2.avi,1,35,2,2,237
N0242V1S1A22R2.avi,1,22,1,2,242
N0211V2S1A46R2.avi,1,46,2,2,211
N0021V1S1A17R2.avi,1,17,1,2,21
N0182V2S1A29R2.avi,1,29,2,2,182
N0027V1S1A04R2.avi,1,4,1,2,27
N0252V1S1A23R2.avi,1,23,1,2,252
N0138V3S1A09R2.avi,1,9,3,2,138
N0222V2S1A08R2.avi,1,8,2,2,222
N0335V1S1A46R0.avi,1,46,1,0,335
N0230V1S1A02R2.avi,1,2,1,2,230
N0356V3S1A38R2.avi,1,38,3,2,356
N0267V1S1A47R2.avi,1,47,1,2,267
N0091V3S1A45R2.avi,1,45,3,2,91
N0049V2S1A20R2.avi,1,20,2,2,49
N0124V3S1A26R2.avi,1,26,3,2,124
N0167V1S1A05R2.avi,1,5,1,2,167
N0047V2S1A11R2.avi,1,11,2,2,47
N0268V2S1A23R2.avi,1,23,2,2,268
N0334V1S1A03R2.avi,1,3,1,2,334
N0352V2S1A48R2.avi,1,48,2,2,352
N0127V3S1A17R2.avi,1,17,3,2,127
N0230V1S1A33R2.avi,1,33,1,2,230
N0100V3S1A37R2.avi,1,37,3,2,100
N0106V1S1A23R2.avi,1,23,1,2,106
N0071V1S1A44R2.avi,1,44,1,2,71
N0158V2S1A02R2.avi,1,2,2,2,158
N0280V2S1A37R2.avi,1,37,2,2,280
N0222V3S1A37R2.avi,1,37,3,2,222
N0098V3S1A05R2.avi,1,5,3,2,98
N0120V2S1A41R2.avi,1,41,2,2,120
N0151V3S1A38R2.avi,1,38,3,2,151
N0090V2S1A29R2.avi,1,29,2,2,90
N0200V2S1A45R2.avi,1,45,2,2,200
N0288V2S1A50R2.avi,1,50,2,2,288
N0010V3S1A18R0.avi,1,18,3,0,10
N0170V3S1A50R2.avi,1,50,3,2,170
N0240V2S1A31R2.avi,1,31,2,2,240
N0113V3S1A15R2.avi,1,15,3,2,113
N0092V1S1A25R2.avi,1,25,1,2,92
N0069V2S1A41R2.avi,1,41,2,2,69
N0219V3S1A07R2.avi,1,7,3,2,219
N0182V2S1A10R2.avi,1,10,2,2,182
N0169V3S1A38R2.avi,1,38,3,2,169
N0231V3S1A02R2.avi,1,2,3,2,231
N0050V1S1A48R2.avi,1,48,1,2,50
N0016V1S1A01R2.avi,1,1,1,2,16
N0138V2S1A47R2.avi,1,47,2,2,138
N0100V2S1A01R2.avi,1,1,2,2,100
N0361V3S1A44R2.avi,1,44,3,2,361
N0215V2S1A16R2.avi,1,16,2,2,215
N0036V1S1A29R2.avi,1,29,1,2,36
N0171V3S1A31R2.avi,1,31,3,2,171
N0039V3S1A32R2.avi,1,32,3,2,39
N0014V3S1A16R2.avi,1,16,3,2,14
N0181V1S1A38R2.avi,1,38,1,2,181
N0013V1S1A32R2.avi,1,32,1,2,13
N0232V1S1A02R2.avi,1,2,1,2,232
N0226V2S1A29R2.avi,1,29,2,2,226
N0038V1S1A37R2.avi,1,37,1,2,38
N0361V3S1A38R2.avi,1,38,3,2,361
N0052V1S1A50R2.avi,1,50,1,2,52
N0122V1S1A29R2.avi,1,29,1,2,122
N0183V2S1A31R2.avi,1,31,2,2,183
N0003V2S1A05R2.avi,1,5,2,2,3
N0041V3S1A43R2.avi,1,43,3,2,41
N0144V2S1A18R2.avi,1,18,2,2,144
N0204V2S1A12R2.avi,1,12,2,2,204
N0110V1S1A41R2.avi,1,41,1,2,110
N0163V2S1A45R2.avi,1,45,2,2,163
N0088V3S1A51R2.avi,1,51,3,2,88
N0058V3S1A37R2.avi,1,37,3,2,58
N0338V2S1A26R2.avi,1,26,2,2,338
N0060V3S1A19R2.avi,1,19,3,2,60
N0242V1S1A34R2.avi,1,34,1,2,242
N0106V2S1A23R2.avi,1,23,2,2,106
N0039V3S1A41R2.avi,1,41,3,2,39
N0104V2S1A14R2.avi,1,14,2,2,104
N0172V3S1A47R2.avi,1,47,3,2,172
N0152V2S1A37R2.avi,1,37,2,2,152
N0137V1S1A07R2.avi,1,7,1,2,137
N0189V1S1A43R2.avi,1,43,1,2,189
N0347V2S1A51R2.avi,1,51,2,2,347
N0242V3S1A33R2.avi,1,33,3,2,242
N0145V2S1A26R2.avi,1,26,2,2,145
N0265V3S1A38R2.avi,1,38,3,2,265
N0241V3S1A33R2.avi,1,33,3,2,241
N0148V1S1A35R2.avi,1,35,1,2,148
N0212V1S1A45R2.avi,1,45,1,2,212
N0279V3S1A46R2.avi,1,46,3,2,279
N0057V2S1A45R2.avi,1,45,2,2,57
N0090V3S1A48R2.avi,1,48,3,2,90
N0240V2S1A28R2.avi,1,28,2,2,240
N0360V1S1A22R2.avi,1,22,1,2,360
N0355V3S1A39R2.avi,1,39,3,2,355
N0251V1S1A07R2.avi,1,7,1,2,251
N0081V1S1A15R2.avi,1,15,1,2,81
N0078V2S1A33R2.avi,1,33,2,2,78
N0212V1S1A10R2.avi,1,10,1,2,212
N0137V2S1A38R2.avi,1,38,2,2,137
N0064V2S1A26R1.avi,1,26,2,1,64
N0089V2S1A38R2.avi,1,38,2,2,89
N0276V3S1A33R2.avi,1,33,3,2,276
N0153V1S1A09R2.avi,1,9,1,2,153
N0212V3S1A03R2.avi,1,3,3,2,212
N0286V2S1A33R2.avi,1,33,2,2,286
N0078V3S1A51R2.avi,1,51,3,2,78
N0050V2S1A10R2.avi,1,10,2,2,50
N0043V1S1A42R2.avi,1,42,1,2,43
N0021V3S1A06R2.avi,1,6,3,2,21
N0068V1S1A13R2.avi,1,13,1,2,68
N0039V3S1A15R2.avi,1,15,3,2,39
N0116V3S1A10R2.avi,1,10,3,2,116
N0016V2S1A51R2.avi,1,51,2,2,16
N0228V3S1A25R2.avi,1,25,3,2,228
N0359V2S1A14R2.avi,1,14,2,2,359
N0155V3S1A21R2.avi,1,21,3,2,155
N0278V1S1A50R2.avi,1,50,1,2,278
N0250V1S1A39R2.avi,1,39,1,2,250
N0184V2S1A21R2.avi,1,21,2,2,184
N0099V3S1A09R2.avi,1,9,3,2,99
N0242V1S1A13R2.avi,1,13,1,2,242
N0058V2S1A28R2.avi,1,28,2,2,58
N0347V2S1A02R2.avi,1,2,2,2,347
N0019V1S1A39R2.avi,1,39,1,2,19
N0256V1S1A04R2.avi,1,4,1,2,256
N0113V2S1A38R2.avi,1,38,2,2,113
N0187V3S1A44R2.avi,1,44,3,2,187
N0235V2S1A12R2.avi,1,12,2,2,235
N0176V2S1A51R2.avi,1,51,2,2,176
N0276V1S1A37R2.avi,1,37,1,2,276
N0361V3S1A11R2.avi,1,11,3,2,361
N0118V1S1A49R2.avi,1,49,1,2,118
N0274V1S1A01R2.avi,1,1,1,2,274
N0182V1S1A46R2.avi,1,46,1,2,182
N0257V2S1A13R2.avi,1,13,2,2,257
N0255V3S1A21R2.avi,1,21,3,2,255
N0263V1S1A07R2.avi,1,7,1,2,263
N0108V2S1A51R1.avi,1,51,2,1,108
N0049V1S1A39R2.avi,1,39,1,2,49
N0076V1S1A33R2.avi,1,33,1,2,76
N0197V2S1A06R2.avi,1,6,2,2,197
N0343V2S1A17R2.avi,1,17,2,2,343
N0010V2S1A34R2.avi,1,34,2,2,10
N0356V2S1A15R2.avi,1,15,2,2,356
N0067V2S1A31R2.avi,1,31,2,2,67
N0212V3S1A25R2.avi,1,25,3,2,212
N0098V1S1A36R2.avi,1,36,1,2,98
N0238V1S1A33R2.avi,1,33,1,2,238
N0345V3S1A38R2.avi,1,38,3,2,345
N0117V2S1A51R2.avi,1,51,2,2,117
N0252V1S1A50R2.avi,1,50,1,2,252
N0142V2S1A03R2.avi,1,3,2,2,142
N0105V2S1A24R2.avi,1,24,2,2,105
N0272V2S1A10R2.avi,1,10,2,2,272
N0001V2S1A32R2.avi,1,32,2,2,1
N0046V2S1A10R2.avi,1,10,2,2,46
N0186V2S1A28R2.avi,1,28,2,2,186
N0100V1S1A34R2.avi,1,34,1,2,100
N0361V3S1A10R2.avi,1,10,3,2,361
N0336V3S1A04R2.avi,1,4,3,2,336
N0241V1S1A34R2.avi,1,34,1,2,241
N0362V3S1A29R2.avi,1,29,3,2,362
N0098V2S1A48R2.avi,1,48,2,2,98
N0119V1S1A29R2.avi,1,29,1,2,119
N0162V1S1A28R2.avi,1,28,1,2,162
N0066V2S1A48R2.avi,1,48,2,2,66
N0071V2S1A29R2.avi,1,29,2,2,71
N0091V1S1A04R2.avi,1,4,1,2,91
N0005V3S1A12R2.avi,1,12,3,2,5
N0192V1S1A50R2.avi,1,50,1,2,192
N0074V2S1A18R2.avi,1,18,2,2,74
N0284V1S1A24R2.avi,1,24,1,2,284
N0082V3S1A25R2.avi,1,25,3,2,82
N0280V3S1A23R2.avi,1,23,3,2,280
N0018V1S1A03R2.avi,1,3,1,2,18
N0032V2S1A46R2.avi,1,46,2,2,32
N0006V1S1A36R1.avi,1,36,1,1,6
N0336V1S1A48R2.avi,1,48,1,2,336
N0115V1S1A24R2.avi,1,24,1,2,115
N0341V3S1A32R2.avi,1,32,3,2,341
N0013V3S1A20R2.avi,1,20,3,2,13
N0203V2S1A09R2.avi,1,9,2,2,203
N0286V2S1A41R2.avi,1,41,2,2,286
N0113V2S1A09R2.avi,1,9,2,2,113
N0221V2S1A43R2.avi,1,43,2,2,221
N0259V1S1A29R2.avi,1,29,1,2,259
N0112V1S1A40R2.avi,1,40,1,2,112
N0158V1S1A30R2.avi,1,30,1,2,158
N0062V1S1A40R2.avi,1,40,1,2,62
N0056V2S1A25R2.avi,1,25,2,2,56
N0269V3S1A29R2.avi,1,29,3,2,269
N0223V1S1A40R2.avi,1,40,1,2,223
N0241V1S1A22R2.avi,1,22,1,2,241
N0096V1S1A19R2.avi,1,19,1,2,96
N0218V2S1A47R2.avi,1,47,2,2,218
N0194V1S1A24R2.avi,1,24,1,2,194
N0107V3S1A23R2.avi,1,23,3,2,107
N0256V3S1A23R2.avi,1,23,3,2,256
N0035V1S1A27R2.avi,1,27,1,2,35
N0335V2S1A32R2.avi,1,32,2,2,335
N0153V2S1A20R2.avi,1,20,2,2,153
N0140V3S1A33R2.avi,1,33,3,2,140
N0210V2S1A23R2.avi,1,23,2,2,210
N0206V1S1A29R2.avi,1,29,1,2,206
N0109V2S1A19R2.avi,1,19,2,2,109
N0068V3S1A28R2.avi,1,28,3,2,68
N0341V2S1A44R2.avi,1,44,2,2,341
N0245V1S1A24R2.avi,1,24,1,2,245
N0016V3S1A38R2.avi,1,38,3,2,16
N0115V3S1A24R2.avi,1,24,3,2,115
N0097V3S1A29R2.avi,1,29,3,2,97
N0020V1S1A35R2.avi,1,35,1,2,20
N0077V2S1A45R2.avi,1,45,2,2,77
N0212V1S1A44R2.avi,1,44,1,2,212
N0202V3S1A23R2.avi,1,23,3,2,202
N0243V3S1A49R2.avi,1,49,3,2,243
N0074V1S1A18R2.avi,1,18,1,2,74
N0007V2S1A09R2.avi,1,9,2,2,7
N0262V1S1A33R2.avi,1,33,1,2,262
N0350V3S1A02R2.avi,1,2,3,2,350
N0128V1S1A29R2.avi,1,29,1,2,128
N0070V1S1A33R2.avi,1,33,1,2,70
N0101V3S1A07R2.avi,1,7,3,2,101
N0140V2S1A51R2.avi,1,51,2,2,140
N0189V3S1A29R2.avi,1,29,3,2,189
N0157V2S1A04R2.avi,1,4,2,2,157
N0026V2S1A08R2.avi,1,8,2,2,26
N0353V1S1A23R2.avi,1,23,1,2,353
N0250V1S1A41R2.avi,1,41,1,2,250
N0222V3S1A34R2.avi,1,34,3,2,222
N0167V2S1A43R2.avi,1,43,2,2,167
N0275V2S1A09R2.avi,1,9,2,2,275
N0264V2S1A13R2.avi,1,13,2,2,264
N0257V1S1A42R2.avi,1,42,1,2,257
N0092V1S1A33R2.avi,1,33,1,2,92
N0104V1S1A14R2.avi,1,14,1,2,104
N0274V2S1A20R2.avi,1,20,2,2,274
N0011V3S1A06R2.avi,1,6,3,2,11
N0097V2S1A38R2.avi,1,38,2,2,97
N0227V2S1A17R2.avi,1,17,2,2,227
N0014V1S1A14R2.avi,1,14,1,2,14
N0156V3S1A08R2.avi,1,8,3,2,156
N0270V2S1A18R2.avi,1,18,2,2,270
N0080V3S1A34R2.avi,1,34,3,2,80
N0252V1S1A22R2.avi,1,22,1,2,252
N0281V3S1A43R2.avi,1,43,3,2,281
N0066V2S1A39R2.avi,1,39,2,2,66
N0344V2S1A22R2.avi,1,22,2,2,344
N0078V1S1A37R2.avi,1,37,1,2,78
N0208V2S1A39R2.avi,1,39,2,2,208
N0116V1S1A19R2.avi,1,19,1,2,116
N0227V3S1A36R2.avi,1,36,3,2,227
N0160V2S1A33R2.avi,1,33,2,2,160
N0199V2S1A48R2.avi,1,48,2,2,199
N0164V1S1A26R2.avi,1,26,1,2,164
N0133V1S1A46R2.avi,1,46,1,2,133
N0029V1S1A08R2.avi,1,8,1,2,29
N0067V3S1A42R2.avi,1,42,3,2,67
N0129V1S1A09R2.avi,1,9,1,2,129
N0198V2S1A39R2.avi,1,39,2,2,198
N0076V1S1A30R2.avi,1,30,1,2,76
N0072V3S1A06R2.avi,1,6,3,2,72
N0147V3S1A19R2.avi,1,19,3,2,147
N0010V2S1A33R2.avi,1,33,2,2,10
N0361V2S1A31R2.avi,1,31,2,2,361
N0017V2S1A20R2.avi,1,20,2,2,17
N0043V1S1A22R2.avi,1,22,1,2,43
N0119V2S1A15R2.avi,1,15,2,2,119
N0129V1S1A05R2.avi,1,5,1,2,129
N0141V1S1A43R2.avi,1,43,1,2,141
N0138V1S1A02R2.avi,1,2,1,2,138
N0197V1S1A06R2.avi,1,6,1,2,197
N0361V1S1A48R2.avi,1,48,1,2,361
N0208V2S1A01R2.avi,1,1,2,2,208
N0200V3S1A02R2.avi,1,2,3,2,200
N0108V3S1A35R2.avi,1,35,3,2,108
N0101V1S1A17R2.avi,1,17,1,2,101
N0231V1S1A51R2.avi,1,51,1,2,231
N0047V1S1A42R2.avi,1,42,1,2,47
N0018V2S1A01R2.avi,1,1,2,2,18
N0072V1S1A05R2.avi,1,5,1,2,72
N0017V1S1A38R2.avi,1,38,1,2,17
N0242V3S1A32R2.avi,1,32,3,2,242
N0244V2S1A26R1.avi,1,26,2,1,244
N0281V1S1A05R2.avi,1,5,1,2,281
N0243V2S1A29R2.avi,1,29,2,2,243
N0169V3S1A15R2.avi,1,15,3,2,169
N0050V3S1A48R2.avi,1,48,3,2,50
N0147V1S1A39R2.avi,1,39,1,2,147
N0169V2S1A15R2.avi,1,15,2,2,169
N0262V1S1A38R2.avi,1,38,1,2,262
N0061V1S1A41R2.avi,1,41,1,2,61
N0223V2S1A29R2.avi,1,29,2,2,223
N0351V3S1A44R2.avi,1,44,3,2,351
N0027V2S1A22R2.avi,1,22,2,2,27
N0288V1S1A33R2.avi,1,33,1,2,288
N0201V1S1A38R2.avi,1,38,1,2,201
N0226V3S1A47R2.avi,1,47,3,2,226
N0140V2S1A09R2.avi,1,9,2,2,140
N0136V3S1A19R2.avi,1,19,3,2,136
N0244V1S1A26R1.avi,1,26,1,1,244
N0237V2S1A32R2.avi,1,32,2,2,237
N0197V3S1A31R2.avi,1,31,3,2,197
N0336V3S1A32R2.avi,1,32,3,2,336
N0081V3S1A22R2.avi,1,22,3,2,81
N0269V3S1A33R2.avi,1,33,3,2,269
N0216V3S1A34R2.avi,1,34,3,2,216
N0197V2S1A11R2.avi,1,11,2,2,197
N0178V1S1A33R2.avi,1,33,1,2,178
N0033V2S1A38R2.avi,1,38,2,2,33
N0285V2S1A14R2.avi,1,14,2,2,285
N0131V1S1A48R2.avi,1,48,1,2,131
N0151V2S1A19R2.avi,1,19,2,2,151
N0200V1S1A43R2.avi,1,43,1,2,200
N0082V3S1A28R0.avi,1,28,3,0,82
N0014V3S1A24R2.avi,1,24,3,2,14
N0187V2S1A20R2.avi,1,20,2,2,187
N0216V3S1A04R2.avi,1,4,3,2,216
N0227V1S1A48R2.avi,1,48,1,2,227
N0228V3S1A48R2.avi,1,48,3,2,228
N0009V3S1A22R2.avi,1,22,3,2,9
N0172V1S1A06R2.avi,1,6,1,2,172
N0231V2S1A32R2.avi,1,32,2,2,231
N0266V1S1A11R2.avi,1,11,1,2,266
N0128V2S1A28R2.avi,1,28,2,2,128
N0158V2S1A36R2.avi,1,36,2,2,158
N0012V2S1A02R2.avi,1,2,2,2,12
N0339V1S1A12R2.avi,1,12,1,2,339
N0146V3S1A33R2.avi,1,33,3,2,146
N0079V3S1A29R2.avi,1,29,3,2,79
N0253V1S1A34R2.avi,1,34,1,2,253
N0346V2S1A41R1.avi,1,41,2,1,346
N0133V2S1A45R2.avi,1,45,2,2,133
N0044V3S1A26R2.avi,1,26,3,2,44
N0176V3S1A30R2.avi,1,30,3,2,176
N0351V1S1A49R2.avi,1,49,1,2,351
N0109V3S1A41R2.avi,1,41,3,2,109
N0351V3S1A11R2.avi,1,11,3,2,351
N0018V2S1A30R2.avi,1,30,2,2,18
N0270V1S1A27R1.avi,1,27,1,1,270
N0126V1S1A19R2.avi,1,19,1,2,126
N0063V1S1A38R2.avi,1,38,1,2,63
N0337V1S1A45R2.avi,1,45,1,2,337
N0038V2S1A17R2.avi,1,17,2,2,38
N0155V3S1A26R2.avi,1,26,3,2,155
N0046V1S1A10R2.avi,1,10,1,2,46
N0028V1S1A09R2.avi,1,9,1,2,28
N0195V2S1A14R2.avi,1,14,2,2,195
N0011V3S1A07R2.avi,1,7,3,2,11
N0132V3S1A38R2.avi,1,38,3,2,132
N0207V3S1A40R2.avi,1,40,3,2,207
N0072V3S1A46R2.avi,1,46,3,2,72
N0207V2S1A41R2.avi,1,41,2,2,207
N0256V2S1A22R2.avi,1,22,2,2,256
N0175V3S1A26R1.avi,1,26,3,1,175
N0334V3S1A02R2.avi,1,2,3,2,334
N0152V1S1A02R2.avi,1,2,1,2,152
N0197V2S1A17R2.avi,1,17,2,2,197
N0131V1S1A30R2.avi,1,30,1,2,131
N0160V1S1A28R2.avi,1,28,1,2,160
N0132V2S1A07R2.avi,1,7,2,2,132
N0050V1S1A47R2.avi,1,47,1,2,50
N0133V2S1A51R2.avi,1,51,2,2,133
N0129V2S1A15R2.avi,1,15,2,2,129
N0200V2S1A38R2.avi,1,38,2,2,200
N0017V3S1A06R2.avi,1,6,3,2,17
N0170V3S1A47R2.avi,1,47,3,2,170
N0276V1S1A25R2.avi,1,25,1,2,276
N0047V1S1A22R2.avi,1,22,1,2,47
N0113V3S1A13R2.avi,1,13,3,2,113
N0049V2S1A45R2.avi,1,45,2,2,49
N0069V1S1A41R2.avi,1,41,1,2,69
N0028V3S1A09R2.avi,1,9,3,2,28
N0119V1S1A46R2.avi,1,46,1,2,119
N0089V2S1A39R2.avi,1,39,2,2,89
N0159V1S1A09R2.avi,1,9,1,2,159
N0261V3S1A26R2.avi,1,26,3,2,261
N0228V3S1A28R2.avi,1,28,3,2,228
N0102V2S1A34R2.avi,1,34,2,2,102
N0191V3S1A06R2.avi,1,6,3,2,191
N0237V2S1A34R2.avi,1,34,2,2,237
N0193V3S1A09R2.avi,1,9,3,2,193
N0023V3S1A38R2.avi,1,38,3,2,23
N0193V1S1A11R2.avi,1,11,1,2,193
N0209V2S1A50R2.avi,1,50,2,2,209
N0053V2S1A09R2.avi,1,9,2,2,53
N0192V3S1A49R2.avi,1,49,3,2,192
N0355V1S1A34R2.avi,1,34,1,2,355
N0120V2S1A23R2.avi,1,23,2,2,120
N0162V1S1A29R2.avi,1,29,1,2,162
N0250V2S1A01R2.avi,1,1,2,2,250
N0183V3S1A41R2.avi,1,41,3,2,183
N0228V2S1A29R2.avi,1,29,2,2,228
N0001V1S1A19R2.avi,1,19,1,2,1
N0022V2S1A50R2.avi,1,50,2,2,22
N0217V3S1A35R2.avi,1,35,3,2,217
N0183V2S1A41R2.avi,1,41,2,2,183
N0229V2S1A09R2.avi,1,9,2,2,229
N0164V3S1A24R2.avi,1,24,3,2,164
N0216V2S1A38R2.avi,1,38,2,2,216
N0143V3S1A13R2.avi,1,13,3,2,143
N0037V1S1A42R2.avi,1,42,1,2,37
N0067V1S1A43R2.avi,1,43,1,2,67
N0099V3S1A25R2.avi,1,25,3,2,99
N0057V2S1A22R2.avi,1,22,2,2,57
N0182V1S1A30R2.avi,1,30,1,2,182
N0227V1S1A50R2.avi,1,50,1,2,227
N0180V2S1A40R2.avi,1,40,2,2,180
N0259V2S1A50R2.avi,1,50,2,2,259
N0182V3S1A49R2.avi,1,49,3,2,182
N0159V1S1A41R2.avi,1,41,1,2,159
N0051V1S1A29R2.avi,1,29,1,2,51
N0356V1S1A36R2.avi,1,36,1,2,356
N0064V1S1A27R2.avi,1,27,1,2,64
N0173V1S1A38R2.avi,1,38,1,2,173
N0181V1S1A01R2.avi,1,1,1,2,181
N0029V1S1A20R2.avi,1,20,1,2,29
N0099V3S1A31R2.avi,1,31,3,2,99
N0168V1S1A29R2.avi,1,29,1,2,168
N0141V1S1A32R2.avi,1,32,1,2,141
N0082V3S1A48R2.avi,1,48,3,2,82
N0160V1S1A29R2.avi,1,29,1,2,160
N0351V1S1A38R2.avi,1,38,1,2,351
N0051V2S1A31R2.avi,1,31,2,2,51
N0256V1S1A03R1.avi,1,3,1,1,256
N0006V1S1A40R2.avi,1,40,1,2,6
N0007V1S1A17R2.avi,1,17,1,2,7
N0087V2S1A40R1.avi,1,40,2,1,87
N0043V2S1A32R2.avi,1,32,2,2,43
N0098V2S1A40R2.avi,1,40,2,2,98
N0024V2S1A16R2.avi,1,16,2,2,24
N0241V3S1A38R2.avi,1,38,3,2,241
N0260V3S1A16R2.avi,1,16,3,2,260
N0122V3S1A22R2.avi,1,22,3,2,122
N0266V2S1A37R2.avi,1,37,2,2,266
N0227V2S1A19R2.avi,1,19,2,2,227
N0167V2S1A07R2.avi,1,7,2,2,167
N0142V3S1A30R2.avi,1,30,3,2,142
N0203V1S1A43R2.avi,1,43,1,2,203
N0112V1S1A08R2.avi,1,8,1,2,112
N0052V2S1A30R2.avi,1,30,2,2,52
N0088V1S1A13R2.avi,1,13,1,2,88
N0199V1S1A47R2.avi,1,47,1,2,199
N0225V2S1A12R2.avi,1,12,2,2,225
N0157V2S1A19R2.avi,1,19,2,2,157
N0052V2S1A49R2.avi,1,49,2,2,52
N0265V1S1A15R2.avi,1,15,1,2,265
N0264V2S1A47R2.avi,1,47,2,2,264
N0241V3S1A05R2.avi,1,5,3,2,241
N0258V1S1A17R2.avi,1,17,1,2,258
N0202V2S1A34R2.avi,1,34,2,2,202
N0211V3S1A19R2.avi,1,19,3,2,211
N0192V2S1A34R2.avi,1,34,2,2,192
N0141V3S1A02R2.avi,1,2,3,2,141
N0138V3S1A02R2.avi,1,2,3,2,138
N0098V3S1A29R2.avi,1,29,3,2,98
N0191V2S1A50R2.avi,1,50,2,2,191
N0268V3S1A29R2.avi,1,29,3,2,268
N0198V3S1A05R2.avi,1,5,3,2,198
N0073V3S1A22R2.avi,1,22,3,2,73
N0037V1S1A15R2.avi,1,15,1,2,37
N0259V3S1A19R2.avi,1,19,3,2,259
N0171V3S1A05R2.avi,1,5,3,2,171
N0111V1S1A46R2.avi,1,46,1,2,111
N0135V2S1A16R2.avi,1,16,2,2,135
N0149V1S1A11R2.avi,1,11,1,2,149
N0227V3S1A42R2.avi,1,42,3,2,227
N0164V1S1A12R2.avi,1,12,1,2,164
N0252V1S1A17R2.avi,1,17,1,2,252
N0121V3S1A49R2.avi,1,49,3,2,121
N0213V3S1A41R2.avi,1,41,3,2,213
N0064V3S1A14R2.avi,1,14,3,2,64
N0018V3S1A33R2.avi,1,33,3,2,18
N0079V1S1A08R2.avi,1,8,1,2,79
N0356V1S1A48R2.avi,1,48,1,2,356
N0276V1S1A04R2.avi,1,4,1,2,276
N0071V3S1A11R2.avi,1,11,3,2,71
N0261V3S1A18R2.avi,1,18,3,2,261
N0213V3S1A22R2.avi,1,22,3,2,213
N0009V2S1A38R2.avi,1,38,2,2,9
N0031V1S1A31R1.avi,1,31,1,1,31
N0017V3S1A29R2.avi,1,29,3,2,17
N0250V3S1A41R2.avi,1,41,3,2,250
N0279V3S1A34R2.avi,1,34,3,2,279
N0040V2S1A02R2.avi,1,2,2,2,40
N0186V2S1A49R2.avi,1,49,2,2,186
N0265V2S1A46R2.avi,1,46,2,2,265
N0051V1S1A09R2.avi,1,9,1,2,51
N0029V2S1A31R2.avi,1,31,2,2,29
N0228V1S1A08R2.avi,1,8,1,2,228
N0277V2S1A51R2.avi,1,51,2,2,277
N0088V2S1A29R2.avi,1,29,2,2,88
N0038V3S1A03R2.avi,1,3,3,2,38
N0077V2S1A20R2.avi,1,20,2,2,77
N0335V3S1A29R2.avi,1,29,3,2,335
N0361V1S1A31R2.avi,1,31,1,2,361
N0213V2S1A11R2.avi,1,11,2,2,213
N0236V3S1A49R2.avi,1,49,3,2,236
N0124V1S1A14R2.avi,1,14,1,2,124
N0269V1S1A44R2.avi,1,44,1,2,269
N0188V2S1A48R2.avi,1,48,2,2,188
N0351V2S1A10R2.avi,1,10,2,2,351
N0288V3S1A47R2.avi,1,47,3,2,288
N0178V1S1A48R2.avi,1,48,1,2,178
N0197V3S1A06R2.avi,1,6,3,2,197
N0286V2S1A01R2.avi,1,1,2,2,286
N0157V2S1A06R2.avi,1,6,2,2,157
N0362V2S1A42R2.avi,1,42,2,2,362
N0265V3S1A22R2.avi,1,22,3,2,265
N0252V2S1A40R2.avi,1,40,2,2,252
N0183V1S1A31R2.avi,1,31,1,2,183
N0084V1S1A21R2.avi,1,21,1,2,84
N0002V3S1A36R2.avi,1,36,3,2,2
N0177V3S1A42R2.avi,1,42,3,2,177
N0202V1S1A38R2.avi,1,38,1,2,202
N0071V1S1A05R2.avi,1,5,1,2,71
N0279V3S1A36R2.avi,1,36,3,2,279
N0061V1S1A50R2.avi,1,50,1,2,61
N0090V3S1A19R2.avi,1,19,3,2,90
N0016V2S1A34R2.avi,1,34,2,2,16
N0076V2S1A01R2.avi,1,1,2,2,76
N0289V1S1A08R2.avi,1,8,1,2,289
N0156V3S1A48R2.avi,1,48,3,2,156
N0275V3S1A15R2.avi,1,15,3,2,275
N0344V2S1A05R2.avi,1,5,2,2,344
N0097V3S1A44R2.avi,1,44,3,2,97
N0001V1S1A10R2.avi,1,10,1,2,1
N0171V2S1A06R2.avi,1,6,2,2,171
N0263V2S1A29R2.avi,1,29,2,2,263
N0133V3S1A46R2.avi,1,46,3,2,133
N0189V3S1A44R2.avi,1,44,3,2,189
N0148V1S1A25R2.avi,1,25,1,2,148
N0272V2S1A11R2.avi,1,11,2,2,272
N0144V1S1A14R2.avi,1,14,1,2,144
N0228V2S1A31R2.avi,1,31,2,2,228
N0223V3S1A32R2.avi,1,32,3,2,223
N0276V1S1A38R2.avi,1,38,1,2,276
N0198V3S1A15R2.avi,1,15,3,2,198
N0168V2S1A49R2.avi,1,49,2,2,168
N0203V1S1A05R2.avi,1,5,1,2,203
N0121V1S1A39R2.avi,1,39,1,2,121
N0143V1S1A17R2.avi,1,17,1,2,143
N0227V3S1A46R2.avi,1,46,3,2,227
N0049V3S1A43R2.avi,1,43,3,2,49
N0355V3S1A10R2.avi,1,10,3,2,355
N0276V1S1A49R2.avi,1,49,1,2,276
N0043V2S1A04R2.avi,1,4,2,2,43
N0116V2S1A09R2.avi,1,9,2,2,116
N0131V1S1A15R2.avi,1,15,1,2,131
N0060V1S1A51R2.avi,1,51,1,2,60
N0177V2S1A29R2.avi,1,29,2,2,177
N0282V2S1A48R2.avi,1,48,2,2,282
N0171V2S1A29R2.avi,1,29,2,2,171
N0257V3S1A05R2.avi,1,5,3,2,257
N0137V3S1A10R2.avi,1,10,3,2,137
N0029V3S1A09R1.avi,1,9,3,1,29
N0274V1S1A45R2.avi,1,45,1,2,274
N0190V3S1A08R2.avi,1,8,3,2,190
N0263V2S1A44R2.avi,1,44,2,2,263
N0068V1S1A07R2.avi,1,7,1,2,68
N0016V1S1A10R2.avi,1,10,1,2,16
N0173V3S1A38R2.avi,1,38,3,2,173
N0241V2S1A44R2.avi,1,44,2,2,241
N0096V3S1A08R2.avi,1,8,3,2,96
N0289V2S1A36R2.avi,1,36,2,2,289
N0201V1S1A39R2.avi,1,39,1,2,201
N0190V2S1A29R2.avi,1,29,2,2,190
N0172V2S1A50R2.avi,1,50,2,2,172
N0011V1S1A05R2.avi,1,5,1,2,11
N0126V2S1A10R2.avi,1,10,2,2,126
N0143V3S1A07R2.avi,1,7,3,2,143
N0032V1S1A37R2.avi,1,37,1,2,32
N0018V2S1A36R2.avi,1,36,2,2,18
N0112V1S1A19R2.avi,1,19,1,2,112
N0178V2S1A28R2.avi,1,28,2,2,178
N0052V2S1A28R2.avi,1,28,2,2,52
N0002V2S1A01R2.avi,1,1,2,2,2
N0086V2S1A37R2.avi,1,37,2,2,86
N0345V2S1A45R2.avi,1,45,2,2,345
N0288V2S1A45R2.avi,1,45,2,2,288
N0342V1S1A04R2.avi,1,4,1,2,342
N0072V2S1A50R2.avi,1,50,2,2,72
N0114V1S1A18R2.avi,1,18,1,2,114
N0042V1S1A37R2.avi,1,37,1,2,42
N0122V2S1A45R2.avi,1,45,2,2,122
N0348V3S1A16R2.avi,1,16,3,2,348
N0169V3S1A42R2.avi,1,42,3,2,169
N0228V1S1A50R2.avi,1,50,1,2,228
N0119V3S1A20R2.avi,1,20,3,2,119
N0227V3S1A37R2.avi,1,37,3,2,227
N0022V3S1A35R2.avi,1,35,3,2,22
N0181V1S1A29R2.avi,1,29,1,2,181
N0267V2S1A32R2.avi,1,32,2,2,267
N0344V2S1A08R2.avi,1,8,2,2,344
N0335V2S1A11R2.avi,1,11,2,2,335
N0189V2S1A42R1.avi,1,42,2,1,189
N0108V3S1A37R2.avi,1,37,3,2,108
N0050V2S1A34R2.avi,1,34,2,2,50
N0045V2S1A16R2.avi,1,16,2,2,45
N0224V3S1A18R1.avi,1,18,3,1,224
N0047V2S1A17R2.avi,1,17,2,2,47
N0152V2S1A36R1.avi,1,36,2,1,152
N0336V2S1A04R2.avi,1,4,2,2,336
N0071V2S1A09R2.avi,1,9,2,2,71
N0133V3S1A31R2.avi,1,31,3,2,133
N0090V3S1A47R2.avi,1,47,3,2,90
N0224V3S1A24R2.avi,1,24,3,2,224
N0343V2S1A38R2.avi,1,38,2,2,343
N0171V2S1A19R2.avi,1,19,2,2,171
N0080V1S1A30R2.avi,1,30,1,2,80
N0255V1S1A14R2.avi,1,14,1,2,255
N0212V3S1A37R2.avi,1,37,3,2,212
N0042V3S1A05R2.avi,1,5,3,2,42
N0208V1S1A44R1.avi,1,44,1,1,208
N0341V1S1A48R2.avi,1,48,1,2,341
N0096V2S1A42R2.avi,1,42,2,2,96
N0197V3S1A17R2.avi,1,17,3,2,197
N0067V1S1A45R2.avi,1,45,1,2,67
N0218V1S1A50R2.avi,1,50,1,2,218
N0017V3S1A05R2.avi,1,5,3,2,17
N0163V1S1A45R2.avi,1,45,1,2,163
N0266V3S1A48R2.avi,1,48,3,2,266
N0356V1S1A20R2.avi,1,20,1,2,356
N0250V2S1A17R2.avi,1,17,2,2,250
N0239V1S1A15R2.avi,1,15,1,2,239
N0335V1S1A13R2.avi,1,13,1,2,335
N0091V3S1A43R2.avi,1,43,3,2,91
N0252V2S1A34R2.avi,1,34,2,2,252
N0182V2S1A06R2.avi,1,6,2,2,182
N0228V2S1A43R2.avi,1,43,2,2,228
N0117V2S1A30R2.avi,1,30,2,2,117
N0200V1S1A49R2.avi,1,49,1,2,200
N0243V3S1A25R2.avi,1,25,3,2,243
N0211V1S1A32R2.avi,1,32,1,2,211
N0173V2S1A17R2.avi,1,17,2,2,173
N0342V2S1A38R2.avi,1,38,2,2,342
N0260V1S1A16R2.avi,1,16,1,2,260
N0180V1S1A40R2.avi,1,40,1,2,180
N0357V2S1A17R2.avi,1,17,2,2,357
N0004V2S1A12R2.avi,1,12,2,2,4
N0083V3S1A41R2.avi,1,41,3,2,83
N0078V3S1A35R2.avi,1,35,3,2,78
N0093V3S1A38R2.avi,1,38,3,2,93
N0208V2S1A41R2.avi,1,41,2,2,208
N0243V2S1A46R2.avi,1,46,2,2,243
N0334V2S1A51R2.avi,1,51,2,2,334
N0171V2S1A07R2.avi,1,7,2,2,171
N0351V2S1A36R2.avi,1,36,2,2,351
N0097V3S1A48R2.avi,1,48,3,2,97
N0229V1S1A30R2.avi,1,30,1,2,229
N0173V1S1A40R2.avi,1,40,1,2,173
N0060V3S1A35R2.avi,1,35,3,2,60
N0086V3S1A02R2.avi,1,2,3,2,86
N0264V1S1A34R2.avi,1,34,1,2,264
N0213V1S1A11R2.avi,1,11,1,2,213
N0166V3S1A08R2.avi,1,8,3,2,166
N0256V1S1A41R2.avi,1,41,1,2,256
N0027V3S1A06R2.avi,1,6,3,2,27
N0236V2S1A17R2.avi,1,17,2,2,236
N0004V3S1A21R2.avi,1,21,3,2,4
N0139V1S1A49R2.avi,1,49,1,2,139
N0107V2S1A09R2.avi,1,9,2,2,107
N0201V3S1A29R2.avi,1,29,3,2,201
N0028V1S1A51R2.avi,1,51,1,2,28
N0206V2S1A50R2.avi,1,50,2,2,206
N0099V2S1A31R2.avi,1,31,2,2,99
N0043V1S1A15R2.avi,1,15,1,2,43
N0147V3S1A22R2.avi,1,22,3,2,147
N0127V3S1A25R2.avi,1,25,3,2,127
N0088V1S1A36R2.avi,1,36,1,2,88
N0086V3S1A33R2.avi,1,33,3,2,86
N0354V3S1A41R2.avi,1,41,3,2,354
N0336V1S1A04R2.avi,1,4,1,2,336
N0201V3S1A07R1.avi,1,7,3,1,201
N0023V3S1A23R1.avi,1,23,3,1,23
N0089V3S1A22R2.avi,1,22,3,2,89
N0163V3S1A40R2.avi,1,40,3,2,163
N0061V2S1A05R2.avi,1,5,2,2,61
N0226V3S1A07R2.avi,1,7,3,2,226
N0280V3S1A11R2.avi,1,11,3,2,280
N0092V1S1A01R2.avi,1,1,1,2,92
N0038V1S1A34R2.avi,1,34,1,2,38
N0068V1S1A05R2.avi,1,5,1,2,68
N0071V3S1A29R2.avi,1,29,3,2,71
N0166V3S1A10R2.avi,1,10,3,2,166
N0020V3S1A49R1.avi,1,49,3,1,20
N0207V1S1A11R2.avi,1,11,1,2,207
N0203V1S1A15R2.avi,1,15,1,2,203
N0134V2S1A14R2.avi,1,14,2,2,134
N0356V1S1A49R2.avi,1,49,1,2,356
N0165V3S1A21R2.avi,1,21,3,2,165
N0038V3S1A06R2.avi,1,6,3,2,38
N0276V2S1A48R2.avi,1,48,2,2,276
N0240V3S1A38R2.avi,1,38,3,2,240
N0287V2S1A44R2.avi,1,44,2,2,287
N0233V3S1A06R2.avi,1,6,3,2,233
N0138V3S1A48R2.avi,1,48,3,2,138
N0219V2S1A22R2.avi,1,22,2,2,219
N0356V2S1A13R2.avi,1,13,2,2,356
N0360V2S1A40R2.avi,1,40,2,2,360
N0060V2S1A28R2.avi,1,28,2,2,60
N0143V1S1A43R2.avi,1,43,1,2,143
N0081V2S1A32R2.avi,1,32,2,2,81
N0020V1S1A02R2.avi,1,2,1,2,20
N0049V3S1A44R2.avi,1,44,3,2,49
N0170V2S1A29R2.avi,1,29,2,2,170
N0177V1S1A38R2.avi,1,38,1,2,177
N0145V2S1A14R2.avi,1,14,2,2,145
N0342V1S1A05R2.avi,1,5,1,2,342
N0156V3S1A09R2.avi,1,9,3,2,156
N0096V3S1A40R2.avi,1,40,3,2,96
N0282V1S1A33R2.avi,1,33,1,2,282
N0065V2S1A27R2.avi,1,27,2,2,65
N0220V1S1A51R2.avi,1,51,1,2,220
N0013V1S1A44R0.avi,1,44,1,0,13
N0275V3S1A11R2.avi,1,11,3,2,275
N0128V3S1A01R2.avi,1,1,3,2,128
N0011V1S1A06R2.avi,1,6,1,2,11
N0150V2S1A43R2.avi,1,43,2,2,150
N0050V2S1A33R2.avi,1,33,2,2,50
N0041V3S1A41R2.avi,1,41,3,2,41
N0334V3S1A20R2.avi,1,20,3,2,334
N0154V2S1A14R2.avi,1,14,2,2,154
N0014V3S1A27R2.avi,1,27,3,2,14
N0335V3S1A49R2.avi,1,49,3,2,335
N0257V1S1A39R2.avi,1,39,1,2,257
N0211V3S1A09R2.avi,1,9,3,2,211
N0106V3S1A30R2.avi,1,30,3,2,106
N0162V3S1A06R2.avi,1,6,3,2,162
N0253V1S1A39R2.avi,1,39,1,2,253
N0268V2S1A35R2.avi,1,35,2,2,268
N0021V3S1A43R2.avi,1,43,3,2,21
N0239V2S1A32R2.avi,1,32,2,2,239
N0357V1S1A08R2.avi,1,8,1,2,357
N0219V1S1A41R2.avi,1,41,1,2,219
N0152V3S1A37R2.avi,1,37,3,2,152
N0036V3S1A39R2.avi,1,39,3,2,36
N0112V3S1A49R2.avi,1,49,3,2,112
N0127V3S1A29R2.avi,1,29,3,2,127
N0200V1S1A03R2.avi,1,3,1,2,200
N0269V1S1A46R2.avi,1,46,1,2,269
N0058V3S1A40R2.avi,1,40,3,2,58
N0042V3S1A47R2.avi,1,47,3,2,42
N0110V3S1A41R2.avi,1,41,3,2,110
N0224V1S1A18R1.avi,1,18,1,1,224
N0174V3S1A26R1.avi,1,26,3,1,174
N0116V3S1A19R2.avi,1,19,3,2,116
N0270V1S1A16R2.avi,1,16,1,2,270
N0199V1S1A08R2.avi,1,8,1,2,199
N0360V3S1A40R2.avi,1,40,3,2,360
N0254V1S1A12R2.avi,1,12,1,2,254
N0207V3S1A06R2.avi,1,6,3,2,207
N0152V3S1A46R2.avi,1,46,3,2,152
N0056V2S1A28R2.avi,1,28,2,2,56
N0074V2S1A14R2.avi,1,14,2,2,74
N0023V3S1A42R2.avi,1,42,3,2,23
N0204V3S1A26R2.avi,1,26,3,2,204
N0201V1S1A17R2.avi,1,17,1,2,201
N0262V1S1A40R2.avi,1,40,1,2,262
N0273V2S1A46R2.avi,1,46,2,2,273
N0092V1S1A51R2.avi,1,51,1,2,92
N0189V2S1A41R2.avi,1,41,2,2,189
N0067V3S1A04R2.avi,1,4,3,2,67
N0092V3S1A25R2.avi,1,25,3,2,92
N0141V2S1A22R2.avi,1,22,2,2,141
N0345V1S1A29R2.avi,1,29,1,2,345
N0223V3S1A05R2.avi,1,5,3,2,223
N0123V3S1A43R2.avi,1,43,3,2,123
N0162V2S1A10R2.avi,1,10,2,2,162
N0284V3S1A12R2.avi,1,12,3,2,284
N0208V3S1A38R2.avi,1,38,3,2,208
N0078V3S1A47R2.avi,1,47,3,2,78
N0038V1S1A25R2.avi,1,25,1,2,38
N0011V1S1A40R2.avi,1,40,1,2,11
N0135V1S1A14R2.avi,1,14,1,2,135
N0362V2S1A33R2.avi,1,33,2,2,362
N0357V1S1A02R2.avi,1,2,1,2,357
N0268V3S1A22R2.avi,1,22,3,2,268
N0149V1S1A07R2.avi,1,7,1,2,149
N0139V3S1A29R2.avi,1,29,3,2,139
N0358V1S1A18R2.avi,1,18,1,2,358
N0130V2S1A28R0.avi,1,28,2,0,130
N0041V1S1A29R2.avi,1,29,1,2,41
N0026V1S1A33R2.avi,1,33,1,2,26
N0216V3S1A45R2.avi,1,45,3,2,216
N0274V2S1A29R2.avi,1,29,2,2,274
N0265V2S1A50R2.avi,1,50,2,2,265
N0266V2S1A17R2.avi,1,17,2,2,266
N0193V3S1A20R2.avi,1,20,3,2,193
N0126V3S1A37R2.avi,1,37,3,2,126
N0250V1S1A31R2.avi,1,31,1,2,250
N0178V3S1A08R2.avi,1,8,3,2,178
N0054V3S1A21R2.avi,1,21,3,2,54
N0073V1S1A32R2.avi,1,32,1,2,73
N0217V1S1A10R1.avi,1,10,1,1,217
N0272V1S1A33R2.avi,1,33,1,2,272
N0071V2S1A41R2.avi,1,41,2,2,71
N0240V1S1A01R2.avi,1,1,1,2,240
N0172V3S1A35R2.avi,1,35,3,2,172
N0150V1S1A17R2.avi,1,17,1,2,150
N0345V3S1A48R2.avi,1,48,3,2,345
N0199V1S1A02R2.avi,1,2,1,2,199
N0138V3S1A35R2.avi,1,35,3,2,138
N0146V1S1A48R2.avi,1,48,1,2,146
N0151V1S1A10R2.avi,1,10,1,2,151
N0121V2S1A36R1.avi,1,36,2,1,121
N0129V1S1A13R2.avi,1,13,1,2,129
N0346V3S1A34R2.avi,1,34,3,2,346
N0217V1S1A15R2.avi,1,15,1,2,217
N0231V2S1A29R2.avi,1,29,2,2,231
N0252V1S1A28R2.avi,1,28,1,2,252
N0060V3S1A01R2.avi,1,1,3,2,60
N0102V2S1A25R2.avi,1,25,2,2,102
N0026V1S1A34R2.avi,1,34,1,2,26
N0077V3S1A45R2.avi,1,45,3,2,77
N0187V2S1A38R2.avi,1,38,2,2,187
N0119V1S1A42R2.avi,1,42,1,2,119
N0270V3S1A21R1.avi,1,21,3,1,270
N0351V3S1A39R2.avi,1,39,3,2,351
N0071V1S1A50R2.avi,1,50,1,2,71
N0026V2S1A29R2.avi,1,29,2,2,26
N0001V2S1A09R2.avi,1,9,2,2,1
N0053V1S1A09R2.avi,1,9,1,2,53
N0268V1S1A03R2.avi,1,3,1,2,268
N0287V1S1A34R2.avi,1,34,1,2,287
N0228V2S1A45R2.avi,1,45,2,2,228
N0025V3S1A14R2.avi,1,14,3,2,25
N0018V2S1A48R2.avi,1,48,2,2,18
N0086V1S1A23R2.avi,1,23,1,2,86
N0058V1S1A37R2.avi,1,37,1,2,58
N0209V1S1A13R2.avi,1,13,1,2,209
N0102V2S1A17R2.avi,1,17,2,2,102
N0209V1S1A05R2.avi,1,5,1,2,209
N0352V1S1A43R2.avi,1,43,1,2,352
N0176V1S1A36R2.avi,1,36,1,2,176
N0018V2S1A13R2.avi,1,13,2,2,18
N0072V2S1A40R2.avi,1,40,2,2,72
N0053V2S1A04R2.avi,1,4,2,2,53
N0038V1S1A40R2.avi,1,40,1,2,38
N0149V3S1A44R2.avi,1,44,3,2,149
N0240V3S1A23R2.avi,1,23,3,2,240
N0080V2S1A01R2.avi,1,1,2,2,80
N0244V1S1A18R2.avi,1,18,1,2,244
N0172V1S1A25R2.avi,1,25,1,2,172
N0179V2S1A29R2.avi,1,29,2,2,179
N0142V2S1A36R2.avi,1,36,2,2,142
N0262V2S1A51R2.avi,1,51,2,2,262
N0268V2S1A29R2.avi,1,29,2,2,268
N0038V1S1A06R2.avi,1,6,1,2,38
N0102V2S1A40R2.avi,1,40,2,2,102
N0058V2S1A33R2.avi,1,33,2,2,58
N0353V2S1A10R2.avi,1,10,2,2,353
N0096V1S1A07R2.avi,1,7,1,2,96
N0173V1S1A05R2.avi,1,5,1,2,173
N0026V1S1A25R2.avi,1,25,1,2,26
N0162V1S1A46R2.avi,1,46,1,2,162
N0184V1S1A21R2.avi,1,21,1,2,184
N0194V2S1A27R2.avi,1,27,2,2,194
N0009V3S1A13R2.avi,1,13,3,2,9
N0089V2S1A09R2.avi,1,9,2,2,89
N0136V2S1A01R2.avi,1,1,2,2,136
N0286V2S1A39R2.avi,1,39,2,2,286
N0207V3S1A51R2.avi,1,51,3,2,207
N0136V1S1A38R2.avi,1,38,1,2,136
N0183V1S1A05R2.avi,1,5,1,2,183
N0212V1S1A48R2.avi,1,48,1,2,212
N0092V2S1A36R2.avi,1,36,2,2,92
N0170V1S1A33R2.avi,1,33,1,2,170
N0236V2S1A33R2.avi,1,33,2,2,236
N0038V2S1A07R2.avi,1,7,2,2,38
N0086V3S1A08R2.avi,1,8,3,2,86
N0257V3S1A51R2.avi,1,51,3,2,257
N0241V3S1A39R2.avi,1,39,3,2,241
N0159V2S1A15R2.avi,1,15,2,2,159
N0009V2S1A13R2.avi,1,13,2,2,9
N0168V3S1A08R2.avi,1,8,3,2,168
N0251V3S1A05R2.avi,1,5,3,2,251
N0126V3S1A28R2.avi,1,28,3,2,126
N0258V1S1A43R2.avi,1,43,1,2,258
N0039V2S1A38R2.avi,1,38,2,2,39
N0342V3S1A06R2.avi,1,6,3,2,342
N0263V2S1A47R2.avi,1,47,2,2,263
N0153V2S1A07R2.avi,1,7,2,2,153
N0072V3S1A36R2.avi,1,36,3,2,72
N0255V2S1A14R2.avi,1,14,2,2,255
N0112V3S1A28R2.avi,1,28,3,2,112
N0282V1S1A34R2.avi,1,34,1,2,282
N0287V3S1A06R2.avi,1,6,3,2,287
N0216V2S1A07R2.avi,1,7,2,2,216
N0128V1S1A04R2.avi,1,4,1,2,128
N0279V2S1A38R2.avi,1,38,2,2,279
N0055V3S1A27R2.avi,1,27,3,2,55
N0035V1S1A26R2.avi,1,26,1,2,35
N0257V1S1A13R2.avi,1,13,1,2,257
N0345V1S1A28R2.avi,1,28,1,2,345
N0089V1S1A15R2.avi,1,15,1,2,89
N0274V1S1A23R2.avi,1,23,1,2,274
N0049V3S1A08R2.avi,1,8,3,2,49
N0036V1S1A35R1.avi,1,35,1,1,36
N0251V1S1A29R2.avi,1,29,1,2,251
N0242V3S1A51R2.avi,1,51,3,2,242
N0073V3S1A39R2.avi,1,39,3,2,73
N0354V1S1A09R2.avi,1,9,1,2,354
N0056V3S1A37R2.avi,1,37,3,2,56
N0284V2S1A21R2.avi,1,21,2,2,284
N0089V2S1A44R2.avi,1,44,2,2,89
N0080V1S1A51R2.avi,1,51,1,2,80
N0145V3S1A24R2.avi,1,24,3,2,145
N0204V3S1A18R2.avi,1,18,3,2,204
N0343V1S1A29R2.avi,1,29,1,2,343
N0143V3S1A15R2.avi,1,15,3,2,143
N0208V2S1A50R2.avi,1,50,2,2,208
N0230V2S1A36R2.avi,1,36,2,2,230
N0273V2S1A38R2.avi,1,38,2,2,273
N0272V3S1A09R2.avi,1,9,3,2,272
N0199V3S1A29R2.avi,1,29,3,2,199
N0127V1S1A38R2.avi,1,38,1,2,127
N0190V2S1A47R2.avi,1,47,2,2,190
N0217V3S1A46R2.avi,1,46,3,2,217
N0024V1S1A24R2.avi,1,24,1,2,24
N0093V1S1A09R2.avi,1,9,1,2,93
N0033V3S1A32R2.avi,1,32,3,2,33
N0357V3S1A08R2.avi,1,8,3,2,357
N0099V2S1A25R2.avi,1,25,2,2,99
N0208V3S1A25R2.avi,1,25,3,2,208
N0227V2S1A10R2.avi,1,10,2,2,227
N0210V1S1A11R2.avi,1,11,1,2,210
N0213V1S1A22R2.avi,1,22,1,2,213
N0207V3S1A11R2.avi,1,11,3,2,207
N0201V1S1A05R2.avi,1,5,1,2,201
N0142V1S1A06R2.avi,1,6,1,2,142
N0213V3S1A40R2.avi,1,40,3,2,213
N0275V2S1A47R2.avi,1,47,2,2,275
N0034V2S1A21R2.avi,1,21,2,2,34
N0112V3S1A34R2.avi,1,34,3,2,112
N0271V3S1A18R2.avi,1,18,3,2,271
N0159V1S1A44R2.avi,1,44,1,2,159
N0020V1S1A39R2.avi,1,39,1,2,20
N0198V3S1A06R2.avi,1,6,3,2,198
N0353V3S1A51R2.avi,1,51,3,2,353
N0068V1S1A01R2.avi,1,1,1,2,68
N0213V3S1A05R2.avi,1,5,3,2,213
N0032V2S1A03R2.avi,1,3,2,2,32
N0341V3S1A44R2.avi,1,44,3,2,341
N0211V1S1A33R2.avi,1,33,1,2,211
N0198V2S1A38R2.avi,1,38,2,2,198
N0101V1S1A31R2.avi,1,31,1,2,101
N0219V3S1A40R2.avi,1,40,3,2,219
N0206V3S1A03R2.avi,1,3,3,2,206
N0158V2S1A37R2.avi,1,37,2,2,158
N0187V1S1A43R2.avi,1,43,1,2,187
N0363V3S1A23R2.avi,1,23,3,2,363
N0160V2S1A08R2.avi,1,8,2,2,160
N0033V1S1A43R2.avi,1,43,1,2,33
N0026V3S1A33R2.avi,1,33,3,2,26
N0046V3S1A46R2.avi,1,46,3,2,46
N0256V3S1A35R2.avi,1,35,3,2,256
N0121V1S1A15R2.avi,1,15,1,2,121
N0062V1S1A49R2.avi,1,49,1,2,62
N0341V1S1A29R2.avi,1,29,1,2,341
N0337V1S1A08R2.avi,1,8,1,2,337
N0352V1S1A49R2.avi,1,49,1,2,352
N0051V2S1A17R2.avi,1,17,2,2,51
N0171V1S1A45R2.avi,1,45,1,2,171
N0205V1S1A12R2.avi,1,12,1,2,205
N0269V2S1A29R2.avi,1,29,2,2,269
N0250V2S1A03R2.avi,1,3,2,2,250
N0265V2S1A48R2.avi,1,48,2,2,265
N0088V1S1A34R2.avi,1,34,1,2,88
N0234V3S1A26R2.avi,1,26,3,2,234
N0134V1S1A26R2.avi,1,26,1,2,134
N0280V1S1A41R2.avi,1,41,1,2,280
N0282V2S1A34R2.avi,1,34,2,2,282
N0164V2S1A26R2.avi,1,26,2,2,164
N0078V2S1A46R2.avi,1,46,2,2,78
N0094V3S1A12R2.avi,1,12,3,2,94
N0122V1S1A01R2.avi,1,1,1,2,122
N0021V3S1A50R2.avi,1,50,3,2,21
N0139V2S1A15R2.avi,1,15,2,2,139
N0069V1S1A43R2.avi,1,43,1,2,69
N0107V1S1A09R2.avi,1,9,1,2,107
N0153V3S1A43R2.avi,1,43,3,2,153
N0197V2S1A42R2.avi,1,42,2,2,197
N0132V2S1A11R2.avi,1,11,2,2,132
N0218V1S1A08R2.avi,1,8,1,2,218
N0174V3S1A18R2.avi,1,18,3,2,174
N0349V3S1A26R2.avi,1,26,3,2,349
N0355V2S1A37R2.avi,1,37,2,2,355
N0135V1S1A24R2.avi,1,24,1,2,135
N0054V1S1A12R2.avi,1,12,1,2,54
N0092V3S1A01R2.avi,1,1,3,2,92
N0163V3S1A39R2.avi,1,39,3,2,163
N0273V2S1A37R2.avi,1,37,2,2,273
N0211V2S1A48R2.avi,1,48,2,2,211
N0117V2S1A45R2.avi,1,45,2,2,117
N0106V3S1A28R2.avi,1,28,3,2,106
N0129V3S1A05R2.avi,1,5,3,2,129
N0231V3S1A32R2.avi,1,32,3,2,231
N0243V3S1A09R2.avi,1,9,3,2,243
N0272V1S1A41R0.avi,1,41,1,0,272
N0057V2S1A04R2.avi,1,4,2,2,57
N0049V2S1A11R2.avi,1,11,2,2,49
N0069V2S1A11R2.avi,1,11,2,2,69
N0113V3S1A38R2.avi,1,38,3,2,113
N0047V3S1A09R2.avi,1,9,3,2,47
N0178V3S1A06R2.avi,1,6,3,2,178
N0162V2S1A28R2.avi,1,28,2,2,162
N0042V2S1A47R2.avi,1,47,2,2,42
N0335V1S1A17R2.avi,1,17,1,2,335
N0108V2S1A37R2.avi,1,37,2,2,108
N0179V3S1A17R2.avi,1,17,3,2,179
N0118V3S1A23R2.avi,1,23,3,2,118
N0032V3S1A36R2.avi,1,36,3,2,32
N0276V3S1A04R2.avi,1,4,3,2,276
N0278V3S1A23R2.avi,1,23,3,2,278
N0134V3S1A26R2.avi,1,26,3,2,134
N0271V2S1A16R2.avi,1,16,2,2,271
N0357V1S1A45R2.avi,1,45,1,2,357
N0104V1S1A24R2.avi,1,24,1,2,104
N0182V1S1A35R2.avi,1,35,1,2,182
N0268V2S1A48R2.avi,1,48,2,2,268
N0200V3S1A13R2.avi,1,13,3,2,200
N0101V2S1A38R2.avi,1,38,2,2,101
N0085V2S1A14R2.avi,1,14,2,2,85
N0099V2S1A10R2.avi,1,10,2,2,99
N0186V3S1A03R2.avi,1,3,3,2,186
N0110V1S1A19R2.avi,1,19,1,2,110
N0276V3S1A40R2.avi,1,40,3,2,276
N0073V3S1A41R2.avi,1,41,3,2,73
N0008V3S1A19R2.avi,1,19,3,2,8
N0251V2S1A39R2.avi,1,39,2,2,251
N0049V1S1A31R2.avi,1,31,1,2,49
N0254V1S1A16R2.avi,1,16,1,2,254
N0274V3S1A20R2.avi,1,20,3,2,274
N0277V2S1A17R2.avi,1,17,2,2,277
N0178V2S1A23R2.avi,1,23,2,2,178
N0158V1S1A06R2.avi,1,6,1,2,158
N0081V2S1A13R1.avi,1,13,2,1,81
N0189V1S1A13R2.avi,1,13,1,2,189
N0082V1S1A02R2.avi,1,2,1,2,82
N0229V3S1A20R2.avi,1,20,3,2,229
N0019V2S1A23R2.avi,1,23,2,2,19
N0341V3S1A34R2.avi,1,34,3,2,341
N0360V3S1A03R2.avi,1,3,3,2,360
N0203V2S1A03R2.avi,1,3,2,2,203
N0123V2S1A51R2.avi,1,51,2,2,123
N0040V3S1A23R2.avi,1,23,3,2,40
N0045V2S1A14R2.avi,1,14,2,2,45
N0029V1S1A45R2.avi,1,45,1,2,29
N0197V2S1A48R2.avi,1,48,2,2,197
N0156V3S1A40R2.avi,1,40,3,2,156
N0184V3S1A24R2.avi,1,24,3,2,184
N0041V1S1A43R2.avi,1,43,1,2,41
N0277V3S1A19R2.avi,1,19,3,2,277
N0171V1S1A29R2.avi,1,29,1,2,171
N0082V1S1A36R2.avi,1,36,1,2,82
N0145V1S1A16R2.avi,1,16,1,2,145
N0192V3S1A38R2.avi,1,38,3,2,192
N0056V3S1A30R2.avi,1,30,3,2,56
N0002V2S1A30R2.avi,1,30,2,2,2
N0073V1S1A45R2.avi,1,45,1,2,73
N0007V2S1A43R2.avi,1,43,2,2,7
N0006V2S1A46R2.avi,1,46,2,2,6
N0130V2S1A45R2.avi,1,45,2,2,130
N0109V1S1A11R2.avi,1,11,1,2,109
N0006V3S1A02R2.avi,1,2,3,2,6
N0128V2S1A04R2.avi,1,4,2,2,128
N0130V1S1A45R2.avi,1,45,1,2,130
N0048V2S1A51R2.avi,1,51,2,2,48
N0259V1S1A34R2.avi,1,34,1,2,259
N0197V3S1A11R2.avi,1,11,3,2,197
N0128V3S1A04R2.avi,1,4,3,2,128
N0091V3S1A40R2.avi,1,40,3,2,91
N0077V2S1A38R2.avi,1,38,2,2,77
N0127V1S1A36R2.avi,1,36,1,2,127
N0255V3S1A12R2.avi,1,12,3,2,255
N0275V2S1A05R2.avi,1,5,2,2,275
N0064V2S1A18R2.avi,1,18,2,2,64
N0127V1S1A08R2.avi,1,8,1,2,127
N0006V1S1A46R2.avi,1,46,1,2,6
N0346V1S1A32R2.avi,1,32,1,2,346
N0160V2S1A36R2.avi,1,36,2,2,160
N0121V1S1A43R1.avi,1,43,1,1,121
N0283V3S1A33R2.avi,1,33,3,2,283
N0037V2S1A38R2.avi,1,38,2,2,37
N0352V1S1A04R2.avi,1,4,1,2,352
N0061V1S1A07R2.avi,1,7,1,2,61
N0117V3S1A49R2.avi,1,49,3,2,117
N0053V1S1A15R2.avi,1,15,1,2,53
N0128V1S1A35R2.avi,1,35,1,2,128
N0157V2S1A11R2.avi,1,11,2,2,157
N0036V3S1A36R2.avi,1,36,3,2,36
N0033V3S1A10R2.avi,1,10,3,2,33
N0086V3S1A25R2.avi,1,25,3,2,86
N0018V1S1A25R2.avi,1,25,1,2,18
N0041V3S1A32R2.avi,1,32,3,2,41
N0236V2S1A08R2.avi,1,8,2,2,236
N0239V1S1A06R2.avi,1,6,1,2,239
N0018V2S1A47R2.avi,1,47,2,2,18
N0222V1S1A36R2.avi,1,36,1,2,222
N0185V1S1A12R2.avi,1,12,1,2,185
N0154V3S1A18R2.avi,1,18,3,2,154
N0121V2S1A31R1.avi,1,31,2,1,121
N0097V2S1A33R2.avi,1,33,2,2,97
N0221V1S1A36R2.avi,1,36,1,2,221
N0231V1S1A07R2.avi,1,7,1,2,231
N0068V2S1A40R2.avi,1,40,2,2,68
N0227V1S1A28R2.avi,1,28,1,2,227
N0099V1S1A31R2.avi,1,31,1,2,99
N0362V1S1A32R2.avi,1,32,1,2,362
N0264V1S1A32R2.avi,1,32,1,2,264
N0351V1S1A31R2.avi,1,31,1,2,351
N0010V1S1A36R2.avi,1,36,1,2,10
N0353V1S1A28R2.avi,1,28,1,2,353
N0361V1S1A34R2.avi,1,34,1,2,361
N0110V2S1A02R2.avi,1,2,2,2,110
N0119V2S1A29R2.avi,1,29,2,2,119
N0022V2S1A47R2.avi,1,47,2,2,22
N0152V2S1A49R2.avi,1,49,2,2,152
N0338V2S1A12R2.avi,1,12,2,2,338
N0111V3S1A05R2.avi,1,5,3,2,111
N0003V3S1A31R2.avi,1,31,3,2,3
N0086V3S1A47R2.avi,1,47,3,2,86
N0278V2S1A23R2.avi,1,23,2,2,278
N0232V3S1A44R2.avi,1,44,3,2,232
N0245V1S1A18R2.avi,1,18,1,2,245
N0028V1S1A07R2.avi,1,7,1,2,28
N0083V3S1A08R2.avi,1,8,3,2,83
N0097V1S1A32R2.avi,1,32,1,2,97
N0211V3S1A42R1.avi,1,42,3,1,211
N0098V2S1A15R2.avi,1,15,2,2,98
N0227V3S1A02R2.avi,1,2,3,2,227
N0243V3S1A44R2.avi,1,44,3,2,243
N0355V1S1A17R2.avi,1,17,1,2,355
N0222V3S1A50R2.avi,1,50,3,2,222
N0212V1S1A36R2.avi,1,36,1,2,212
N0182V1S1A32R2.avi,1,32,1,2,182
N0060V1S1A30R2.avi,1,30,1,2,60
N0347V3S1A47R2.avi,1,47,3,2,347
N0022V2S1A13R2.avi,1,13,2,2,22
N0150V1S1A06R1.avi,1,6,1,1,150
N0242V1S1A29R2.avi,1,29,1,2,242
N0272V1S1A01R2.avi,1,1,1,2,272
N0189V1S1A44R2.avi,1,44,1,2,189
N0074V3S1A24R2.avi,1,24,3,2,74
N0196V1S1A50R2.avi,1,50,1,2,196
N0181V3S1A29R2.avi,1,29,3,2,181
N0012V1S1A13R2.avi,1,13,1,2,12
N0076V3S1A46R2.avi,1,46,3,2,76
N0012V3S1A25R2.avi,1,25,3,2,12
N0175V2S1A16R2.avi,1,16,2,2,175
N0111V1S1A45R2.avi,1,45,1,2,111
N0082V1S1A06R2.avi,1,6,1,2,82
N0098V3S1A40R2.avi,1,40,3,2,98
N0091V2S1A45R2.avi,1,45,2,2,91
N0111V1S1A39R2.avi,1,39,1,2,111
N0345V1S1A37R2.avi,1,37,1,2,345
N0096V2S1A30R2.avi,1,30,2,2,96
N0181V1S1A19R2.avi,1,19,1,2,181
N0119V3S1A25R2.avi,1,25,3,2,119
N0151V2S1A03R1.avi,1,3,2,1,151
N0230V3S1A46R2.avi,1,46,3,2,230
N0190V2S1A23R2.avi,1,23,2,2,190
N0097V3S1A32R2.avi,1,32,3,2,97
N0188V2S1A19R2.avi,1,19,2,2,188
N0223V2S1A07R2.avi,1,7,2,2,223
N0363V1S1A23R2.avi,1,23,1,2,363
N0140V1S1A08R2.avi,1,8,1,2,140
N0208V3S1A01R2.avi,1,1,3,2,208
N0093V1S1A29R2.avi,1,29,1,2,93
N0186V1S1A30R2.avi,1,30,1,2,186
N0116V2S1A22R2.avi,1,22,2,2,116
N0353V3S1A50R2.avi,1,50,3,2,353
N0158V1S1A46R2.avi,1,46,1,2,158
N0095V2S1A12R2.avi,1,12,2,2,95
N0167V3S1A04R2.avi,1,4,3,2,167
N0202V3S1A22R2.avi,1,22,3,2,202
N0061V1S1A40R2.avi,1,40,1,2,61
N0213V1S1A17R2.avi,1,17,1,2,213
N0047V3S1A42R2.avi,1,42,3,2,47
N0212V2S1A37R2.avi,1,37,2,2,212
N0068V3S1A40R2.avi,1,40,3,2,68
N0122V1S1A49R2.avi,1,49,1,2,122
N0128V1S1A41R2.avi,1,41,1,2,128
N0180V1S1A33R2.avi,1,33,1,2,180
N0140V3S1A37R2.avi,1,37,3,2,140
N0147V1S1A13R2.avi,1,13,1,2,147
N0112V3S1A46R2.avi,1,46,3,2,112
N0091V1S1A06R2.avi,1,6,1,2,91
N0197V3S1A46R2.avi,1,46,3,2,197
N0111V2S1A30R2.avi,1,30,2,2,111
N0217V2S1A03R2.avi,1,3,2,2,217
N0341V1S1A36R2.avi,1,36,1,2,341
N0256V2S1A37R2.avi,1,37,2,2,256
N0363V2S1A47R2.avi,1,47,2,2,363
N0202V3S1A17R2.avi,1,17,3,2,202
N0048V1S1A25R2.avi,1,25,1,2,48
N0206V2S1A44R2.avi,1,44,2,2,206
N0206V3S1A33R2.avi,1,33,3,2,206
N0117V3S1A23R2.avi,1,23,3,2,117
N0281V3S1A33R2.avi,1,33,3,2,281
N0166V3S1A25R2.avi,1,25,3,2,166
N0154V3S1A24R2.avi,1,24,3,2,154
N0139V2S1A43R2.avi,1,43,2,2,139
N0288V1S1A05R2.avi,1,5,1,2,288
N0072V3S1A48R2.avi,1,48,3,2,72
N0037V1S1A11R2.avi,1,11,1,2,37
N0125V1S1A14R2.avi,1,14,1,2,125
N0168V2S1A34R2.avi,1,34,2,2,168
N0123V2S1A13R2.avi,1,13,2,2,123
N0232V3S1A05R2.avi,1,5,3,2,232
N0274V1S1A19R2.avi,1,19,1,2,274
N0231V3S1A22R2.avi,1,22,3,2,231
N0204V1S1A18R2.avi,1,18,1,2,204
N0069V3S1A10R2.avi,1,10,3,2,69
N0353V3S1A38R2.avi,1,38,3,2,353
N0056V2S1A37R2.avi,1,37,2,2,56
N0076V2S1A19R2.avi,1,19,2,2,76
N0232V3S1A39R2.avi,1,39,3,2,232
N0280V1S1A48R2.avi,1,48,1,2,280
N0281V1S1A23R2.avi,1,23,1,2,281
N0241V1S1A13R2.avi,1,13,1,2,241
N0115V2S1A24R2.avi,1,24,2,2,115
N0344V2S1A02R2.avi,1,2,2,2,344
N0118V1S1A44R2.avi,1,44,1,2,118
N0073V2S1A29R2.avi,1,29,2,2,73
N0041V3S1A07R2.avi,1,7,3,2,41
N0275V3S1A51R2.avi,1,51,3,2,275
N0266V1S1A09R2.avi,1,9,1,2,266
N0346V1S1A37R2.avi,1,37,1,2,346
N0252V1S1A31R2.avi,1,31,1,2,252
N0197V1S1A02R2.avi,1,2,1,2,197
N0093V2S1A20R2.avi,1,20,2,2,93
N0256V3S1A50R2.avi,1,50,3,2,256
N0357V1S1A33R2.avi,1,33,1,2,357
N0109V2S1A29R2.avi,1,29,2,2,109
N0157V1S1A01R2.avi,1,1,1,2,157
N0252V2S1A45R2.avi,1,45,2,2,252
N0126V1S1A22R2.avi,1,22,1,2,126
N0103V2S1A38R2.avi,1,38,2,2,103
N0363V2S1A07R2.avi,1,7,2,2,363
N0181V1S1A07R2.avi,1,7,1,2,181
N0347V2S1A25R2.avi,1,25,2,2,347
N0240V2S1A29R2.avi,1,29,2,2,240
N0240V3S1A51R2.avi,1,51,3,2,240
N0345V2S1A32R2.avi,1,32,2,2,345
N0027V1S1A15R2.avi,1,15,1,2,27
N0355V1S1A38R2.avi,1,38,1,2,355
N0027V3S1A38R2.avi,1,38,3,2,27
N0062V3S1A02R2.avi,1,2,3,2,62
N0213V2S1A32R2.avi,1,32,2,2,213
N0335V3S1A35R2.avi,1,35,3,2,335
N0141V1S1A15R2.avi,1,15,1,2,141
N0131V3S1A37R2.avi,1,37,3,2,131
N0236V3S1A33R2.avi,1,33,3,2,236
N0273V1S1A38R2.avi,1,38,1,2,273
N0170V2S1A10R2.avi,1,10,2,2,170
N0097V3S1A10R2.avi,1,10,3,2,97
N0218V3S1A10R2.avi,1,10,3,2,218
N0289V3S1A15R2.avi,1,15,3,2,289
N0226V3S1A41R2.avi,1,41,3,2,226
N0268V3S1A48R2.avi,1,48,3,2,268
N0121V2S1A39R2.avi,1,39,2,2,121
N0157V1S1A29R2.avi,1,29,1,2,157
N0360V1S1A03R2.avi,1,3,1,2,360
N0210V2S1A04R2.avi,1,4,2,2,210
N0162V1S1A02R2.avi,1,2,1,2,162
N0130V2S1A23R2.avi,1,23,2,2,130
N0020V3S1A23R2.avi,1,23,3,2,20
N0040V1S1A47R2.avi,1,47,1,2,40
N0198V1S1A38R2.avi,1,38,1,2,198
N0187V2S1A01R2.avi,1,1,2,2,187
N0182V1S1A48R2.avi,1,48,1,2,182
N0201V3S1A06R2.avi,1,6,3,2,201
N0339V3S1A18R2.avi,1,18,3,2,339
N0169V2S1A44R2.avi,1,44,2,2,169
N0279V3S1A49R2.avi,1,49,3,2,279
N0337V3S1A23R2.avi,1,23,3,2,337
N0123V2S1A46R2.avi,1,46,2,2,123
N0245V2S1A21R2.avi,1,21,2,2,245
N0241V2S1A05R2.avi,1,5,2,2,241
N0168V2S1A51R2.avi,1,51,2,2,168
N0347V1S1A33R2.avi,1,33,1,2,347
N0015V2S1A21R2.avi,1,21,2,2,15
N0022V1S1A13R2.avi,1,13,1,2,22
N0008V2S1A49R2.avi,1,49,2,2,8
N0280V2S1A22R2.avi,1,22,2,2,280
N0099V1S1A07R2.avi,1,7,1,2,99
N0071V2S1A31R2.avi,1,31,2,2,71
N0161V2S1A45R2.avi,1,45,2,2,161
N0079V2S1A08R2.avi,1,8,2,2,79
N0360V3S1A29R2.avi,1,29,3,2,360
N0008V3S1A34R2.avi,1,34,3,2,8
N0156V1S1A36R2.avi,1,36,1,2,156
N0275V2S1A50R2.avi,1,50,2,2,275
N0275V1S1A05R2.avi,1,5,1,2,275
N0131V2S1A11R2.avi,1,11,2,2,131
N0350V2S1A07R2.avi,1,7,2,2,350
N0100V3S1A51R2.avi,1,51,3,2,100
N0021V2S1A05R2.avi,1,5,2,2,21
N0158V2S1A51R2.avi,1,51,2,2,158
N0215V3S1A26R2.avi,1,26,3,2,215
N0082V1S1A28R0.avi,1,28,1,0,82
N0230V2S1A47R2.avi,1,47,2,2,230
N0004V1S1A27R0.avi,1,27,1,0,4
N0019V2S1A42R0.avi,1,42,2,0,19
N0142V3S1A19R2.avi,1,19,3,2,142
N0180V2S1A08R2.avi,1,8,2,2,180
N0340V1S1A20R2.avi,1,20,1,2,340
N0197V2S1A13R2.avi,1,13,2,2,197
N0199V2S1A28R1.avi,1,28,2,1,199
N0205V1S1A26R2.avi,1,26,1,2,205
N0071V3S1A41R2.avi,1,41,3,2,71
N0122V2S1A44R2.avi,1,44,2,2,122
N0222V2S1A46R2.avi,1,46,2,2,222
N0227V1S1A49R2.avi,1,49,1,2,227
N0268V1S1A48R2.avi,1,48,1,2,268
N0200V1S1A50R2.avi,1,50,1,2,200
N0151V1S1A34R2.avi,1,34,1,2,151
N0096V3S1A09R2.avi,1,9,3,2,96
N0162V3S1A03R2.avi,1,3,3,2,162
N0062V3S1A17R2.avi,1,17,3,2,62
N0286V2S1A36R2.avi,1,36,2,2,286
N0090V2S1A38R2.avi,1,38,2,2,90
N0229V2S1A29R2.avi,1,29,2,2,229
N0009V2S1A15R2.avi,1,15,2,2,9
N0353V1S1A25R2.avi,1,25,1,2,353
N0086V3S1A23R2.avi,1,23,3,2,86
N0020V2S1A37R2.avi,1,37,2,2,20
N0363V3S1A34R2.avi,1,34,3,2,363
N0351V1S1A29R2.avi,1,29,1,2,351
N0043V3S1A32R2.avi,1,32,3,2,43
N0187V2S1A31R2.avi,1,31,2,2,187
N0243V1S1A25R2.avi,1,25,1,2,243
N0288V1S1A01R2.avi,1,1,1,2,288
N0217V2S1A42R2.avi,1,42,2,2,217
N0240V1S1A35R2.avi,1,35,1,2,240
N0353V1S1A10R2.avi,1,10,1,2,353
N0140V2S1A48R2.avi,1,48,2,2,140
N0350V1S1A43R2.avi,1,43,1,2,350
N0097V1S1A38R2.avi,1,38,1,2,97
N0040V3S1A10R2.avi,1,10,3,2,40
N0011V3S1A43R2.avi,1,43,3,2,11
N0089V2S1A20R2.avi,1,20,2,2,89
N0197V1S1A49R2.avi,1,49,1,2,197
N0171V2S1A20R2.avi,1,20,2,2,171
N0093V3S1A44R2.avi,1,44,3,2,93
N0063V1S1A11R2.avi,1,11,1,2,63
N0079V1S1A45R2.avi,1,45,1,2,79
N0225V2S1A14R2.avi,1,14,2,2,225
N0275V3S1A25R2.avi,1,25,3,2,275
N0237V2S1A46R2.avi,1,46,2,2,237
N0018V3S1A48R2.avi,1,48,3,2,18
N0170V2S1A33R2.avi,1,33,2,2,170
N0123V1S1A15R2.avi,1,15,1,2,123
N0151V2S1A47R2.avi,1,47,2,2,151
N0091V3S1A32R2.avi,1,32,3,2,91
N0040V1S1A03R2.avi,1,3,1,2,40
N0335V3S1A23R2.avi,1,23,3,2,335
N0255V1S1A26R1.avi,1,26,1,1,255
N0204V2S1A26R2.avi,1,26,2,2,204
N0186V1S1A08R2.avi,1,8,1,2,186
N0166V2S1A08R2.avi,1,8,2,2,166
N0060V2S1A49R2.avi,1,49,2,2,60
N0268V1S1A28R2.avi,1,28,1,2,268
N0167V1S1A06R2.avi,1,6,1,2,167
N0002V3S1A34R2.avi,1,34,3,2,2
N0268V1S1A34R2.avi,1,34,1,2,268
N0241V1S1A30R2.avi,1,30,1,2,241
N0120V3S1A41R2.avi,1,41,3,2,120
N0281V1S1A06R2.avi,1,6,1,2,281
N0236V2S1A25R2.avi,1,25,2,2,236
N0233V3S1A30R2.avi,1,30,3,2,233
N0263V3S1A39R2.avi,1,39,3,2,263
N0194V3S1A21R2.avi,1,21,3,2,194
N0257V3S1A43R2.avi,1,43,3,2,257
N0203V2S1A36R2.avi,1,36,2,2,203
N0342V3S1A38R2.avi,1,38,3,2,342
N0344V3S1A20R2.avi,1,20,3,2,344
N0098V1S1A40R2.avi,1,40,1,2,98
N0014V2S1A14R2.avi,1,14,2,2,14
N0242V1S1A01R2.avi,1,1,1,2,242
N0066V2S1A36R2.avi,1,36,2,2,66
N0048V1S1A05R2.avi,1,5,1,2,48
N0073V3S1A20R2.avi,1,20,3,2,73
N0335V2S1A33R2.avi,1,33,2,2,335
N0121V1S1A49R2.avi,1,49,1,2,121
N0143V3S1A28R0.avi,1,28,3,0,143
N0067V1S1A42R2.avi,1,42,1,2,67
N0181V1S1A22R2.avi,1,22,1,2,181
N0070V2S1A39R2.avi,1,39,2,2,70
N0264V3S1A38R2.avi,1,38,3,2,264
N0200V1S1A37R2.avi,1,37,1,2,200
N0355V3S1A33R2.avi,1,33,3,2,355
N0334V2S1A41R2.avi,1,41,2,2,334
N0132V1S1A04R2.avi,1,4,1,2,132
N0143V3S1A17R2.avi,1,17,3,2,143
N0357V2S1A39R2.avi,1,39,2,2,357
N0229V2S1A05R2.avi,1,5,2,2,229
N0010V1S1A33R2.avi,1,33,1,2,10
N0128V3S1A29R2.avi,1,29,3,2,128
N0009V2S1A09R2.avi,1,9,2,2,9
N0111V3S1A39R2.avi,1,39,3,2,111
N0207V1S1A41R2.avi,1,41,1,2,207
N0012V1S1A05R2.avi,1,5,1,2,12
N0235V3S1A24R2.avi,1,24,3,2,235
N0352V1S1A29R2.avi,1,29,1,2,352
N0138V3S1A04R2.avi,1,4,3,2,138
N0088V3S1A29R2.avi,1,29,3,2,88
N0201V1S1A29R2.avi,1,29,1,2,201
N0231V3S1A41R1.avi,1,41,3,1,231
N0277V2S1A34R2.avi,1,34,2,2,277
N0178V2S1A25R2.avi,1,25,2,2,178
N0192V3S1A35R1.avi,1,35,3,1,192
N0136V3S1A34R2.avi,1,34,3,2,136
N0151V2S1A25R2.avi,1,25,2,2,151
N0195V3S1A21R1.avi,1,21,3,1,195
N0063V1S1A45R2.avi,1,45,1,2,63
N0151V2S1A50R2.avi,1,50,2,2,151
N0206V1S1A04R2.avi,1,4,1,2,206
N0027V2S1A13R2.avi,1,13,2,2,27
N0230V1S1A10R2.avi,1,10,1,2,230
N0203V1S1A13R2.avi,1,13,1,2,203
N0048V1S1A07R2.avi,1,7,1,2,48
N0209V2S1A19R2.avi,1,19,2,2,209
N0023V1S1A39R2.avi,1,39,1,2,23
N0279V1S1A29R2.avi,1,29,1,2,279
N0173V1S1A11R2.avi,1,11,1,2,173
N0146V1S1A08R2.avi,1,8,1,2,146
N0081V2S1A41R2.avi,1,41,2,2,81
N0090V1S1A37R2.avi,1,37,1,2,90
N0036V3S1A08R2.avi,1,8,3,2,36
N0018V2S1A17R2.avi,1,17,2,2,18
N0200V1S1A45R2.avi,1,45,1,2,200
N0023V1S1A44R2.avi,1,44,1,2,23
N0106V1S1A46R2.avi,1,46,1,2,106
N0030V3S1A28R1.avi,1,28,3,1,30
N0111V1S1A15R2.avi,1,15,1,2,111
N0127V2S1A32R2.avi,1,32,2,2,127
N0252V3S1A03R2.avi,1,3,3,2,252
N0026V1S1A38R2.avi,1,38,1,2,26
N0030V2S1A30R2.avi,1,30,2,2,30
N0071V1S1A13R2.avi,1,13,1,2,71
N0058V2S1A49R2.avi,1,49,2,2,58
N0018V1S1A01R2.avi,1,1,1,2,18
N0362V2S1A40R2.avi,1,40,2,2,362
N0028V2S1A35R2.avi,1,35,2,2,28
N0261V2S1A21R2.avi,1,21,2,2,261
N0359V2S1A12R2.avi,1,12,2,2,359
N0244V1S1A14R2.avi,1,14,1,2,244
N0350V3S1A30R2.avi,1,30,3,2,350
N0089V2S1A11R2.avi,1,11,2,2,89
N0257V2S1A44R2.avi,1,44,2,2,257
N0343V3S1A07R2.avi,1,7,3,2,343
N0241V3S1A23R2.avi,1,23,3,2,241
N0043V2S1A23R2.avi,1,23,2,2,43
N0077V2S1A07R2.avi,1,7,2,2,77
N0346V3S1A32R2.avi,1,32,3,2,346
N0166V3S1A36R2.avi,1,36,3,2,166
N0153V1S1A05R2.avi,1,5,1,2,153
N0354V3S1A01R2.avi,1,1,3,2,354
N0156V3S1A34R2.avi,1,34,3,2,156
N0034V1S1A18R2.avi,1,18,1,2,34
N0078V1S1A25R2.avi,1,25,1,2,78
N0116V3S1A03R2.avi,1,3,3,2,116
N0122V3S1A03R2.avi,1,3,3,2,122
N0217V1S1A06R2.avi,1,6,1,2,217
N0103V1S1A15R2.avi,1,15,1,2,103
N0132V1S1A48R2.avi,1,48,1,2,132
N0140V2S1A10R2.avi,1,10,2,2,140
N0167V1S1A45R2.avi,1,45,1,2,167
N0058V1S1A01R2.avi,1,1,1,2,58
N0197V2S1A03R2.avi,1,3,2,2,197
N0009V2S1A50R2.avi,1,50,2,2,9
N0079V1S1A32R2.avi,1,32,1,2,79
N0136V3S1A35R2.avi,1,35,3,2,136
N0347V3S1A01R2.avi,1,1,3,2,347
N0074V2S1A26R2.avi,1,26,2,2,74
N0177V2S1A15R2.avi,1,15,2,2,177
N0362V3S1A15R2.avi,1,15,3,2,362
N0206V2S1A31R2.avi,1,31,2,2,206
N0117V2S1A05R2.avi,1,5,2,2,117
N0183V3S1A09R2.avi,1,9,3,2,183
N0053V2S1A41R2.avi,1,41,2,2,53
N0009V1S1A40R2.avi,1,40,1,2,9
N0030V1S1A19R2.avi,1,19,1,2,30
N0061V3S1A38R2.avi,1,38,3,2,61
N0151V1S1A25R2.avi,1,25,1,2,151
N0052V1S1A47R2.avi,1,47,1,2,52
N0046V3S1A19R2.avi,1,19,3,2,46
N0037V3S1A05R2.avi,1,5,3,2,37
N0041V1S1A06R2.avi,1,6,1,2,41
N0084V2S1A24R2.avi,1,24,2,2,84
N0121V3S1A23R2.avi,1,23,3,2,121
N0120V3S1A08R2.avi,1,8,3,2,120
N0028V2S1A33R2.avi,1,33,2,2,28
N0197V1S1A32R2.avi,1,32,1,2,197
N0086V1S1A35R2.avi,1,35,1,2,86
N0087V1S1A29R2.avi,1,29,1,2,87
N0046V2S1A33R2.avi,1,33,2,2,46
N0170V3S1A36R2.avi,1,36,3,2,170
N0342V2S1A42R2.avi,1,42,2,2,342
N0283V1S1A11R2.avi,1,11,1,2,283
N0023V2S1A41R2.avi,1,41,2,2,23
N0232V1S1A22R2.avi,1,22,1,2,232
N0125V1S1A26R2.avi,1,26,1,2,125
N0238V1S1A02R2.avi,1,2,1,2,238
N0017V3S1A41R2.avi,1,41,3,2,17
N0344V3S1A05R2.avi,1,5,3,2,344
N0166V1S1A48R2.avi,1,48,1,2,166
N0140V1S1A49R1.avi,1,49,1,1,140
N0151V2S1A01R2.avi,1,1,2,2,151
N0056V2S1A38R2.avi,1,38,2,2,56
N0257V2S1A29R2.avi,1,29,2,2,257
N0067V2S1A29R2.avi,1,29,2,2,67
N0200V2S1A13R2.avi,1,13,2,2,200
N0117V3S1A46R2.avi,1,46,3,2,117
N0093V3S1A22R2.avi,1,22,3,2,93
N0036V3S1A37R2.avi,1,37,3,2,36
N0274V1S1A39R2.avi,1,39,1,2,274
N0243V2S1A22R2.avi,1,22,2,2,243
N0117V1S1A17R2.avi,1,17,1,2,117
N0016V3S1A03R2.avi,1,3,3,2,16
N0069V3S1A42R2.avi,1,42,3,2,69
N0001V3S1A15R2.avi,1,15,3,2,1
N0098V2S1A29R2.avi,1,29,2,2,98
N0007V2S1A29R2.avi,1,29,2,2,7
N0136V2S1A44R2.avi,1,44,2,2,136
N0357V2S1A02R2.avi,1,2,2,2,357
N0343V3S1A10R2.avi,1,10,3,2,343
N0257V3S1A42R2.avi,1,42,3,2,257
N0066V2S1A23R2.avi,1,23,2,2,66
N0201V2S1A22R2.avi,1,22,2,2,201
N0237V2S1A10R2.avi,1,10,2,2,237
N0080V1S1A01R2.avi,1,1,1,2,80
N0038V2S1A25R2.avi,1,25,2,2,38
N0227V1S1A37R2.avi,1,37,1,2,227
N0070V1S1A25R2.avi,1,25,1,2,70
N0121V2S1A42R2.avi,1,42,2,2,121
N0273V2S1A48R2.avi,1,48,2,2,273
N0116V1S1A07R2.avi,1,7,1,2,116
N0108V1S1A46R2.avi,1,46,1,2,108
N0221V1S1A30R2.avi,1,30,1,2,221
N0010V3S1A35R0.avi,1,35,3,0,10
N0217V2S1A06R2.avi,1,6,2,2,217
N0209V1S1A15R2.avi,1,15,1,2,209
N0171V3S1A45R2.avi,1,45,3,2,171
N0250V1S1A51R2.avi,1,51,1,2,250
N0229V1S1A20R2.avi,1,20,1,2,229
N0182V1S1A33R2.avi,1,33,1,2,182
N0143V3S1A06R2.avi,1,6,3,2,143
N0147V2S1A05R2.avi,1,5,2,2,147
N0346V1S1A03R2.avi,1,3,1,2,346
N0086V2S1A35R2.avi,1,35,2,2,86
N0047V1S1A13R2.avi,1,13,1,2,47
N0113V1S1A39R2.avi,1,39,1,2,113
N0267V3S1A33R2.avi,1,33,3,2,267
N0052V1S1A34R2.avi,1,34,1,2,52
N0121V2S1A08R2.avi,1,8,2,2,121
N0220V1S1A04R2.avi,1,4,1,2,220
N0230V3S1A34R2.avi,1,34,3,2,230
N0131V2S1A30R2.avi,1,30,2,2,131
N0210V2S1A33R2.avi,1,33,2,2,210
N0150V2S1A22R2.avi,1,22,2,2,150
N0163V2S1A40R2.avi,1,40,2,2,163
N0161V2S1A32R2.avi,1,32,2,2,161
N0182V1S1A02R2.avi,1,2,1,2,182
N0160V2S1A35R2.avi,1,35,2,2,160
N0129V2S1A30R2.avi,1,30,2,2,129
N0092V2S1A13R2.avi,1,13,2,2,92
N0119V1S1A13R2.avi,1,13,1,2,119
N0268V3S1A01R2.avi,1,1,3,2,268
N0183V1S1A43R2.avi,1,43,1,2,183
N0012V3S1A49R2.avi,1,49,3,2,12
N0177V1S1A01R2.avi,1,1,1,2,177
N0114V3S1A18R2.avi,1,18,3,2,114
N0081V1S1A05R2.avi,1,5,1,2,81
N0005V2S1A16R2.avi,1,16,2,2,5
N0345V3S1A37R2.avi,1,37,3,2,345
N0273V3S1A29R2.avi,1,29,3,2,273
N0344V1S1A22R2.avi,1,22,1,2,344
N0126V1S1A33R2.avi,1,33,1,2,126
N0131V1S1A13R2.avi,1,13,1,2,131
N0257V2S1A30R2.avi,1,30,2,2,257
N0127V2S1A49R2.avi,1,49,2,2,127
N0012V2S1A46R2.avi,1,46,2,2,12
N0203V1S1A19R2.avi,1,19,1,2,203
N0119V1S1A32R2.avi,1,32,1,2,119
N0222V1S1A28R2.avi,1,28,1,2,222
N0127V2S1A06R2.avi,1,6,2,2,127
N0106V2S1A10R2.avi,1,10,2,2,106
N0161V1S1A07R2.avi,1,7,1,2,161
N0042V2S1A07R2.avi,1,7,2,2,42
N0356V1S1A40R2.avi,1,40,1,2,356
N0132V1S1A37R2.avi,1,37,1,2,132
N0044V2S1A16R2.avi,1,16,2,2,44
N0043V3S1A29R2.avi,1,29,3,2,43
N0207V3S1A30R2.avi,1,30,3,2,207
N0097V2S1A36R1.avi,1,36,2,1,97
N0003V2S1A31R2.avi,1,31,2,2,3
N0089V3S1A10R2.avi,1,10,3,2,89
N0028V2S1A51R2.avi,1,51,2,2,28
N0113V1S1A29R2.avi,1,29,1,2,113
N0077V3S1A32R2.avi,1,32,3,2,77
N0197V2S1A15R2.avi,1,15,2,2,197
N0211V1S1A19R2.avi,1,19,1,2,211
N0338V2S1A14R2.avi,1,14,2,2,338
N0351V2S1A39R2.avi,1,39,2,2,351
N0071V2S1A42R2.avi,1,42,2,2,71
N0109V1S1A44R2.avi,1,44,1,2,109
N0084V2S1A12R2.avi,1,12,2,2,84
N0022V3S1A33R2.avi,1,33,3,2,22
N0197V3S1A34R2.avi,1,34,3,2,197
N0345V1S1A33R2.avi,1,33,1,2,345
N0277V3S1A38R2.avi,1,38,3,2,277
N0229V3S1A15R2.avi,1,15,3,2,229
N0056V3S1A25R2.avi,1,25,3,2,56
N0072V2S1A05R2.avi,1,5,2,2,72
N0092V3S1A49R2.avi,1,49,3,2,92
N0096V1S1A41R2.avi,1,41,1,2,96
N0063V2S1A19R2.avi,1,19,2,2,63
N0353V1S1A29R2.avi,1,29,1,2,353
N0013V2S1A20R2.avi,1,20,2,2,13
N0126V1S1A11R2.avi,1,11,1,2,126
N0037V1S1A31R2.avi,1,31,1,2,37
N0062V1S1A50R2.avi,1,50,1,2,62
N0048V3S1A01R2.avi,1,1,3,2,48
N0123V1S1A06R2.avi,1,6,1,2,123
N0355V2S1A45R2.avi,1,45,2,2,355
N0157V3S1A04R2.avi,1,4,3,2,157
N0085V3S1A14R2.avi,1,14,3,2,85
N0267V2S1A46R2.avi,1,46,2,2,267
N0152V3S1A33R2.avi,1,33,3,2,152
N0037V3S1A09R2.avi,1,9,3,2,37
N0350V2S1A51R2.avi,1,51,2,2,350
N0046V1S1A48R2.avi,1,48,1,2,46
N0336V3S1A03R2.avi,1,3,3,2,336
N0023V1S1A38R2.avi,1,38,1,2,23
N0143V3S1A35R0.avi,1,35,3,0,143
N0146V3S1A50R2.avi,1,50,3,2,146
N0108V3S1A25R2.avi,1,25,3,2,108
N0149V2S1A38R2.avi,1,38,2,2,149
N0047V1S1A29R2.avi,1,29,1,2,47
N0275V1S1A09R2.avi,1,9,1,2,275
N0129V2S1A07R2.avi,1,7,2,2,129
N0219V2S1A05R2.avi,1,5,2,2,219
N0200V3S1A33R2.avi,1,33,3,2,200
N0057V1S1A13R2.avi,1,13,1,2,57
N0112V3S1A03R2.avi,1,3,3,2,112
N0054V2S1A27R2.avi,1,27,2,2,54
N0043V3S1A04R2.avi,1,4,3,2,43
N0147V1S1A45R2.avi,1,45,1,2,147
N0162V2S1A36R2.avi,1,36,2,2,162
N0204V1S1A21R2.avi,1,21,1,2,204
N0171V1S1A13R2.avi,1,13,1,2,171
N0143V3S1A04R2.avi,1,4,3,2,143
N0348V2S1A16R2.avi,1,16,2,2,348
N0137V2S1A17R2.avi,1,17,2,2,137
N0217V3S1A30R2.avi,1,30,3,2,217
N0051V3S1A09R2.avi,1,9,3,2,51
N0154V1S1A27R2.avi,1,27,1,2,154
N0002V1S1A25R2.avi,1,25,1,2,2
N0019V3S1A32R2.avi,1,32,3,2,19
N0191V2S1A11R2.avi,1,11,2,2,191
N0049V1S1A10R2.avi,1,10,1,2,49
N0238V3S1A13R2.avi,1,13,3,2,238
N0342V1S1A48R2.avi,1,48,1,2,342
N0046V1S1A37R2.avi,1,37,1,2,46
N0272V3S1A28R2.avi,1,28,3,2,272
N0216V3S1A51R2.avi,1,51,3,2,216
N0018V3S1A28R0.avi,1,28,3,0,18
N0267V2S1A39R2.avi,1,39,2,2,267
N0236V2S1A04R2.avi,1,4,2,2,236
N0129V1S1A38R2.avi,1,38,1,2,129
N0113V1S1A30R2.avi,1,30,1,2,113
N0119V3S1A43R2.avi,1,43,3,2,119
N0133V1S1A20R2.avi,1,20,1,2,133
N0239V3S1A15R2.avi,1,15,3,2,239
N0182V2S1A30R2.avi,1,30,2,2,182
N0273V3S1A25R2.avi,1,25,3,2,273
N0039V3S1A22R2.avi,1,22,3,2,39
N0344V3S1A01R2.avi,1,1,3,2,344
N0189V2S1A05R2.avi,1,5,2,2,189
N0353V3S1A46R2.avi,1,46,3,2,353
N0256V3S1A04R2.avi,1,4,3,2,256
N0272V3S1A01R2.avi,1,1,3,2,272
N0026V1S1A03R2.avi,1,3,1,2,26
N0258V3S1A03R2.avi,1,3,3,2,258
N0080V1S1A37R2.avi,1,37,1,2,80
N0043V1S1A10R2.avi,1,10,1,2,43
N0197V1S1A37R2.avi,1,37,1,2,197
N0041V2S1A40R2.avi,1,40,2,2,41
N0097V1S1A10R2.avi,1,10,1,2,97
N0072V1S1A50R2.avi,1,50,1,2,72
N0258V3S1A34R2.avi,1,34,3,2,258
N0154V3S1A21R2.avi,1,21,3,2,154
N0063V2S1A32R2.avi,1,32,2,2,63
N0051V2S1A29R2.avi,1,29,2,2,51
N0138V3S1A28R2.avi,1,28,3,2,138
N0018V3S1A03R2.avi,1,3,3,2,18
N0043V3S1A20R2.avi,1,20,3,2,43
N0266V3S1A49R2.avi,1,49,3,2,266
N0011V3S1A05R2.avi,1,5,3,2,11
N0046V1S1A03R2.avi,1,3,1,2,46
N0039V1S1A11R2.avi,1,11,1,2,39
N0038V3S1A36R2.avi,1,36,3,2,38
N0094V3S1A27R2.avi,1,27,3,2,94
N0253V1S1A25R2.avi,1,25,1,2,253
N0256V3S1A40R2.avi,1,40,3,2,256
N0052V3S1A47R2.avi,1,47,3,2,52
N0176V1S1A51R2.avi,1,51,1,2,176
N0224V1S1A12R2.avi,1,12,1,2,224
N0148V1S1A03R2.avi,1,3,1,2,148
N0090V2S1A33R2.avi,1,33,2,2,90
N0277V1S1A17R2.avi,1,17,1,2,277
N0186V2S1A48R2.avi,1,48,2,2,186
N0097V1S1A13R2.avi,1,13,1,2,97
N0176V2S1A47R2.avi,1,47,2,2,176
N0188V1S1A10R2.avi,1,10,1,2,188
N0255V2S1A18R2.avi,1,18,2,2,255
N0356V1S1A06R2.avi,1,6,1,2,356
N0259V1S1A30R2.avi,1,30,1,2,259
N0275V1S1A02R2.avi,1,2,1,2,275
N0113V1S1A32R2.avi,1,32,1,2,113
N0070V3S1A23R1.avi,1,23,3,1,70
N0259V2S1A34R2.avi,1,34,2,2,259
N0143V3S1A05R2.avi,1,5,3,2,143
N0137V2S1A10R2.avi,1,10,2,2,137
N0009V1S1A29R2.avi,1,29,1,2,9
N0123V2S1A05R2.avi,1,5,2,2,123
N0087V3S1A22R2.avi,1,22,3,2,87
N0255V3S1A27R2.avi,1,27,3,2,255
N0196V2S1A50R2.avi,1,50,2,2,196
N0166V2S1A09R2.avi,1,9,2,2,166
N0169V3S1A43R2.avi,1,43,3,2,169
N0232V2S1A39R2.avi,1,39,2,2,232
N0070V2S1A33R2.avi,1,33,2,2,70
N0228V1S1A42R1.avi,1,42,1,1,228
N0222V1S1A43R2.avi,1,43,1,2,222
N0258V1S1A28R2.avi,1,28,1,2,258
N0243V1S1A50R2.avi,1,50,1,2,243
N0252V3S1A37R2.avi,1,37,3,2,252
N0177V2S1A31R2.avi,1,31,2,2,177
N0356V3S1A22R2.avi,1,22,3,2,356
N0049V1S1A22R2.avi,1,22,1,2,49
N0342V3S1A44R2.avi,1,44,3,2,342
N0221V3S1A17R2.avi,1,17,3,2,221
N0347V1S1A25R2.avi,1,25,1,2,347
N0275V1S1A20R2.avi,1,20,1,2,275
N0019V3S1A42R0.avi,1,42,3,0,19
N0193V2S1A11R2.avi,1,11,2,2,193
N0006V3S1A33R2.avi,1,33,3,2,6
N0099V2S1A35R2.avi,1,35,2,2,99
N0262V3S1A10R2.avi,1,10,3,2,262
N0100V2S1A30R2.avi,1,30,2,2,100
N0178V1S1A38R2.avi,1,38,1,2,178
N0206V3S1A13R2.avi,1,13,3,2,206
N0183V1S1A45R2.avi,1,45,1,2,183
N0067V2S1A15R2.avi,1,15,2,2,67
N0080V3S1A35R2.avi,1,35,3,2,80
N0142V1S1A34R2.avi,1,34,1,2,142
N0123V1S1A11R2.avi,1,11,1,2,123
N0282V3S1A22R2.avi,1,22,3,2,282
N0013V2S1A32R2.avi,1,32,2,2,13
N0180V3S1A47R2.avi,1,47,3,2,180
N0230V3S1A31R2.avi,1,31,3,2,230
N0189V1S1A05R2.avi,1,5,1,2,189
N0151V1S1A06R2.avi,1,6,1,2,151
N0072V3S1A28R2.avi,1,28,3,2,72
N0351V3S1A45R2.avi,1,45,3,2,351
N0140V2S1A35R2.avi,1,35,2,2,140
N0044V1S1A12R2.avi,1,12,1,2,44
N0335V1S1A45R2.avi,1,45,1,2,335
N0211V2S1A34R2.avi,1,34,2,2,211
N0231V1S1A05R2.avi,1,5,1,2,231
N0032V1S1A30R1.avi,1,30,1,1,32
N0252V2S1A05R2.avi,1,5,2,2,252
N0262V1S1A23R2.avi,1,23,1,2,262
N0335V3S1A45R2.avi,1,45,3,2,335
N0168V2S1A37R2.avi,1,37,2,2,168
N0216V1S1A40R2.avi,1,40,1,2,216
N0276V1S1A48R2.avi,1,48,1,2,276
N0289V1S1A22R2.avi,1,22,1,2,289
N0107V1S1A07R2.avi,1,7,1,2,107
N0261V3S1A24R2.avi,1,24,3,2,261
N0219V2S1A07R2.avi,1,7,2,2,219
N0118V2S1A34R2.avi,1,34,2,2,118
N0281V3S1A06R2.avi,1,6,3,2,281
N0028V3S1A02R2.avi,1,2,3,2,28
N0179V2S1A44R2.avi,1,44,2,2,179
N0007V2S1A45R2.avi,1,45,2,2,7
N0093V2S1A41R2.avi,1,41,2,2,93
N0269V3S1A49R2.avi,1,49,3,2,269
N0335V3S1A11R2.avi,1,11,3,2,335
N0160V1S1A23R2.avi,1,23,1,2,160
N0172V1S1A35R2.avi,1,35,1,2,172
N0168V1S1A51R2.avi,1,51,1,2,168
N0182V2S1A46R2.avi,1,46,2,2,182
N0048V3S1A35R2.avi,1,35,3,2,48
N0262V1S1A31R2.avi,1,31,1,2,262
N0212V1S1A33R2.avi,1,33,1,2,212
N0152V3S1A47R2.avi,1,47,3,2,152
N0136V1S1A06R2.avi,1,6,1,2,136
N0250V3S1A36R2.avi,1,36,3,2,250
N0269V3S1A50R2.avi,1,50,3,2,269
N0277V3S1A42R2.avi,1,42,3,2,277
N0289V3S1A34R2.avi,1,34,3,2,289
N0265V3S1A09R2.avi,1,9,3,2,265
N0350V2S1A02R2.avi,1,2,2,2,350
N0079V1S1A15R2.avi,1,15,1,2,79
N0062V1S1A46R2.avi,1,46,1,2,62
N0085V2S1A18R2.avi,1,18,2,2,85
N0258V3S1A43R2.avi,1,43,3,2,258
N0220V2S1A17R2.avi,1,17,2,2,220
N0121V1S1A36R1.avi,1,36,1,1,121
N0019V1S1A04R2.avi,1,4,1,2,19
N0168V2S1A03R2.avi,1,3,2,2,168
N0184V3S1A26R2.avi,1,26,3,2,184
N0202V2S1A40R2.avi,1,40,2,2,202
N0241V3S1A15R2.avi,1,15,3,2,241
N0078V1S1A01R2.avi,1,1,1,2,78
N0187V2S1A19R2.avi,1,19,2,2,187
N0173V1S1A29R2.avi,1,29,1,2,173
N0256V3S1A51R2.avi,1,51,3,2,256
N0233V1S1A42R2.avi,1,42,1,2,233
N0360V2S1A30R2.avi,1,30,2,2,360
N0209V2S1A15R2.avi,1,15,2,2,209
N0274V3S1A44R2.avi,1,44,3,2,274
N0203V2S1A34R2.avi,1,34,2,2,203
N0002V2S1A50R1.avi,1,50,2,1,2
N0080V2S1A02R2.avi,1,2,2,2,80
N0057V3S1A04R2.avi,1,4,3,2,57
N0066V1S1A33R2.avi,1,33,1,2,66
N0334V2S1A30R2.avi,1,30,2,2,334
N0016V1S1A38R2.avi,1,38,1,2,16
N0138V1S1A08R2.avi,1,8,1,2,138
N0242V1S1A23R2.avi,1,23,1,2,242
N0161V2S1A39R2.avi,1,39,2,2,161
N0141V3S1A05R2.avi,1,5,3,2,141
N0031V3S1A09R2.avi,1,9,3,2,31
N0122V2S1A49R2.avi,1,49,2,2,122
N0188V1S1A46R2.avi,1,46,1,2,188
N0038V3S1A25R2.avi,1,25,3,2,38
N0087V2S1A07R2.avi,1,7,2,2,87
N0261V2S1A26R2.avi,1,26,2,2,261
N0048V1S1A01R2.avi,1,1,1,2,48
N0079V1S1A39R2.avi,1,39,1,2,79
N0250V2S1A10R2.avi,1,10,2,2,250
N0355V3S1A45R2.avi,1,45,3,2,355
N0209V3S1A50R2.avi,1,50,3,2,209
N0239V1S1A09R2.avi,1,9,1,2,239
N0067V2S1A38R2.avi,1,38,2,2,67
N0187V1S1A13R2.avi,1,13,1,2,187
N0130V2S1A33R2.avi,1,33,2,2,130
N0194V3S1A26R2.avi,1,26,3,2,194
N0080V2S1A37R2.avi,1,37,2,2,80
N0220V2S1A38R2.avi,1,38,2,2,220
N0226V1S1A11R2.avi,1,11,1,2,226
N0112V2S1A23R2.avi,1,23,2,2,112
N0130V3S1A04R2.avi,1,4,3,2,130
N0001V2S1A10R2.avi,1,10,2,2,1
N0227V3S1A06R2.avi,1,6,3,2,227
N0267V3S1A06R2.avi,1,6,3,2,267
N0037V2S1A44R2.avi,1,44,2,2,37
N0168V1S1A28R2.avi,1,28,1,2,168
N0277V1S1A33R2.avi,1,33,1,2,277
N0266V1S1A28R2.avi,1,28,1,2,266
N0157V3S1A29R2.avi,1,29,3,2,157
N0121V3S1A44R1.avi,1,44,3,1,121
N0042V2S1A33R2.avi,1,33,2,2,42
N0192V1S1A44R2.avi,1,44,1,2,192
N0203V1S1A09R2.avi,1,9,1,2,203
N0183V3S1A17R2.avi,1,17,3,2,183
N0189V3S1A04R2.avi,1,4,3,2,189
N0168V3S1A33R2.avi,1,33,3,2,168
N0245V1S1A21R2.avi,1,21,1,2,245
N0362V2S1A13R2.avi,1,13,2,2,362
N0080V2S1A29R2.avi,1,29,2,2,80
N0149V3S1A07R2.avi,1,7,3,2,149
N0229V2S1A20R2.avi,1,20,2,2,229
N0226V2S1A01R2.avi,1,1,2,2,226
N0260V1S1A14R2.avi,1,14,1,2,260
N0192V1S1A31R2.avi,1,31,1,2,192
N0152V1S1A10R2.avi,1,10,1,2,152
N0062V3S1A05R2.avi,1,5,3,2,62
N0150V2S1A11R2.avi,1,11,2,2,150
N0129V3S1A48R2.avi,1,48,3,2,129
N0235V2S1A24R2.avi,1,24,2,2,235
N0092V2S1A49R2.avi,1,49,2,2,92
N0127V3S1A31R2.avi,1,31,3,2,127
N0036V1S1A02R2.avi,1,2,1,2,36
N0091V1S1A50R2.avi,1,50,1,2,91
N0211V3S1A10R2.avi,1,10,3,2,211
N0100V2S1A46R2.avi,1,46,2,2,100
N0130V3S1A45R2.avi,1,45,3,2,130
N0243V1S1A48R2.avi,1,48,1,2,243
N0201V1S1A06R2.avi,1,6,1,2,201
N0158V3S1A51R2.avi,1,51,3,2,158
N0208V1S1A04R2.avi,1,4,1,2,208
N0195V2S1A18R2.avi,1,18,2,2,195
N0037V2S1A20R2.avi,1,20,2,2,37
N0074V3S1A21R1.avi,1,21,3,1,74
N0357V3S1A07R2.avi,1,7,3,2,357
N0017V3S1A31R1.avi,1,31,3,1,17
N0361V3S1A35R2.avi,1,35,3,2,361
N0021V3S1A45R2.avi,1,45,3,2,21
N0147V3S1A44R2.avi,1,44,3,2,147
N0268V1S1A43R2.avi,1,43,1,2,268
N0084V3S1A21R2.avi,1,21,3,2,84
N0209V1S1A06R2.avi,1,6,1,2,209
N0012V1S1A51R2.avi,1,51,1,2,12
N0288V2S1A32R2.avi,1,32,2,2,288
N0350V3S1A04R2.avi,1,4,3,2,350
N0209V1S1A28R2.avi,1,28,1,2,209
N0178V1S1A03R2.avi,1,3,1,2,178
N0355V1S1A33R2.avi,1,33,1,2,355
N0343V3S1A45R2.avi,1,45,3,2,343
N0272V2S1A20R2.avi,1,20,2,2,272
N0192V3S1A46R2.avi,1,46,3,2,192
N0257V2S1A15R2.avi,1,15,2,2,257
N0185V2S1A14R2.avi,1,14,2,2,185
N0195V3S1A27R2.avi,1,27,3,2,195
N0049V2S1A08R2.avi,1,8,2,2,49
N0082V1S1A34R2.avi,1,34,1,2,82
N0209V3S1A15R2.avi,1,15,3,2,209
N0353V2S1A08R2.avi,1,8,2,2,353
N0268V2S1A37R2.avi,1,37,2,2,268
N0348V3S1A24R2.avi,1,24,3,2,348
N0132V2S1A01R2.avi,1,1,2,2,132
N0029V2S1A45R2.avi,1,45,2,2,29
N0256V1S1A22R2.avi,1,22,1,2,256
N0275V1S1A47R2.avi,1,47,1,2,275
N0232V2S1A02R2.avi,1,2,2,2,232
N0219V3S1A41R2.avi,1,41,3,2,219
N0081V3S1A40R2.avi,1,40,3,2,81
N0212V2S1A38R2.avi,1,38,2,2,212
N0133V2S1A32R2.avi,1,32,2,2,133
N0285V2S1A21R2.avi,1,21,2,2,285
N0097V3S1A38R2.avi,1,38,3,2,97
N0343V2S1A50R2.avi,1,50,2,2,343
N0262V3S1A11R2.avi,1,11,3,2,262
N0026V2S1A37R2.avi,1,37,2,2,26
N0087V3S1A17R2.avi,1,17,3,2,87
N0100V2S1A03R2.avi,1,3,2,2,100
N0188V1S1A08R2.avi,1,8,1,2,188
N0219V3S1A20R2.avi,1,20,3,2,219
N0120V2S1A29R2.avi,1,29,2,2,120
N0190V2S1A44R2.avi,1,44,2,2,190
N0126V2S1A37R2.avi,1,37,2,2,126
N0197V1S1A28R0.avi,1,28,1,0,197
N0193V1S1A07R2.avi,1,7,1,2,193
N0051V3S1A38R2.avi,1,38,3,2,51
N0103V3S1A43R2.avi,1,43,3,2,103
N0148V1S1A49R2.avi,1,49,1,2,148
N0257V1S1A46R2.avi,1,46,1,2,257
N0002V3S1A17R2.avi,1,17,3,2,2
N0268V2S1A50R2.avi,1,50,2,2,268
N0188V2S1A33R2.avi,1,33,2,2,188
N0288V2S1A33R2.avi,1,33,2,2,288
N0281V1S1A42R2.avi,1,42,1,2,281
N0354V1S1A03R2.avi,1,3,1,2,354
N0027V3S1A20R2.avi,1,20,3,2,27
N0197V1S1A36R2.avi,1,36,1,2,197
N0355V2S1A47R2.avi,1,47,2,2,355
N0099V2S1A30R2.avi,1,30,2,2,99
N0343V2S1A02R2.avi,1,2,2,2,343
N0186V3S1A46R2.avi,1,46,3,2,186
N0173V1S1A31R2.avi,1,31,1,2,173
N0051V1S1A04R2.avi,1,4,1,2,51
N0152V3S1A34R2.avi,1,34,3,2,152
N0203V3S1A13R2.avi,1,13,3,2,203
N0110V2S1A40R2.avi,1,40,2,2,110
N0120V2S1A10R2.avi,1,10,2,2,120
N0080V3S1A51R2.avi,1,51,3,2,80
N0108V3S1A36R2.avi,1,36,3,2,108
N0148V2S1A25R2.avi,1,25,2,2,148
N0021V2S1A07R2.avi,1,7,2,2,21
N0233V3S1A15R2.avi,1,15,3,2,233
N0182V3S1A25R2.avi,1,25,3,2,182
N0161V1S1A43R2.avi,1,43,1,2,161
N0266V3S1A33R2.avi,1,33,3,2,266
N0135V1S1A27R2.avi,1,27,1,2,135
N0126V1S1A40R2.avi,1,40,1,2,126
N0348V2S1A21R2.avi,1,21,2,2,348
N0140V2S1A25R2.avi,1,25,2,2,140
N0203V2S1A30R2.avi,1,30,2,2,203
N0020V3S1A08R2.avi,1,8,3,2,20
N0082V2S1A02R2.avi,1,2,2,2,82
N0089V3S1A43R2.avi,1,43,3,2,89
N0163V1S1A09R2.avi,1,9,1,2,163
N0203V1S1A37R2.avi,1,37,1,2,203
N0092V3S1A33R2.avi,1,33,3,2,92
N0198V3S1A22R2.avi,1,22,3,2,198
N0337V1S1A23R2.avi,1,23,1,2,337
N0183V2S1A05R2.avi,1,5,2,2,183
N0082V2S1A37R2.avi,1,37,2,2,82
N0047V3S1A22R2.avi,1,22,3,2,47
N0015V3S1A16R2.avi,1,16,3,2,15
N0162V1S1A23R2.avi,1,23,1,2,162
N0188V3S1A51R2.avi,1,51,3,2,188
N0053V3S1A22R2.avi,1,22,3,2,53
N0147V3S1A01R2.avi,1,1,3,2,147
N0212V2S1A03R2.avi,1,3,2,2,212
N0289V1S1A46R2.avi,1,46,1,2,289
N0159V3S1A07R2.avi,1,7,3,2,159
N0257V2S1A51R2.avi,1,51,2,2,257
N0206V3S1A46R2.avi,1,46,3,2,206
N0124V2S1A26R2.avi,1,26,2,2,124
N0077V3S1A09R2.avi,1,9,3,2,77
N0221V2S1A06R2.avi,1,6,2,2,221
N0240V1S1A49R2.avi,1,49,1,2,240
N0178V2S1A29R2.avi,1,29,2,2,178
N0136V2S1A35R2.avi,1,35,2,2,136
N0110V1S1A03R2.avi,1,3,1,2,110
N0346V1S1A04R2.avi,1,4,1,2,346
N0350V2S1A05R2.avi,1,5,2,2,350
N0238V2S1A31R2.avi,1,31,2,2,238
N0143V1S1A45R2.avi,1,45,1,2,143
N0222V3S1A45R2.avi,1,45,3,2,222
N0110V3S1A40R2.avi,1,40,3,2,110
N0168V3S1A10R2.avi,1,10,3,2,168
N0192V3S1A13R2.avi,1,13,3,2,192
N0267V1S1A44R2.avi,1,44,1,2,267
N0109V3S1A23R2.avi,1,23,3,2,109
N0363V3S1A15R2.avi,1,15,3,2,363
N0243V3S1A23R0.avi,1,23,3,0,243
N0094V1S1A21R2.avi,1,21,1,2,94
N0159V1S1A04R2.avi,1,4,1,2,159
N0265V1S1A34R2.avi,1,34,1,2,265
N0076V3S1A35R2.avi,1,35,3,2,76
N0254V2S1A21R2.avi,1,21,2,2,254
N0108V1S1A36R2.avi,1,36,1,2,108
N0217V3S1A49R2.avi,1,49,3,2,217
N0212V3S1A34R2.avi,1,34,3,2,212
N0030V2S1A10R2.avi,1,10,2,2,30
N0340V1S1A25R2.avi,1,25,1,2,340
N0274V2S1A01R2.avi,1,1,2,2,274
N0111V3S1A20R2.avi,1,20,3,2,111
N0146V1S1A37R2.avi,1,37,1,2,146
N0047V3S1A11R2.avi,1,11,3,2,47
N0352V3S1A20R2.avi,1,20,3,2,352
N0051V3S1A13R2.avi,1,13,3,2,51
N0073V2S1A41R2.avi,1,41,2,2,73
N0336V3S1A48R2.avi,1,48,3,2,336
N0088V2S1A33R2.avi,1,33,2,2,88
N0253V2S1A30R2.avi,1,30,2,2,253
N0163V1S1A15R2.avi,1,15,1,2,163
N0041V3S1A06R2.avi,1,6,3,2,41
N0152V2S1A30R2.avi,1,30,2,2,152
N0008V1S1A37R2.avi,1,37,1,2,8
N0351V2S1A45R2.avi,1,45,2,2,351
N0223V2S1A09R2.avi,1,9,2,2,223
N0200V1S1A02R2.avi,1,2,1,2,200
N0057V3S1A22R2.avi,1,22,3,2,57
N0144V2S1A14R2.avi,1,14,2,2,144
N0267V1S1A23R2.avi,1,23,1,2,267
N0262V1S1A28R2.avi,1,28,1,2,262
N0274V2S1A39R2.avi,1,39,2,2,274
N0036V3S1A23R2.avi,1,23,3,2,36
N0083V1S1A23R2.avi,1,23,1,2,83
N0259V1S1A08R2.avi,1,8,1,2,259
N0066V2S1A47R2.avi,1,47,2,2,66
N0136V3S1A08R2.avi,1,8,3,2,136
N0001V1S1A15R2.avi,1,15,1,2,1
N0020V3S1A19R2.avi,1,19,3,2,20
N0071V1S1A29R2.avi,1,29,1,2,71
N0167V1S1A38R2.avi,1,38,1,2,167
N0129V3S1A42R2.avi,1,42,3,2,129
N0130V2S1A35R0.avi,1,35,2,0,130
N0139V3S1A15R2.avi,1,15,3,2,139
N0220V2S1A22R2.avi,1,22,2,2,220
N0127V1S1A17R2.avi,1,17,1,2,127
N0208V1S1A38R2.avi,1,38,1,2,208
N0285V1S1A16R2.avi,1,16,1,2,285
N0038V2S1A03R2.avi,1,3,2,2,38
N0117V3S1A30R2.avi,1,30,3,2,117
N0008V3S1A30R2.avi,1,30,3,2,8
N0207V3S1A22R2.avi,1,22,3,2,207
N0345V2S1A44R2.avi,1,44,2,2,345
N0104V2S1A27R2.avi,1,27,2,2,104
N0283V3S1A48R2.avi,1,48,3,2,283
N0174V2S1A16R1.avi,1,16,2,1,174
N0098V3S1A04R2.avi,1,4,3,2,98
N0010V2S1A36R1.avi,1,36,2,1,10
N0222V3S1A49R2.avi,1,49,3,2,222
N0226V3S1A29R2.avi,1,29,3,2,226
N0190V1S1A50R2.avi,1,50,1,2,190
N0025V1S1A21R2.avi,1,21,1,2,25
N0105V2S1A12R2.avi,1,12,2,2,105
N0254V2S1A18R2.avi,1,18,2,2,254
N0022V3S1A06R2.avi,1,6,3,2,22
N0253V1S1A44R2.avi,1,44,1,2,253
N0272V1S1A11R2.avi,1,11,1,2,272
N0211V2S1A06R2.avi,1,6,2,2,211
N0006V3S1A30R2.avi,1,30,3,2,6
N0103V1S1A08R2.avi,1,8,1,2,103
N0143V1S1A48R2.avi,1,48,1,2,143
N0274V2S1A23R2.avi,1,23,2,2,274
N0129V1S1A42R2.avi,1,42,1,2,129
N0019V3S1A19R2.avi,1,19,3,2,19
N0252V1S1A34R2.avi,1,34,1,2,252
N0048V2S1A09R1.avi,1,9,2,1,48
N0040V1S1A30R2.avi,1,30,1,2,40
N0238V3S1A03R2.avi,1,3,3,2,238
N0241V2S1A13R2.avi,1,13,2,2,241
N0023V1S1A20R2.avi,1,20,1,2,23
N0258V1S1A04R2.avi,1,4,1,2,258
N0200V1S1A44R2.avi,1,44,1,2,200
N0230V2S1A33R2.avi,1,33,2,2,230
N0174V2S1A27R2.avi,1,27,2,2,174
N0140V3S1A50R2.avi,1,50,3,2,140
N0189V3S1A09R2.avi,1,9,3,2,189
N0278V2S1A38R2.avi,1,38,2,2,278
N0251V1S1A42R2.avi,1,42,1,2,251
N0271V1S1A16R2.avi,1,16,1,2,271
N0010V3S1A30R2.avi,1,30,3,2,10
N0221V1S1A10R2.avi,1,10,1,2,221
N0280V3S1A03R2.avi,1,3,3,2,280
N0016V3S1A28R1.avi,1,28,3,1,16
N0112V1S1A38R2.avi,1,38,1,2,112
N0126V1S1A28R2.avi,1,28,1,2,126
N0008V3S1A51R2.avi,1,51,3,2,8
N0023V1S1A23R1.avi,1,23,1,1,23
N0140V1S1A28R2.avi,1,28,1,2,140
N0072V1S1A37R2.avi,1,37,1,2,72
N0214V2S1A26R2.avi,1,26,2,2,214
N0143V1S1A07R2.avi,1,7,1,2,143
N0017V3S1A15R2.avi,1,15,3,2,17
N0200V3S1A49R2.avi,1,49,3,2,200
N0006V2S1A36R1.avi,1,36,2,1,6
N0027V1S1A06R2.avi,1,6,1,2,27
N0121V3S1A29R2.avi,1,29,3,2,121
N0133V3S1A25R2.avi,1,25,3,2,133
N0191V3S1A10R2.avi,1,10,3,2,191
N0141V2S1A17R2.avi,1,17,2,2,141
N0096V1S1A42R2.avi,1,42,1,2,96
N0285V1S1A26R2.avi,1,26,1,2,285
N0278V2S1A39R2.avi,1,39,2,2,278
N0068V2S1A05R2.avi,1,5,2,2,68
N0113V2S1A31R2.avi,1,31,2,2,113
N0336V1S1A43R2.avi,1,43,1,2,336
N0050V1S1A03R2.avi,1,3,1,2,50
N0153V2S1A17R2.avi,1,17,2,2,153
N0282V3S1A37R2.avi,1,37,3,2,282
N0104V3S1A12R2.avi,1,12,3,2,104
N0082V2S1A51R2.avi,1,51,2,2,82
N0235V2S1A27R2.avi,1,27,2,2,235
N0009V2S1A07R2.avi,1,7,2,2,9
N0238V2S1A25R2.avi,1,25,2,2,238
N0353V1S1A08R2.avi,1,8,1,2,353
N0210V1S1A23R2.avi,1,23,1,2,210
N0126V2S1A41R2.avi,1,41,2,2,126
N0354V1S1A04R2.avi,1,4,1,2,354
N0363V2S1A50R2.avi,1,50,2,2,363
N0171V1S1A41R0.avi,1,41,1,0,171
N0091V3S1A50R2.avi,1,50,3,2,91
N0086V1S1A30R2.avi,1,30,1,2,86
N0064V3S1A18R2.avi,1,18,3,2,64
N0250V3S1A10R2.avi,1,10,3,2,250
N0076V2S1A28R2.avi,1,28,2,2,76
N0011V2S1A13R2.avi,1,13,2,2,11
N0032V3S1A33R2.avi,1,33,3,2,32
N0147V3S1A04R2.avi,1,4,3,2,147
N0140V3S1A03R2.avi,1,3,3,2,140
N0359V3S1A21R2.avi,1,21,3,2,359
N0363V1S1A25R2.avi,1,25,1,2,363
N0101V3S1A40R2.avi,1,40,3,2,101
N0033V3S1A04R2.avi,1,4,3,2,33
N0033V3S1A45R2.avi,1,45,3,2,33
N0057V3S1A42R2.avi,1,42,3,2,57
N0154V3S1A16R2.avi,1,16,3,2,154
N0170V3S1A28R2.avi,1,28,3,2,170
N0355V3S1A49R2.avi,1,49,3,2,355
N0275V2S1A11R2.avi,1,11,2,2,275
N0071V2S1A20R2.avi,1,20,2,2,71
N0222V2S1A03R2.avi,1,3,2,2,222
N0340V2S1A40R2.avi,1,40,2,2,340
N0353V2S1A51R2.avi,1,51,2,2,353
N0064V1S1A12R2.avi,1,12,1,2,64
N0287V2S1A51R2.avi,1,51,2,2,287
N0251V1S1A45R2.avi,1,45,1,2,251
N0046V1S1A39R2.avi,1,39,1,2,46
N0157V3S1A07R2.avi,1,7,3,2,157
N0107V1S1A20R2.avi,1,20,1,2,107
N0280V1S1A03R2.avi,1,3,1,2,280
N0041V1S1A22R2.avi,1,22,1,2,41
N0114V2S1A21R2.avi,1,21,2,2,114
N0098V3S1A20R2.avi,1,20,3,2,98
N0178V2S1A46R2.avi,1,46,2,2,178
N0356V3S1A15R2.avi,1,15,3,2,356
N0028V1S1A01R2.avi,1,1,1,2,28
N0008V2S1A08R2.avi,1,8,2,2,8
N0070V1S1A34R2.avi,1,34,1,2,70
N0258V1S1A32R2.avi,1,32,1,2,258
N0344V2S1A01R2.avi,1,1,2,2,344
N0171V1S1A11R2.avi,1,11,1,2,171
N0096V1S1A08R2.avi,1,8,1,2,96
N0202V3S1A40R2.avi,1,40,3,2,202
N0263V2S1A33R2.avi,1,33,2,2,263
N0150V2S1A31R0.avi,1,31,2,0,150
N0081V1S1A13R1.avi,1,13,1,1,81
N0239V3S1A32R2.avi,1,32,3,2,239
N0036V1S1A30R2.avi,1,30,1,2,36
N0178V2S1A37R2.avi,1,37,2,2,178
N0357V3S1A33R2.avi,1,33,3,2,357
N0101V3S1A50R2.avi,1,50,3,2,101
N0363V2S1A25R2.avi,1,25,2,2,363
N0093V3S1A42R2.avi,1,42,3,2,93
N0356V1S1A33R2.avi,1,33,1,2,356
N0116V1S1A03R2.avi,1,3,1,2,116
N0020V3S1A39R2.avi,1,39,3,2,20
N0234V2S1A21R2.avi,1,21,2,2,234
N0276V3S1A10R2.avi,1,10,3,2,276
N0177V2S1A01R2.avi,1,1,2,2,177
N0064V3S1A27R2.avi,1,27,3,2,64
N0269V2S1A36R2.avi,1,36,2,2,269
N0359V1S1A27R2.avi,1,27,1,2,359
N0167V2S1A29R2.avi,1,29,2,2,167
N0146V3S1A08R2.avi,1,8,3,2,146
N0274V3S1A36R2.avi,1,36,3,2,274
N0360V1S1A42R2.avi,1,42,1,2,360
N0362V2S1A15R2.avi,1,15,2,2,362
N0278V1S1A51R2.avi,1,51,1,2,278
N0274V2S1A28R2.avi,1,28,2,2,274
N0227V3S1A10R2.avi,1,10,3,2,227
N0071V2S1A06R2.avi,1,6,2,2,71
N0273V2S1A08R2.avi,1,8,2,2,273
N0270V3S1A26R2.avi,1,26,3,2,270
N0015V2S1A18R2.avi,1,18,2,2,15
N0241V1S1A06R2.avi,1,6,1,2,241
N0026V2S1A38R2.avi,1,38,2,2,26
N0282V3S1A23R2.avi,1,23,3,2,282
N0087V3S1A05R2.avi,1,5,3,2,87
N0340V1S1A07R2.avi,1,7,1,2,340
N0060V2S1A29R2.avi,1,29,2,2,60
N0360V2S1A03R2.avi,1,3,2,2,360
N0111V3S1A30R2.avi,1,30,3,2,111
N0279V3S1A19R2.avi,1,19,3,2,279
N0042V3S1A17R2.avi,1,17,3,2,42
N0050V3S1A02R2.avi,1,2,3,2,50
N0189V1S1A41R2.avi,1,41,1,2,189
N0012V2S1A49R2.avi,1,49,2,2,12
N0151V1S1A28R0.avi,1,28,1,0,151
N0023V1S1A10R2.avi,1,10,1,2,23
N0275V1S1A11R2.avi,1,11,1,2,275
N0126V2S1A28R2.avi,1,28,2,2,126
N0020V1S1A01R2.avi,1,1,1,2,20
N0287V3S1A39R2.avi,1,39,3,2,287
N0339V3S1A21R2.avi,1,21,3,2,339
N0170V3S1A23R2.avi,1,23,3,2,170
N0123V1S1A37R2.avi,1,37,1,2,123
N0067V3S1A17R2.avi,1,17,3,2,67
N0119V1S1A43R2.avi,1,43,1,2,119
N0334V3S1A38R2.avi,1,38,3,2,334
N0206V1S1A36R2.avi,1,36,1,2,206
N0166V2S1A38R2.avi,1,38,2,2,166
N0336V1S1A40R2.avi,1,40,1,2,336
N0053V1S1A08R2.avi,1,8,1,2,53
N0010V3S1A48R2.avi,1,48,3,2,10
N0027V1S1A38R2.avi,1,38,1,2,27
N0275V3S1A37R2.avi,1,37,3,2,275
N0275V3S1A09R2.avi,1,9,3,2,275
N0263V3S1A29R2.avi,1,29,3,2,263
N0267V3S1A05R2.avi,1,5,3,2,267
N0149V2S1A44R2.avi,1,44,2,2,149
N0278V2S1A43R2.avi,1,43,2,2,278
N0037V3S1A04R2.avi,1,4,3,2,37
N0206V1S1A46R2.avi,1,46,1,2,206
N0218V3S1A13R2.avi,1,13,3,2,218
N0278V3S1A28R2.avi,1,28,3,2,278
N0050V2S1A49R2.avi,1,49,2,2,50
N0080V1S1A39R2.avi,1,39,1,2,80
N0121V2S1A49R2.avi,1,49,2,2,121
N0077V1S1A38R2.avi,1,38,1,2,77
N0362V2S1A29R2.avi,1,29,2,2,362
N0072V2S1A13R2.avi,1,13,2,2,72
N0235V1S1A14R2.avi,1,14,1,2,235
N0121V1S1A13R2.avi,1,13,1,2,121
N0168V2S1A48R2.avi,1,48,2,2,168
N0157V1S1A22R2.avi,1,22,1,2,157
N0073V3S1A15R2.avi,1,15,3,2,73
N0040V2S1A46R2.avi,1,46,2,2,40
N0019V2S1A45R0.avi,1,45,2,0,19
N0098V2S1A44R2.avi,1,44,2,2,98
N0228V2S1A42R1.avi,1,42,2,1,228
N0176V3S1A03R2.avi,1,3,3,2,176
N0220V2S1A25R2.avi,1,25,2,2,220
N0174V1S1A26R1.avi,1,26,1,1,174
N0138V1S1A09R2.avi,1,9,1,2,138
N0113V2S1A48R2.avi,1,48,2,2,113
N0253V3S1A09R2.avi,1,9,3,2,253
N0134V3S1A18R2.avi,1,18,3,2,134
N0263V3S1A15R2.avi,1,15,3,2,263
N0132V3S1A50R2.avi,1,50,3,2,132
N0339V1S1A14R2.avi,1,14,1,2,339
N0276V3S1A51R1.avi,1,51,3,1,276
N0101V2S1A20R2.avi,1,20,2,2,101
N0238V2S1A49R2.avi,1,49,2,2,238
N0078V2S1A06R2.avi,1,6,2,2,78
N0077V3S1A50R2.avi,1,50,3,2,77
N0013V3S1A04R2.avi,1,4,3,2,13
N0110V2S1A33R2.avi,1,33,2,2,110
N0116V1S1A28R2.avi,1,28,1,2,116
N0068V1S1A46R2.avi,1,46,1,2,68
N0070V2S1A19R2.avi,1,19,2,2,70
N0139V3S1A45R2.avi,1,45,3,2,139
N0265V2S1A49R2.avi,1,49,2,2,265
N0030V3S1A10R2.avi,1,10,3,2,30
N0096V3S1A43R2.avi,1,43,3,2,96
N0191V3S1A28R1.avi,1,28,3,1,191
N0087V2S1A09R2.avi,1,9,2,2,87
N0214V1S1A24R2.avi,1,24,1,2,214
N0178V1S1A25R2.avi,1,25,1,2,178
N0136V1S1A49R2.avi,1,49,1,2,136
N0183V2S1A07R2.avi,1,7,2,2,183
N0019V3S1A23R2.avi,1,23,3,2,19
N0010V1S1A37R2.avi,1,37,1,2,10
N0113V3S1A48R2.avi,1,48,3,2,113
N0113V2S1A02R2.avi,1,2,2,2,113
N0073V1S1A22R2.avi,1,22,1,2,73
N0178V1S1A06R2.avi,1,6,1,2,178
N0250V2S1A51R2.avi,1,51,2,2,250
N0137V1S1A06R2.avi,1,6,1,2,137
N0131V1S1A17R2.avi,1,17,1,2,131
N0117V1S1A42R2.avi,1,42,1,2,117
N0236V1S1A25R2.avi,1,25,1,2,236
N0010V1S1A34R2.avi,1,34,1,2,10
N0216V2S1A44R2.avi,1,44,2,2,216
N0092V1S1A48R2.avi,1,48,1,2,92
N0064V2S1A24R2.avi,1,24,2,2,64
N0273V1S1A42R2.avi,1,42,1,2,273
N0203V1S1A30R2.avi,1,30,1,2,203
N0124V1S1A16R2.avi,1,16,1,2,124
N0091V1S1A43R2.avi,1,43,1,2,91
N0153V3S1A17R2.avi,1,17,3,2,153
N0170V2S1A40R1.avi,1,40,2,1,170
N0060V3S1A51R2.avi,1,51,3,2,60
N0146V3S1A02R2.avi,1,2,3,2,146
N0183V1S1A42R2.avi,1,42,1,2,183
N0287V1S1A05R2.avi,1,5,1,2,287
N0155V2S1A18R2.avi,1,18,2,2,155
N0219V3S1A38R2.avi,1,38,3,2,219
N0036V3S1A38R2.avi,1,38,3,2,36
N0001V2S1A29R2.avi,1,29,2,2,1
N0254V3S1A18R2.avi,1,18,3,2,254
N0201V2S1A06R2.avi,1,6,2,2,201
N0013V1S1A41R2.avi,1,41,1,2,13
N0086V3S1A30R2.avi,1,30,3,2,86
N0187V3S1A23R2.avi,1,23,3,2,187
N0352V1S1A22R2.avi,1,22,1,2,352
N0089V3S1A20R2.avi,1,20,3,2,89
N0016V3S1A33R2.avi,1,33,3,2,16
N0268V3S1A06R2.avi,1,6,3,2,268
N0129V1S1A11R2.avi,1,11,1,2,129
N0101V2S1A31R2.avi,1,31,2,2,101
N0239V2S1A22R2.avi,1,22,2,2,239
N0360V1S1A04R2.avi,1,4,1,2,360
N0193V3S1A51R2.avi,1,51,3,2,193
N0132V1S1A23R2.avi,1,23,1,2,132
N0130V3S1A41R2.avi,1,41,3,2,130
N0149V2S1A13R2.avi,1,13,2,2,149
N0220V2S1A40R2.avi,1,40,2,2,220
N0204V1S1A14R2.avi,1,14,1,2,204
N0256V2S1A02R2.avi,1,2,2,2,256
N0264V3S1A43R2.avi,1,43,3,2,264
N0011V2S1A15R2.avi,1,15,2,2,11
N0239V3S1A23R2.avi,1,23,3,2,239
N0232V1S1A34R2.avi,1,34,1,2,232
N0082V1S1A49R2.avi,1,49,1,2,82
N0108V1S1A07R2.avi,1,7,1,2,108
N0257V2S1A45R2.avi,1,45,2,2,257
N0224V3S1A27R2.avi,1,27,3,2,224
N0073V2S1A08R2.avi,1,8,2,2,73
N0268V2S1A45R2.avi,1,45,2,2,268
N0209V2S1A33R2.avi,1,33,2,2,209
N0235V1S1A18R1.avi,1,18,1,1,235
N0220V2S1A39R2.avi,1,39,2,2,220
N0030V3S1A03R2.avi,1,3,3,2,30
N0090V1S1A48R2.avi,1,48,1,2,90
N0161V3S1A22R2.avi,1,22,3,2,161
N0241V3S1A51R2.avi,1,51,3,2,241
N0096V1S1A43R2.avi,1,43,1,2,96
N0146V2S1A28R0.avi,1,28,2,0,146
N0042V2S1A30R1.avi,1,30,2,1,42
N0103V2S1A31R2.avi,1,31,2,2,103
N0056V2S1A03R2.avi,1,3,2,2,56
N0048V2S1A02R2.avi,1,2,2,2,48
N0091V2S1A07R2.avi,1,7,2,2,91
N0004V3S1A12R2.avi,1,12,3,2,4
N0153V1S1A01R2.avi,1,1,1,2,153
N0199V2S1A50R2.avi,1,50,2,2,199
N0064V1S1A16R2.avi,1,16,1,2,64
N0045V2S1A21R2.avi,1,21,2,2,45
N0136V2S1A36R2.avi,1,36,2,2,136
N0138V1S1A22R2.avi,1,22,1,2,138
N0116V1S1A35R2.avi,1,35,1,2,116
N0078V2S1A35R2.avi,1,35,2,2,78
N0106V2S1A49R2.avi,1,49,2,2,106
N0167V2S1A44R2.avi,1,44,2,2,167
N0152V3S1A35R2.avi,1,35,3,2,152
N0273V1S1A48R2.avi,1,48,1,2,273
N0336V1S1A37R2.avi,1,37,1,2,336
N0192V2S1A25R2.avi,1,25,2,2,192
N0088V2S1A13R2.avi,1,13,2,2,88
N0263V3S1A51R2.avi,1,51,3,2,263
N0161V3S1A02R2.avi,1,2,3,2,161
N0231V2S1A09R2.avi,1,9,2,2,231
N0118V3S1A03R2.avi,1,3,3,2,118
N0122V1S1A09R2.avi,1,9,1,2,122
N0016V3S1A01R2.avi,1,1,3,2,16
N0131V3S1A13R2.avi,1,13,3,2,131
N0268V2S1A01R2.avi,1,1,2,2,268
N0241V2S1A43R2.avi,1,43,2,2,241
N0198V1S1A51R2.avi,1,51,1,2,198
N0007V1S1A22R2.avi,1,22,1,2,7
N0226V1S1A50R2.avi,1,50,1,2,226
N0352V2S1A04R2.avi,1,4,2,2,352
N0173V3S1A41R2.avi,1,41,3,2,173
N0089V2S1A42R2.avi,1,42,2,2,89
N0204V3S1A14R2.avi,1,14,3,2,204
N0166V2S1A25R2.avi,1,25,2,2,166
N0279V1S1A50R2.avi,1,50,1,2,279
N0230V2S1A28R0.avi,1,28,2,0,230
N0350V3S1A50R2.avi,1,50,3,2,350
N0121V2S1A45R2.avi,1,45,2,2,121
N0340V2S1A25R2.avi,1,25,2,2,340
N0151V1S1A50R2.avi,1,50,1,2,151
N0042V1S1A28R2.avi,1,28,1,2,42
N0363V2S1A17R2.avi,1,17,2,2,363
N0032V1S1A07R2.avi,1,7,1,2,32
N0027V3S1A09R2.avi,1,9,3,2,27
N0060V1S1A47R2.avi,1,47,1,2,60
N0172V1S1A32R2.avi,1,32,1,2,172
N0020V1S1A19R2.avi,1,19,1,2,20
N0342V3S1A37R2.avi,1,37,3,2,342
N0020V3S1A35R2.avi,1,35,3,2,20
N0183V3S1A22R2.avi,1,22,3,2,183
N0356V1S1A38R2.avi,1,38,1,2,356
N0127V1S1A46R2.avi,1,46,1,2,127
N0251V1S1A05R2.avi,1,5,1,2,251
N0081V2S1A07R2.avi,1,7,2,2,81
N0026V2S1A01R2.avi,1,1,2,2,26
N0275V3S1A23R2.avi,1,23,3,2,275
N0050V1S1A51R2.avi,1,51,1,2,50
N0078V1S1A17R2.avi,1,17,1,2,78
N0228V1S1A48R2.avi,1,48,1,2,228
N0342V3S1A19R2.avi,1,19,3,2,342
N0014V2S1A26R1.avi,1,26,2,1,14
N0142V2S1A06R2.avi,1,6,2,2,142
N0019V1S1A32R2.avi,1,32,1,2,19
N0265V1S1A11R2.avi,1,11,1,2,265
N0081V2S1A06R2.avi,1,6,2,2,81
N0213V2S1A17R2.avi,1,17,2,2,213
N0231V3S1A07R2.avi,1,7,3,2,231
N0273V1S1A46R2.avi,1,46,1,2,273
N0017V2S1A11R2.avi,1,11,2,2,17
N0154V2S1A12R2.avi,1,12,2,2,154
N0251V2S1A29R2.avi,1,29,2,2,251
N0180V3S1A37R2.avi,1,37,3,2,180
N0025V3S1A16R2.avi,1,16,3,2,25
N0150V3S1A01R2.avi,1,1,3,2,150
N0334V3S1A43R2.avi,1,43,3,2,334
N0353V2S1A02R2.avi,1,2,2,2,353
N0232V1S1A45R2.avi,1,45,1,2,232
N0361V1S1A29R2.avi,1,29,1,2,361
N0074V2S1A21R1.avi,1,21,2,1,74
N0286V1S1A50R2.avi,1,50,1,2,286
N0078V2S1A50R2.avi,1,50,2,2,78
N0352V2S1A20R2.avi,1,20,2,2,352
N0283V3S1A29R2.avi,1,29,3,2,283
N0176V1S1A33R2.avi,1,33,1,2,176
N0115V3S1A26R2.avi,1,26,3,2,115
N0116V3S1A07R2.avi,1,7,3,2,116
N0253V2S1A49R2.avi,1,49,2,2,253
N0243V3S1A30R2.avi,1,30,3,2,243
N0048V3S1A07R2.avi,1,7,3,2,48
N0289V2S1A39R2.avi,1,39,2,2,289
N0016V3S1A08R2.avi,1,8,3,2,16
N0185V1S1A14R2.avi,1,14,1,2,185
N0259V2S1A39R2.avi,1,39,2,2,259
N0220V2S1A07R2.avi,1,7,2,2,220
N0237V2S1A30R2.avi,1,30,2,2,237
N0286V3S1A25R2.avi,1,25,3,2,286
N0140V3S1A09R2.avi,1,9,3,2,140
N0286V3S1A37R2.avi,1,37,3,2,286
N0262V3S1A25R2.avi,1,25,3,2,262
N0203V3S1A46R2.avi,1,46,3,2,203
N0180V1S1A37R2.avi,1,37,1,2,180
N0068V2S1A48R2.avi,1,48,2,2,68
N0030V1S1A08R2.avi,1,8,1,2,30
N0211V2S1A13R2.avi,1,13,2,2,211
N0153V3S1A44R2.avi,1,44,3,2,153
N0069V1S1A10R2.avi,1,10,1,2,69
N0156V2S1A02R2.avi,1,2,2,2,156
N0239V2S1A30R2.avi,1,30,2,2,239
N0075V3S1A14R2.avi,1,14,3,2,75
N0226V3S1A08R2.avi,1,8,3,2,226
N0221V1S1A34R2.avi,1,34,1,2,221
N0026V3S1A36R1.avi,1,36,3,1,26
N0176V2S1A50R2.avi,1,50,2,2,176
N0096V1S1A02R2.avi,1,2,1,2,96
N0357V1S1A07R2.avi,1,7,1,2,357
N0221V1S1A37R2.avi,1,37,1,2,221
N0124V1S1A12R2.avi,1,12,1,2,124
N0053V3S1A20R2.avi,1,20,3,2,53
N0113V2S1A32R2.avi,1,32,2,2,113
N0050V2S1A08R2.avi,1,8,2,2,50
N0093V1S1A08R2.avi,1,8,1,2,93
N0279V2S1A34R2.avi,1,34,2,2,279
N0357V2S1A35R2.avi,1,35,2,2,357
N0349V3S1A18R2.avi,1,18,3,2,349
N0106V3S1A29R2.avi,1,29,3,2,106
N0027V1S1A45R2.avi,1,45,1,2,27
N0231V2S1A38R2.avi,1,38,2,2,231
N0346V3S1A38R2.avi,1,38,3,2,346
N0073V2S1A32R2.avi,1,32,2,2,73
N0340V2S1A43R1.avi,1,43,2,1,340
N0189V1S1A07R2.avi,1,7,1,2,189
N0115V1S1A16R2.avi,1,16,1,2,115
N0197V1S1A05R2.avi,1,5,1,2,197
N0003V1S1A31R1.avi,1,31,1,1,3
N0343V2S1A09R2.avi,1,9,2,2,343
N0220V1S1A33R2.avi,1,33,1,2,220
N0002V3S1A02R2.avi,1,2,3,2,2
N0266V2S1A28R2.avi,1,28,2,2,266
N0042V2S1A51R1.avi,1,51,2,1,42
N0241V1S1A43R2.avi,1,43,1,2,241
N0232V1S1A51R2.avi,1,51,1,2,232
N0256V1S1A39R2.avi,1,39,1,2,256
N0004V2S1A24R2.avi,1,24,2,2,4
N0062V3S1A46R2.avi,1,46,3,2,62
N0037V3S1A38R2.avi,1,38,3,2,37
N0165V2S1A16R2.avi,1,16,2,2,165
N0058V1S1A36R2.avi,1,36,1,2,58
N0264V1S1A28R2.avi,1,28,1,2,264
N0216V1S1A38R2.avi,1,38,1,2,216
N0100V2S1A48R2.avi,1,48,2,2,100
N0150V2S1A32R2.avi,1,32,2,2,150
N0355V1S1A39R2.avi,1,39,1,2,355
N0282V3S1A28R2.avi,1,28,3,2,282
N0040V2S1A33R2.avi,1,33,2,2,40
N0108V2S1A06R2.avi,1,6,2,2,108
N0007V3S1A29R2.avi,1,29,3,2,7
N0266V3S1A10R2.avi,1,10,3,2,266
N0281V2S1A34R2.avi,1,34,2,2,281
N0253V3S1A15R2.avi,1,15,3,2,253
N0093V3S1A43R2.avi,1,43,3,2,93
N0137V2S1A29R2.avi,1,29,2,2,137
N0259V3S1A09R2.avi,1,9,3,2,259
N0337V3S1A33R2.avi,1,33,3,2,337
N0051V3S1A05R2.avi,1,5,3,2,51
N0049V2S1A31R2.avi,1,31,2,2,49
N0151V3S1A06R2.avi,1,6,3,2,151
N0030V2S1A01R2.avi,1,1,2,2,30
N0147V2S1A13R2.avi,1,13,2,2,147
N0049V1S1A41R2.avi,1,41,1,2,49
N0159V1S1A17R2.avi,1,17,1,2,159
N0102V3S1A50R2.avi,1,50,3,2,102
N0352V2S1A29R2.avi,1,29,2,2,352
N0191V3S1A30R2.avi,1,30,3,2,191
N0068V3S1A01R2.avi,1,1,3,2,68
N0104V2S1A24R2.avi,1,24,2,2,104
N0027V2S1A05R2.avi,1,5,2,2,27
N0002V1S1A37R2.avi,1,37,1,2,2
N0118V2S1A38R2.avi,1,38,2,2,118
N0107V1S1A06R2.avi,1,6,1,2,107
N0351V2S1A46R2.avi,1,46,2,2,351
N0253V2S1A08R2.avi,1,8,2,2,253
N0062V2S1A34R2.avi,1,34,2,2,62
N0023V3S1A10R2.avi,1,10,3,2,23
N0142V2S1A33R2.avi,1,33,2,2,142
N0169V1S1A17R2.avi,1,17,1,2,169
N0120V1S1A09R2.avi,1,9,1,2,120
N0286V2S1A17R2.avi,1,17,2,2,286
N0130V3S1A22R2.avi,1,22,3,2,130
N0032V1S1A34R2.avi,1,34,1,2,32
N0287V3S1A22R2.avi,1,22,3,2,287
N0220V1S1A47R2.avi,1,47,1,2,220
N0267V1S1A08R2.avi,1,8,1,2,267
N0340V1S1A42R2.avi,1,42,1,2,340
N0352V2S1A36R2.avi,1,36,2,2,352
N0266V3S1A51R2.avi,1,51,3,2,266
N0137V2S1A39R2.avi,1,39,2,2,137
N0143V1S1A40R2.avi,1,40,1,2,143
N0212V1S1A29R2.avi,1,29,1,2,212
N0268V1S1A51R2.avi,1,51,1,2,268
N0206V3S1A48R2.avi,1,48,3,2,206
N0062V2S1A51R2.avi,1,51,2,2,62
N0043V3S1A15R2.avi,1,15,3,2,43
N0052V3S1A28R2.avi,1,28,3,2,52
N0051V2S1A05R2.avi,1,5,2,2,51
N0347V1S1A17R2.avi,1,17,1,2,347
N0199V3S1A38R2.avi,1,38,3,2,199
N0278V1S1A05R2.avi,1,5,1,2,278
N0105V2S1A14R2.avi,1,14,2,2,105
N0079V2S1A22R2.avi,1,22,2,2,79
N0119V1S1A50R2.avi,1,50,1,2,119
N0280V1S1A39R2.avi,1,39,1,2,280
N0061V3S1A13R2.avi,1,13,3,2,61
N0222V1S1A02R2.avi,1,2,1,2,222
N0241V3S1A07R2.avi,1,7,3,2,241
N0183V3S1A15R2.avi,1,15,3,2,183
N0034V1S1A24R2.avi,1,24,1,2,34
N0048V2S1A30R2.avi,1,30,2,2,48
N0206V2S1A10R2.avi,1,10,2,2,206
N0254V1S1A21R2.avi,1,21,1,2,254
N0220V2S1A11R2.avi,1,11,2,2,220
N0146V3S1A34R2.avi,1,34,3,2,146
N0146V3S1A37R2.avi,1,37,3,2,146
N0334V1S1A01R2.avi,1,1,1,2,334
N0242V3S1A23R2.avi,1,23,3,2,242
N0228V3S1A35R2.avi,1,35,3,2,228
N0008V3S1A37R2.avi,1,37,3,2,8
N0097V1S1A33R2.avi,1,33,1,2,97
N0127V1S1A05R2.avi,1,5,1,2,127
N0113V2S1A51R2.avi,1,51,2,2,113
N0150V3S1A31R0.avi,1,31,3,0,150
N0282V3S1A47R2.avi,1,47,3,2,282
N0104V1S1A16R2.avi,1,16,1,2,104
N0034V3S1A26R2.avi,1,26,3,2,34
N0244V3S1A14R2.avi,1,14,3,2,244
N0242V1S1A47R2.avi,1,47,1,2,242
N0177V3S1A31R2.avi,1,31,3,2,177
N0183V3S1A31R2.avi,1,31,3,2,183
N0192V3S1A44R2.avi,1,44,3,2,192
N0150V2S1A17R2.avi,1,17,2,2,150
N0073V2S1A38R2.avi,1,38,2,2,73
N0003V1S1A50R1.avi,1,50,1,1,3
N0237V2S1A09R2.avi,1,9,2,2,237
N0120V3S1A50R1.avi,1,50,3,1,120
N0109V2S1A04R2.avi,1,4,2,2,109
N0099V1S1A11R1.avi,1,11,1,1,99
N0061V3S1A43R2.avi,1,43,3,2,61
N0108V3S1A06R2.avi,1,6,3,2,108
N0087V2S1A05R2.avi,1,5,2,2,87
N0245V3S1A21R2.avi,1,21,3,2,245
N0132V2S1A08R2.avi,1,8,2,2,132
N0116V2S1A01R2.avi,1,1,2,2,116
N0005V2S1A27R0.avi,1,27,2,0,5
N0080V1S1A47R2.avi,1,47,1,2,80
N0026V3S1A29R2.avi,1,29,3,2,26
N0146V2S1A51R2.avi,1,51,2,2,146
N0347V2S1A17R2.avi,1,17,2,2,347
N0335V3S1A38R2.avi,1,38,3,2,335
N0244V3S1A21R2.avi,1,21,3,2,244
N0037V3S1A06R2.avi,1,6,3,2,37
N0142V2S1A50R2.avi,1,50,2,2,142
N0183V2S1A04R2.avi,1,4,2,2,183
N0180V3S1A28R2.avi,1,28,3,2,180
N0184V3S1A21R2.avi,1,21,3,2,184
N0116V2S1A33R2.avi,1,33,2,2,116
N0041V3S1A05R2.avi,1,5,3,2,41
N0117V3S1A25R2.avi,1,25,3,2,117
N0243V1S1A29R2.avi,1,29,1,2,243
N0200V3S1A38R2.avi,1,38,3,2,200
N0280V1S1A29R2.avi,1,29,1,2,280
N0027V1S1A22R2.avi,1,22,1,2,27
N0352V2S1A33R2.avi,1,33,2,2,352
N0263V1S1A17R2.avi,1,17,1,2,263
N0109V2S1A44R2.avi,1,44,2,2,109
N0100V1S1A23R2.avi,1,23,1,2,100
N0193V2S1A17R2.avi,1,17,2,2,193
N0110V2S1A04R2.avi,1,4,2,2,110
N0092V1S1A35R2.avi,1,35,1,2,92
N0184V3S1A12R2.avi,1,12,3,2,184
N0057V1S1A41R2.avi,1,41,1,2,57
N0166V2S1A51R2.avi,1,51,2,2,166
N0083V3S1A38R2.avi,1,38,3,2,83
N0022V1S1A06R2.avi,1,6,1,2,22
N0018V2S1A34R2.avi,1,34,2,2,18
N0237V2S1A48R2.avi,1,48,2,2,237
N0282V1S1A17R2.avi,1,17,1,2,282
N0209V1S1A42R2.avi,1,42,1,2,209
N0357V1S1A50R2.avi,1,50,1,2,357
N0350V2S1A40R2.avi,1,40,2,2,350
N0287V1S1A30R2.avi,1,30,1,2,287
N0070V2S1A01R2.avi,1,1,2,2,70
N0289V1S1A48R2.avi,1,48,1,2,289
N0087V3S1A31R2.avi,1,31,3,2,87
N0190V3S1A38R2.avi,1,38,3,2,190
N0237V1S1A50R2.avi,1,50,1,2,237
N0037V2S1A50R1.avi,1,50,2,1,37
N0117V1S1A23R2.avi,1,23,1,2,117
N0077V3S1A41R2.avi,1,41,3,2,77
N0027V2S1A45R2.avi,1,45,2,2,27
N0355V3S1A47R2.avi,1,47,3,2,355
N0073V1S1A10R2.avi,1,10,1,2,73
N0087V3S1A45R2.avi,1,45,3,2,87
N0028V2S1A06R2.avi,1,6,2,2,28
N0130V3S1A08R2.avi,1,8,3,2,130
N0020V2S1A34R2.avi,1,34,2,2,20
N0358V1S1A14R2.avi,1,14,1,2,358
N0259V3S1A38R2.avi,1,38,3,2,259
N0060V3S1A29R2.avi,1,29,3,2,60
N0242V1S1A33R2.avi,1,33,1,2,242
N0218V3S1A43R2.avi,1,43,3,2,218
N0049V3S1A39R2.avi,1,39,3,2,49
N0065V1S1A12R2.avi,1,12,1,2,65
N0228V3S1A37R2.avi,1,37,3,2,228
N0344V3S1A08R2.avi,1,8,3,2,344
N0173V3S1A42R2.avi,1,42,3,2,173
N0180V3S1A35R2.avi,1,35,3,2,180
N0239V3S1A09R2.avi,1,9,3,2,239
N0231V1S1A29R2.avi,1,29,1,2,231
N0355V1S1A46R2.avi,1,46,1,2,355
N0213V2S1A09R2.avi,1,9,2,2,213
N0079V3S1A39R2.avi,1,39,3,2,79
N0334V1S1A19R2.avi,1,19,1,2,334
N0222V3S1A13R2.avi,1,13,3,2,222
N0356V1S1A29R2.avi,1,29,1,2,356
N0269V1S1A25R2.avi,1,25,1,2,269
N0282V2S1A32R2.avi,1,32,2,2,282
N0281V2S1A22R2.avi,1,22,2,2,281
N0205V1S1A14R2.avi,1,14,1,2,205
N0009V1S1A38R2.avi,1,38,1,2,9
N0334V1S1A30R2.avi,1,30,1,2,334
N0161V1S1A42R2.avi,1,42,1,2,161
N0224V3S1A14R2.avi,1,14,3,2,224
N0003V1S1A15R2.avi,1,15,1,2,3
N0087V2S1A44R2.avi,1,44,2,2,87
N0251V2S1A15R2.avi,1,15,2,2,251
N0169V3S1A45R2.avi,1,45,3,2,169
N0017V2S1A17R2.avi,1,17,2,2,17
N0101V2S1A43R2.avi,1,43,2,2,101
N0288V2S1A40R2.avi,1,40,2,2,288
N0052V3S1A30R2.avi,1,30,3,2,52
N0133V2S1A43R2.avi,1,43,2,2,133
N0057V2S1A44R2.avi,1,44,2,2,57
N0278V3S1A02R2.avi,1,2,3,2,278
N0257V3S1A45R2.avi,1,45,3,2,257
N0095V1S1A12R2.avi,1,12,1,2,95
N0346V1S1A22R2.avi,1,22,1,2,346
N0266V2S1A02R2.avi,1,2,2,2,266
N0340V3S1A06R2.avi,1,6,3,2,340
N0015V3S1A27R0.avi,1,27,3,0,15
N0282V2S1A43R2.avi,1,43,2,2,282
N0126V2S1A01R2.avi,1,1,2,2,126
N0136V3S1A40R2.avi,1,40,3,2,136
N0203V1S1A46R2.avi,1,46,1,2,203
N0188V1S1A03R2.avi,1,3,1,2,188
N0158V1S1A28R2.avi,1,28,1,2,158
N0119V1S1A38R2.avi,1,38,1,2,119
N0171V1S1A31R2.avi,1,31,1,2,171
N0112V3S1A09R2.avi,1,9,3,2,112
N0280V2S1A31R2.avi,1,31,2,2,280
N0026V2S1A03R2.avi,1,3,2,2,26
N0058V2S1A30R2.avi,1,30,2,2,58
N0133V3S1A42R2.avi,1,42,3,2,133
N0189V2S1A38R2.avi,1,38,2,2,189
N0218V3S1A50R2.avi,1,50,3,2,218
N0031V2S1A44R2.avi,1,44,2,2,31
N0065V3S1A27R2.avi,1,27,3,2,65
N0087V2S1A29R2.avi,1,29,2,2,87
N0154V3S1A26R2.avi,1,26,3,2,154
N0256V1S1A02R2.avi,1,2,1,2,256
N0060V1S1A39R2.avi,1,39,1,2,60
N0150V3S1A19R2.avi,1,19,3,2,150
N0103V3S1A29R2.avi,1,29,3,2,103
N0067V1S1A29R2.avi,1,29,1,2,67
N0264V3S1A47R2.avi,1,47,3,2,264
N0228V1S1A34R2.avi,1,34,1,2,228
N0077V2S1A04R2.avi,1,4,2,2,77
N0209V3S1A13R2.avi,1,13,3,2,209
N0210V1S1A33R2.avi,1,33,1,2,210
N0048V1S1A28R2.avi,1,28,1,2,48
N0093V1S1A44R2.avi,1,44,1,2,93
N0146V1S1A47R2.avi,1,47,1,2,146
N0017V3S1A13R2.avi,1,13,3,2,17
N0087V1S1A32R2.avi,1,32,1,2,87
N0172V3S1A30R2.avi,1,30,3,2,172
N0176V3S1A25R2.avi,1,25,3,2,176
N0207V1S1A32R2.avi,1,32,1,2,207
N0281V3S1A31R2.avi,1,31,3,2,281
N0172V2S1A35R2.avi,1,35,2,2,172
N0026V3S1A34R2.avi,1,34,3,2,26
N0356V2S1A20R2.avi,1,20,2,2,356
N0351V1S1A45R2.avi,1,45,1,2,351
N0098V3S1A44R2.avi,1,44,3,2,98
N0136V3S1A28R2.avi,1,28,3,2,136
N0082V2S1A06R2.avi,1,6,2,2,82
N0123V3S1A31R2.avi,1,31,3,2,123
N0071V1S1A38R2.avi,1,38,1,2,71
N0350V1S1A19R2.avi,1,19,1,2,350
N0253V3S1A48R2.avi,1,48,3,2,253
N0228V3S1A04R2.avi,1,4,3,2,228
N0095V2S1A14R2.avi,1,14,2,2,95
N0046V2S1A01R2.avi,1,1,2,2,46
N0071V2S1A50R2.avi,1,50,2,2,71
N0201V1S1A22R2.avi,1,22,1,2,201
N0202V1S1A33R2.avi,1,33,1,2,202
N0094V1S1A27R2.avi,1,27,1,2,94
N0068V1S1A02R2.avi,1,2,1,2,68
N0242V3S1A17R2.avi,1,17,3,2,242
N0250V2S1A39R2.avi,1,39,2,2,250
N0024V2S1A18R2.avi,1,18,2,2,24
N0111V2S1A25R2.avi,1,25,2,2,111
N0053V3S1A41R2.avi,1,41,3,2,53
N0089V1S1A08R2.avi,1,8,1,2,89
N0161V1S1A20R2.avi,1,20,1,2,161
N0036V3S1A29R2.avi,1,29,3,2,36
N0102V2S1A50R2.avi,1,50,2,2,102
N0278V2S1A37R2.avi,1,37,2,2,278
N0121V3S1A30R2.avi,1,30,3,2,121
N0058V1S1A51R2.avi,1,51,1,2,58
N0180V1S1A08R2.avi,1,8,1,2,180
N0096V1S1A25R2.avi,1,25,1,2,96
N0227V2S1A32R2.avi,1,32,2,2,227
N0083V2S1A45R2.avi,1,45,2,2,83
N0123V1S1A29R2.avi,1,29,1,2,123
N0277V3S1A30R2.avi,1,30,3,2,277
N0270V3S1A14R2.avi,1,14,3,2,270
N0082V1S1A05R2.avi,1,5,1,2,82
N0160V1S1A25R2.avi,1,25,1,2,160
N0287V2S1A43R2.avi,1,43,2,2,287
N0129V2S1A48R2.avi,1,48,2,2,129
N0128V1S1A08R2.avi,1,8,1,2,128
N0339V2S1A12R2.avi,1,12,2,2,339
N0272V1S1A20R2.avi,1,20,1,2,272
N0018V3S1A40R2.avi,1,40,3,2,18
N0056V2S1A02R2.avi,1,2,2,2,56
N0122V3S1A45R2.avi,1,45,3,2,122
N0170V2S1A30R2.avi,1,30,2,2,170
N0049V3S1A15R2.avi,1,15,3,2,49
N0279V1S1A44R1.avi,1,44,1,1,279
N0187V2S1A07R2.avi,1,7,2,2,187
N0109V3S1A10R2.avi,1,10,3,2,109
N0075V2S1A16R2.avi,1,16,2,2,75
N0027V2S1A07R2.avi,1,7,2,2,27
N0008V3S1A29R2.avi,1,29,3,2,8
N0157V1S1A31R2.avi,1,31,1,2,157
N0217V1S1A35R2.avi,1,35,1,2,217
N0213V1S1A05R2.avi,1,5,1,2,213
N0037V3S1A29R2.avi,1,29,3,2,37
N0070V1S1A19R2.avi,1,19,1,2,70
N0252V2S1A03R2.avi,1,3,2,2,252
N0182V2S1A33R2.avi,1,33,2,2,182
N0286V2S1A10R2.avi,1,10,2,2,286
N0336V3S1A42R2.avi,1,42,3,2,336
N0110V3S1A11R2.avi,1,11,3,2,110
N0157V3S1A17R2.avi,1,17,3,2,157
N0175V3S1A18R2.avi,1,18,3,2,175
N0066V1S1A25R2.avi,1,25,1,2,66
N0206V3S1A42R2.avi,1,42,3,2,206
N0242V2S1A23R2.avi,1,23,2,2,242
N0158V1S1A48R2.avi,1,48,1,2,158
N0223V3S1A11R2.avi,1,11,3,2,223
N0357V2S1A11R2.avi,1,11,2,2,357
N0111V2S1A36R2.avi,1,36,2,2,111
N0132V3S1A19R2.avi,1,19,3,2,132
N0180V2S1A46R2.avi,1,46,2,2,180
N0143V1S1A04R2.avi,1,4,1,2,143
N0275V1S1A46R2.avi,1,46,1,2,275
N0242V1S1A37R2.avi,1,37,1,2,242
N0015V1S1A26R1.avi,1,26,1,1,15
N0200V3S1A37R2.avi,1,37,3,2,200
N0245V2S1A14R2.avi,1,14,2,2,245
N0076V2S1A10R2.avi,1,10,2,2,76
N0168V1S1A01R2.avi,1,1,1,2,168
N0188V2S1A37R2.avi,1,37,2,2,188
N0112V3S1A44R2.avi,1,44,3,2,112
N0206V2S1A46R2.avi,1,46,2,2,206
N0062V3S1A47R2.avi,1,47,3,2,62
N0350V2S1A43R2.avi,1,43,2,2,350
N0354V1S1A06R2.avi,1,6,1,2,354
N0220V1S1A39R2.avi,1,39,1,2,220
N0140V1S1A10R2.avi,1,10,1,2,140
N0226V2S1A47R2.avi,1,47,2,2,226
N0099V2S1A47R2.avi,1,47,2,2,99
N0242V2S1A43R2.avi,1,43,2,2,242
N0033V1S1A39R2.avi,1,39,1,2,33
N0172V2S1A47R2.avi,1,47,2,2,172
N0029V3S1A42R2.avi,1,42,3,2,29
N0057V3S1A31R1.avi,1,31,3,1,57
N0048V2S1A01R2.avi,1,1,2,2,48
N0096V2S1A04R2.avi,1,4,2,2,96
N0253V2S1A33R2.avi,1,33,2,2,253
N0160V2S1A10R2.avi,1,10,2,2,160
N0233V2S1A15R2.avi,1,15,2,2,233
N0361V2S1A15R2.avi,1,15,2,2,361
N0286V1S1A11R2.avi,1,11,1,2,286
N0346V2S1A48R2.avi,1,48,2,2,346
N0112V1S1A46R2.avi,1,46,1,2,112
N0216V2S1A33R2.avi,1,33,2,2,216
N0117V3S1A29R2.avi,1,29,3,2,117
N0162V3S1A36R2.avi,1,36,3,2,162
N0057V2S1A31R1.avi,1,31,2,1,57
N0137V1S1A09R2.avi,1,9,1,2,137
N0060V2S1A10R2.avi,1,10,2,2,60
N0354V1S1A43R2.avi,1,43,1,2,354
N0137V2S1A06R2.avi,1,6,2,2,137
N0035V3S1A14R2.avi,1,14,3,2,35
N0190V3S1A47R2.avi,1,47,3,2,190
N0286V2S1A34R2.avi,1,34,2,2,286
N0223V3S1A20R2.avi,1,20,3,2,223
N0019V1S1A11R2.avi,1,11,1,2,19
N0206V2S1A28R2.avi,1,28,2,2,206
N0221V3S1A34R2.avi,1,34,3,2,221
N0216V3S1A25R2.avi,1,25,3,2,216
N0008V3S1A33R2.avi,1,33,3,2,8
N0350V1S1A40R2.avi,1,40,1,2,350
N0203V3S1A15R2.avi,1,15,3,2,203
N0342V2S1A22R2.avi,1,22,2,2,342
N0105V3S1A16R2.avi,1,16,3,2,105
N0277V2S1A44R2.avi,1,44,2,2,277
N0144V3S1A16R2.avi,1,16,3,2,144
N0334V1S1A09R2.avi,1,9,1,2,334
N0077V1S1A22R2.avi,1,22,1,2,77
N0270V2S1A14R2.avi,1,14,2,2,270
N0002V2S1A33R2.avi,1,33,2,2,2
N0073V3S1A44R2.avi,1,44,3,2,73
N0057V2S1A17R2.avi,1,17,2,2,57
N0162V2S1A46R2.avi,1,46,2,2,162
N0137V1S1A31R2.avi,1,31,1,2,137
N0155V1S1A27R1.avi,1,27,1,1,155
N0042V2S1A46R2.avi,1,46,2,2,42
N0131V2S1A25R2.avi,1,25,2,2,131
N0046V3S1A02R2.avi,1,2,3,2,46
N0127V3S1A13R2.avi,1,13,3,2,127
N0099V3S1A45R2.avi,1,45,3,2,99
N0277V2S1A23R2.avi,1,23,2,2,277
N0267V2S1A33R2.avi,1,33,2,2,267
N0148V2S1A22R2.avi,1,22,2,2,148
N0121V1S1A20R2.avi,1,20,1,2,121
N0262V3S1A37R2.avi,1,37,3,2,262
N0161V2S1A13R2.avi,1,13,2,2,161
N0335V2S1A49R2.avi,1,49,2,2,335
N0162V1S1A10R2.avi,1,10,1,2,162
N0089V3S1A42R2.avi,1,42,3,2,89
N0213V2S1A38R2.avi,1,38,2,2,213
N0072V3S1A35R2.avi,1,35,3,2,72
N0337V1S1A01R2.avi,1,1,1,2,337
N0040V3S1A28R2.avi,1,28,3,2,40
N0026V3S1A08R2.avi,1,8,3,2,26
N0359V3S1A27R2.avi,1,27,3,2,359
N0102V3S1A40R2.avi,1,40,3,2,102
N0009V3S1A15R2.avi,1,15,3,2,9
N0073V1S1A15R2.avi,1,15,1,2,73
N0008V3S1A47R2.avi,1,47,3,2,8
N0286V2S1A04R2.avi,1,4,2,2,286
N0265V2S1A41R2.avi,1,41,2,2,265
N0121V1S1A51R2.avi,1,51,1,2,121
N0178V2S1A02R2.avi,1,2,2,2,178
N0103V1S1A09R2.avi,1,9,1,2,103
N0334V3S1A41R2.avi,1,41,3,2,334
N0286V2S1A37R2.avi,1,37,2,2,286
N0069V3S1A38R2.avi,1,38,3,2,69
N0350V2S1A29R2.avi,1,29,2,2,350
N0341V2S1A45R2.avi,1,45,2,2,341
N0143V2S1A45R2.avi,1,45,2,2,143
N0349V1S1A14R2.avi,1,14,1,2,349
N0344V2S1A50R2.avi,1,50,2,2,344
N0218V2S1A44R2.avi,1,44,2,2,218
N0287V2S1A05R2.avi,1,5,2,2,287
N0253V3S1A39R2.avi,1,39,3,2,253
N0258V1S1A50R2.avi,1,50,1,2,258
N0172V1S1A02R2.avi,1,2,1,2,172
N0076V1S1A36R2.avi,1,36,1,2,76
N0086V1S1A51R2.avi,1,51,1,2,86
N0358V1S1A24R2.avi,1,24,1,2,358
N0080V1S1A33R2.avi,1,33,1,2,80
N0289V2S1A29R2.avi,1,29,2,2,289
N0039V3S1A23R2.avi,1,23,3,2,39
N0161V1S1A44R2.avi,1,44,1,2,161
N0028V3S1A33R2.avi,1,33,3,2,28
N0265V1S1A08R2.avi,1,8,1,2,265
N0076V2S1A08R2.avi,1,8,2,2,76
N0336V1S1A42R2.avi,1,42,1,2,336
N0363V3S1A35R2.avi,1,35,3,2,363
N0253V1S1A38R2.avi,1,38,1,2,253
N0152V2S1A28R2.avi,1,28,2,2,152
N0089V2S1A23R2.avi,1,23,2,2,89
N0218V1S1A42R2.avi,1,42,1,2,218
N0226V1S1A01R2.avi,1,1,1,2,226
N0336V2S1A43R2.avi,1,43,2,2,336
N0207V1S1A20R2.avi,1,20,1,2,207
N0008V3S1A01R2.avi,1,1,3,2,8
N0276V2S1A01R2.avi,1,1,2,2,276
N0029V3S1A44R2.avi,1,44,3,2,29
N0346V2S1A42R2.avi,1,42,2,2,346
N0200V2S1A50R2.avi,1,50,2,2,200
N0020V2S1A38R2.avi,1,38,2,2,20
N0004V2S1A16R2.avi,1,16,2,2,4
N0199V2S1A47R2.avi,1,47,2,2,199
N0273V2S1A15R2.avi,1,15,2,2,273
N0148V2S1A03R2.avi,1,3,2,2,148
N0226V1S1A23R2.avi,1,23,1,2,226
N0156V1S1A02R2.avi,1,2,1,2,156
N0067V1S1A44R2.avi,1,44,1,2,67
N0122V3S1A28R2.avi,1,28,3,2,122
N0237V1S1A09R2.avi,1,9,1,2,237
N0183V1S1A41R2.avi,1,41,1,2,183
N0054V3S1A24R2.avi,1,24,3,2,54
N0258V3S1A31R2.avi,1,31,3,2,258
N0342V3S1A13R2.avi,1,13,3,2,342
N0210V3S1A50R2.avi,1,50,3,2,210
N0354V1S1A05R2.avi,1,5,1,2,354
N0058V3S1A03R2.avi,1,3,3,2,58
N0119V1S1A06R2.avi,1,6,1,2,119
N0266V1S1A34R2.avi,1,34,1,2,266
N0011V2S1A17R2.avi,1,17,2,2,11
N0036V3S1A28R1.avi,1,28,3,1,36
N0205V3S1A18R2.avi,1,18,3,2,205
N0107V1S1A38R2.avi,1,38,1,2,107
N0283V3S1A34R2.avi,1,34,3,2,283
N0281V2S1A30R2.avi,1,30,2,2,281
N0100V2S1A25R2.avi,1,25,2,2,100
N0111V3S1A36R2.avi,1,36,3,2,111
N0020V2S1A08R2.avi,1,8,2,2,20
N0227V2S1A49R2.avi,1,49,2,2,227
N0077V3S1A17R2.avi,1,17,3,2,77
N0006V1S1A06R2.avi,1,6,1,2,6
N0226V3S1A39R2.avi,1,39,3,2,226
N0099V1S1A02R2.avi,1,2,1,2,99
N0252V3S1A50R2.avi,1,50,3,2,252
N0218V3S1A33R2.avi,1,33,3,2,218
N0288V3S1A33R2.avi,1,33,3,2,288
N0048V2S1A36R2.avi,1,36,2,2,48
N0127V1S1A13R2.avi,1,13,1,2,127
N0259V2S1A09R2.avi,1,9,2,2,259
N0162V1S1A50R2.avi,1,50,1,2,162
N0094V1S1A26R2.avi,1,26,1,2,94
N0046V3S1A08R2.avi,1,8,3,2,46
N0107V3S1A09R2.avi,1,9,3,2,107
N0133V1S1A31R2.avi,1,31,1,2,133
N0335V1S1A15R2.avi,1,15,1,2,335
N0158V1S1A49R2.avi,1,49,1,2,158
N0276V2S1A17R2.avi,1,17,2,2,276
N0229V3S1A29R2.avi,1,29,3,2,229
N0362V1S1A05R2.avi,1,5,1,2,362
N0231V2S1A11R2.avi,1,11,2,2,231
N0182V1S1A29R2.avi,1,29,1,2,182
N0357V2S1A15R2.avi,1,15,2,2,357
N0161V3S1A05R2.avi,1,5,3,2,161
N0017V2S1A09R2.avi,1,9,2,2,17
N0110V3S1A47R2.avi,1,47,3,2,110
N0015V3S1A18R2.avi,1,18,3,2,15
N0086V1S1A37R2.avi,1,37,1,2,86
N0082V3S1A51R2.avi,1,51,3,2,82
N0122V2S1A34R2.avi,1,34,2,2,122
N0149V1S1A04R2.avi,1,4,1,2,149
N0158V3S1A01R2.avi,1,1,3,2,158
N0133V1S1A32R2.avi,1,32,1,2,133
N0341V3S1A10R2.avi,1,10,3,2,341
N0075V3S1A12R2.avi,1,12,3,2,75
N0217V2S1A31R2.avi,1,31,2,2,217
N0064V2S1A14R2.avi,1,14,2,2,64
N0350V1S1A42R2.avi,1,42,1,2,350
N0237V3S1A02R2.avi,1,2,3,2,237
N0149V3S1A04R2.avi,1,4,3,2,149
N0187V2S1A29R2.avi,1,29,2,2,187
N0027V1S1A43R2.avi,1,43,1,2,27
N0274V1S1A38R2.avi,1,38,1,2,274
N0272V2S1A19R2.avi,1,19,2,2,272
N0201V1S1A07R1.avi,1,7,1,1,201
N0067V3S1A07R2.avi,1,7,3,2,67
N0127V3S1A30R2.avi,1,30,3,2,127
N0192V2S1A44R2.avi,1,44,2,2,192
N0107V3S1A20R2.avi,1,20,3,2,107
N0114V3S1A12R2.avi,1,12,3,2,114
N0131V3S1A11R2.avi,1,11,3,2,131
N0086V3S1A28R2.avi,1,28,3,2,86
N0356V1S1A42R1.avi,1,42,1,1,356
N0149V3S1A29R2.avi,1,29,3,2,149
N0335V2S1A39R2.avi,1,39,2,2,335
N0116V3S1A09R2.avi,1,9,3,2,116
N0130V2S1A08R2.avi,1,8,2,2,130
N0190V1S1A29R2.avi,1,29,1,2,190
N0021V2S1A06R2.avi,1,6,2,2,21
N0016V2S1A49R2.avi,1,49,2,2,16
N0272V3S1A20R2.avi,1,20,3,2,272
N0060V1S1A35R2.avi,1,35,1,2,60
N0282V3S1A29R2.avi,1,29,3,2,282
N0021V2S1A15R2.avi,1,15,2,2,21
N0252V2S1A35R2.avi,1,35,2,2,252
N0341V3S1A28R2.avi,1,28,3,2,341
N0005V2S1A18R2.avi,1,18,2,2,5
N0133V2S1A30R2.avi,1,30,2,2,133
N0149V3S1A31R2.avi,1,31,3,2,149
N0074V1S1A21R1.avi,1,21,1,1,74
N0215V3S1A21R2.avi,1,21,3,2,215
N0066V2S1A37R2.avi,1,37,2,2,66
N0101V3S1A41R2.avi,1,41,3,2,101
N0015V2S1A12R2.avi,1,12,2,2,15
N0268V2S1A43R2.avi,1,43,2,2,268
N0049V2S1A41R2.avi,1,41,2,2,49
N0026V3S1A03R2.avi,1,3,3,2,26
N0262V3S1A04R2.avi,1,4,3,2,262
N0280V1S1A17R2.avi,1,17,1,2,280
N0186V1S1A29R2.avi,1,29,1,2,186
N0169V2S1A22R2.avi,1,22,2,2,169
N0040V3S1A29R2.avi,1,29,3,2,40
N0340V2S1A51R2.avi,1,51,2,2,340
N0209V2S1A34R2.avi,1,34,2,2,209
N0266V3S1A38R2.avi,1,38,3,2,266
N0168V3S1A49R2.avi,1,49,3,2,168
N0178V1S1A01R2.avi,1,1,1,2,178
N0051V3S1A39R2.avi,1,39,3,2,51
N0277V3S1A39R2.avi,1,39,3,2,277
N0344V1S1A38R2.avi,1,38,1,2,344
N0192V1S1A36R2.avi,1,36,1,2,192
N0338V1S1A16R2.avi,1,16,1,2,338
N0081V3S1A31R2.avi,1,31,3,2,81
N0337V2S1A39R2.avi,1,39,2,2,337
N0276V2S1A02R2.avi,1,2,2,2,276
N0250V2S1A23R2.avi,1,23,2,2,250
N0238V2S1A43R2.avi,1,43,2,2,238
N0012V2S1A28R0.avi,1,28,2,0,12
N0061V2S1A40R2.avi,1,40,2,2,61
N0149V1S1A13R2.avi,1,13,1,2,149
N0137V1S1A51R0.avi,1,51,1,0,137
N0051V3S1A04R2.avi,1,4,3,2,51
N0179V2S1A13R2.avi,1,13,2,2,179
N0222V1S1A33R2.avi,1,33,1,2,222
N0021V3S1A42R2.avi,1,42,3,2,21
N0176V1S1A25R2.avi,1,25,1,2,176
N0136V2S1A04R2.avi,1,4,2,2,136
N0206V2S1A36R2.avi,1,36,2,2,206
N0126V2S1A09R2.avi,1,9,2,2,126
N0268V1S1A35R2.avi,1,35,1,2,268
N0278V1S1A37R2.avi,1,37,1,2,278
N0263V3S1A08R2.avi,1,8,3,2,263
N0006V2S1A30R2.avi,1,30,2,2,6
N0225V1S1A16R2.avi,1,16,1,2,225
N0034V1S1A27R2.avi,1,27,1,2,34
N0098V1S1A20R2.avi,1,20,1,2,98
N0003V2S1A39R2.avi,1,39,2,2,3
N0145V2S1A18R2.avi,1,18,2,2,145
N0281V3S1A22R2.avi,1,22,3,2,281
N0032V3S1A07R2.avi,1,7,3,2,32
N0231V3S1A44R2.avi,1,44,3,2,231
N0160V3S1A29R2.avi,1,29,3,2,160
N0275V2S1A42R2.avi,1,42,2,2,275
N0072V3S1A30R2.avi,1,30,3,2,72
N0083V3S1A15R2.avi,1,15,3,2,83
N0207V3S1A20R2.avi,1,20,3,2,207
N0272V3S1A07R2.avi,1,7,3,2,272
N0013V2S1A15R2.avi,1,15,2,2,13
N0136V3S1A44R2.avi,1,44,3,2,136
N0070V2S1A48R2.avi,1,48,2,2,70
N0050V3S1A01R2.avi,1,1,3,2,50
N0147V2S1A29R2.avi,1,29,2,2,147
N0140V2S1A36R2.avi,1,36,2,2,140
N0171V3S1A01R2.avi,1,1,3,2,171
N0033V3S1A44R2.avi,1,44,3,2,33
N0088V1S1A02R2.avi,1,2,1,2,88
N0058V3S1A06R2.avi,1,6,3,2,58
N0071V2S1A17R2.avi,1,17,2,2,71
N0069V1S1A09R1.avi,1,9,1,1,69
N0109V2S1A11R2.avi,1,11,2,2,109
N0257V3S1A46R2.avi,1,46,3,2,257
N0338V1S1A18R2.avi,1,18,1,2,338
N0209V1S1A43R1.avi,1,43,1,1,209
N0357V1S1A17R2.avi,1,17,1,2,357
N0127V1S1A31R2.avi,1,31,1,2,127
N0065V3S1A16R2.avi,1,16,3,2,65
N0090V1S1A10R2.avi,1,10,1,2,90
N0361V2S1A13R2.avi,1,13,2,2,361
N0101V2S1A11R2.avi,1,11,2,2,101
N0016V3S1A02R2.avi,1,2,3,2,16
N0128V2S1A22R2.avi,1,22,2,2,128
N0050V2S1A19R2.avi,1,19,2,2,50
N0006V3S1A17R2.avi,1,17,3,2,6
N0356V2S1A49R2.avi,1,49,2,2,356
N0354V1S1A30R2.avi,1,30,1,2,354
N0135V1S1A21R1.avi,1,21,1,1,135
N0351V1S1A10R2.avi,1,10,1,2,351
N0161V3S1A13R2.avi,1,13,3,2,161
N0127V3S1A44R2.avi,1,44,3,2,127
N0141V2S1A13R2.avi,1,13,2,2,141
N0161V1S1A19R2.avi,1,19,1,2,161
N0255V1S1A16R2.avi,1,16,1,2,255
N0132V2S1A02R2.avi,1,2,2,2,132
N0098V2S1A09R2.avi,1,9,2,2,98
N0132V3S1A11R2.avi,1,11,3,2,132
N0335V1S1A28R2.avi,1,28,1,2,335
N0047V2S1A31R2.avi,1,31,2,2,47
N0352V3S1A37R2.avi,1,37,3,2,352
N0179V3S1A15R2.avi,1,15,3,2,179
N0236V1S1A17R2.avi,1,17,1,2,236
N0100V2S1A47R2.avi,1,47,2,2,100
N0194V3S1A27R2.avi,1,27,3,2,194
N0201V2S1A11R2.avi,1,11,2,2,201
N0088V3S1A36R2.avi,1,36,3,2,88
N0089V1S1A44R2.avi,1,44,1,2,89
N0264V2S1A43R2.avi,1,43,2,2,264
N0041V2S1A45R2.avi,1,45,2,2,41
N0132V3S1A23R2.avi,1,23,3,2,132
N0112V1S1A23R2.avi,1,23,1,2,112
N0126V1S1A37R2.avi,1,37,1,2,126
N0228V3S1A49R2.avi,1,49,3,2,228
N0257V3S1A22R2.avi,1,22,3,2,257
N0187V3S1A07R2.avi,1,7,3,2,187
N0239V1S1A48R2.avi,1,48,1,2,239
N0056V2S1A46R2.avi,1,46,2,2,56
N0055V2S1A18R2.avi,1,18,2,2,55
N0071V2S1A32R2.avi,1,32,2,2,71
N0137V3S1A29R2.avi,1,29,3,2,137
N0223V2S1A20R2.avi,1,20,2,2,223
N0093V3S1A32R2.avi,1,32,3,2,93
N0180V1S1A02R2.avi,1,2,1,2,180
N0097V1S1A39R2.avi,1,39,1,2,97
N0239V1S1A20R2.avi,1,20,1,2,239
N0129V3S1A30R2.avi,1,30,3,2,129
N0060V3S1A47R2.avi,1,47,3,2,60
N0349V1S1A12R2.avi,1,12,1,2,349
N0161V3S1A38R2.avi,1,38,3,2,161
N0152V1S1A36R1.avi,1,36,1,1,152
N0286V2S1A50R2.avi,1,50,2,2,286
N0100V1S1A47R2.avi,1,47,1,2,100
N0143V3S1A42R1.avi,1,42,3,1,143
N0212V1S1A49R2.avi,1,49,1,2,212
N0354V2S1A22R2.avi,1,22,2,2,354
N0361V2S1A34R2.avi,1,34,2,2,361
N0026V3S1A28R2.avi,1,28,3,2,26
N0032V3S1A37R2.avi,1,37,3,2,32
N0040V3S1A08R2.avi,1,8,3,2,40
N0281V2S1A07R2.avi,1,7,2,2,281
N0176V2S1A35R2.avi,1,35,2,2,176
N0011V1S1A44R0.avi,1,44,1,0,11
N0106V1S1A29R2.avi,1,29,1,2,106
N0182V3S1A39R2.avi,1,39,3,2,182
N0022V2S1A07R2.avi,1,7,2,2,22
N0256V1S1A09R2.avi,1,9,1,2,256
N0057V3S1A38R2.avi,1,38,3,2,57
N0130V3S1A33R2.avi,1,33,3,2,130
N0259V3S1A10R2.avi,1,10,3,2,259
N0347V2S1A34R2.avi,1,34,2,2,347
N0176V3S1A51R2.avi,1,51,3,2,176
N0145V1S1A21R2.avi,1,21,1,2,145
N0204V2S1A21R2.avi,1,21,2,2,204
N0347V1S1A39R2.avi,1,39,1,2,347
N0223V2S1A30R2.avi,1,30,2,2,223
N0033V2S1A32R2.avi,1,32,2,2,33
N0147V1S1A38R2.avi,1,38,1,2,147
N0352V2S1A13R2.avi,1,13,2,2,352
N0147V2S1A44R2.avi,1,44,2,2,147
N0177V2S1A07R2.avi,1,7,2,2,177
N0288V2S1A38R2.avi,1,38,2,2,288
N0077V1S1A40R2.avi,1,40,1,2,77
N0200V3S1A36R2.avi,1,36,3,2,200
N0204V3S1A16R2.avi,1,16,3,2,204
N0111V1S1A32R2.avi,1,32,1,2,111
N0216V1S1A11R2.avi,1,11,1,2,216
N0025V2S1A14R2.avi,1,14,2,2,25
N0048V3S1A17R2.avi,1,17,3,2,48
N0029V3S1A22R2.avi,1,22,3,2,29
N0112V2S1A28R2.avi,1,28,2,2,112
N0053V3S1A19R2.avi,1,19,3,2,53
N0111V2S1A49R2.avi,1,49,2,2,111
N0018V2S1A40R2.avi,1,40,2,2,18
N0122V2S1A09R2.avi,1,9,2,2,122
N0282V1S1A35R2.avi,1,35,1,2,282
N0160V2S1A51R2.avi,1,51,2,2,160
N0110V1S1A50R2.avi,1,50,1,2,110
N0113V2S1A42R2.avi,1,42,2,2,113
N0191V1S1A28R1.avi,1,28,1,1,191
N0019V2S1A39R2.avi,1,39,2,2,19
N0340V3S1A29R2.avi,1,29,3,2,340
N0253V3S1A36R2.avi,1,36,3,2,253
N0177V1S1A20R2.avi,1,20,1,2,177
N0069V1S1A22R2.avi,1,22,1,2,69
N0123V1S1A02R2.avi,1,2,1,2,123
N0106V3S1A38R2.avi,1,38,3,2,106
N0133V1S1A39R2.avi,1,39,1,2,133
N0187V1S1A41R2.avi,1,41,1,2,187
N0192V3S1A23R2.avi,1,23,3,2,192
N0253V1S1A36R2.avi,1,36,1,2,253
N0357V3S1A51R2.avi,1,51,3,2,357
N0039V1S1A23R2.avi,1,23,1,2,39
N0188V2S1A06R2.avi,1,6,2,2,188
N0357V3S1A28R2.avi,1,28,3,2,357
N0066V3S1A36R2.avi,1,36,3,2,66
N0158V3S1A47R2.avi,1,47,3,2,158
N0226V3S1A50R2.avi,1,50,3,2,226
N0142V1S1A03R2.avi,1,3,1,2,142
N0356V2S1A36R2.avi,1,36,2,2,356
N0250V3S1A23R2.avi,1,23,3,2,250
N0036V1S1A10R2.avi,1,10,1,2,36
N0277V2S1A38R2.avi,1,38,2,2,277
N0253V3S1A33R2.avi,1,33,3,2,253
N0350V3S1A41R2.avi,1,41,3,2,350
N0058V2S1A47R2.avi,1,47,2,2,58
N0102V1S1A07R2.avi,1,7,1,2,102
N0011V2S1A09R2.avi,1,9,2,2,11
N0271V3S1A27R2.avi,1,27,3,2,271
N0067V2S1A32R2.avi,1,32,2,2,67
N0093V2S1A39R2.avi,1,39,2,2,93
N0136V1S1A36R2.avi,1,36,1,2,136
N0074V2S1A24R2.avi,1,24,2,2,74
N0071V2S1A04R2.avi,1,4,2,2,71
N0180V2S1A33R2.avi,1,33,2,2,180
N0191V1S1A02R2.avi,1,2,1,2,191
N0124V2S1A16R2.avi,1,16,2,2,124
N0233V1S1A17R2.avi,1,17,1,2,233
N0221V3S1A50R2.avi,1,50,3,2,221
N0102V1S1A13R2.avi,1,13,1,2,102
N0090V1S1A30R2.avi,1,30,1,2,90
N0237V3S1A06R2.avi,1,6,3,2,237
N0110V3S1A22R2.avi,1,22,3,2,110
N0065V2S1A14R2.avi,1,14,2,2,65
N0177V2S1A43R2.avi,1,43,2,2,177
N0221V1S1A06R2.avi,1,6,1,2,221
N0361V1S1A11R2.avi,1,11,1,2,361
N0126V1S1A48R2.avi,1,48,1,2,126
N0208V3S1A39R2.avi,1,39,3,2,208
N0203V3S1A33R2.avi,1,33,3,2,203
N0051V1S1A44R2.avi,1,44,1,2,51
N0275V1S1A51R2.avi,1,51,1,2,275
N0230V1S1A49R2.avi,1,49,1,2,230
N0087V3S1A04R2.avi,1,4,3,2,87
N0280V3S1A17R2.avi,1,17,3,2,280
N0257V1S1A32R2.avi,1,32,1,2,257
N0107V1S1A17R2.avi,1,17,1,2,107
N0079V3S1A41R2.avi,1,41,3,2,79
N0118V1S1A04R2.avi,1,4,1,2,118
N0282V2S1A35R2.avi,1,35,2,2,282
N0050V1S1A36R2.avi,1,36,1,2,50
N0188V1S1A23R2.avi,1,23,1,2,188
N0192V2S1A31R2.avi,1,31,2,2,192
N0361V1S1A44R2.avi,1,44,1,2,361
N0216V2S1A08R2.avi,1,8,2,2,216
N0209V2S1A46R2.avi,1,46,2,2,209
N0100V1S1A19R2.avi,1,19,1,2,100
N0020V3S1A34R2.avi,1,34,3,2,20
N0035V3S1A21R2.avi,1,21,3,2,35
N0088V2S1A23R1.avi,1,23,2,1,88
N0350V3S1A03R2.avi,1,3,3,2,350
N0158V3S1A33R2.avi,1,33,3,2,158
N0243V1S1A08R2.avi,1,8,1,2,243
N0284V2S1A12R2.avi,1,12,2,2,284
N0286V3S1A51R2.avi,1,51,3,2,286
N0197V3S1A32R2.avi,1,32,3,2,197
N0186V1S1A09R2.avi,1,9,1,2,186
N0229V1S1A41R2.avi,1,41,1,2,229
N0278V2S1A01R2.avi,1,1,2,2,278
N0117V1S1A13R2.avi,1,13,1,2,117
N0256V2S1A40R2.avi,1,40,2,2,256
N0156V1S1A47R2.avi,1,47,1,2,156
N0085V2S1A26R1.avi,1,26,2,1,85
N0079V3S1A45R2.avi,1,45,3,2,79
N0280V1S1A31R2.avi,1,31,1,2,280
N0052V3S1A02R2.avi,1,2,3,2,52
N0092V3S1A05R2.avi,1,5,3,2,92
N0018V3S1A37R2.avi,1,37,3,2,18
N0071V1S1A31R2.avi,1,31,1,2,71
N0047V3S1A29R2.avi,1,29,3,2,47
N0276V1S1A10R2.avi,1,10,1,2,276
N0138V2S1A10R2.avi,1,10,2,2,138
N0069V1S1A45R2.avi,1,45,1,2,69
N0287V2S1A33R2.avi,1,33,2,2,287
N0146V1S1A36R2.avi,1,36,1,2,146
N0287V1S1A23R2.avi,1,23,1,2,287
N0285V3S1A18R2.avi,1,18,3,2,285
N0236V1S1A48R2.avi,1,48,1,2,236
N0274V1S1A08R2.avi,1,8,1,2,274
N0288V2S1A47R2.avi,1,47,2,2,288
N0096V3S1A06R2.avi,1,6,3,2,96
N0218V2S1A37R2.avi,1,37,2,2,218
N0178V3S1A33R2.avi,1,33,3,2,178
N0166V1S1A28R2.avi,1,28,1,2,166
N0229V1S1A11R2.avi,1,11,1,2,229
N0272V3S1A41R0.avi,1,41,3,0,272
N0273V2S1A42R2.avi,1,42,2,2,273
N0080V2S1A25R2.avi,1,25,2,2,80
N0007V1S1A45R2.avi,1,45,1,2,7
N0189V2S1A09R2.avi,1,9,2,2,189
N0200V2S1A10R2.avi,1,10,2,2,200
N0102V1S1A01R2.avi,1,1,1,2,102
N0078V3S1A46R2.avi,1,46,3,2,78
N0344V2S1A30R2.avi,1,30,2,2,344
N0259V3S1A48R2.avi,1,48,3,2,259
N0264V1S1A06R2.avi,1,6,1,2,264
N0051V2S1A11R2.avi,1,11,2,2,51
N0218V2S1A46R2.avi,1,46,2,2,218
N0361V3S1A23R2.avi,1,23,3,2,361
N0286V3S1A04R2.avi,1,4,3,2,286
N0086V2S1A30R2.avi,1,30,2,2,86
N0085V1S1A27R2.avi,1,27,1,2,85
N0046V2S1A39R2.avi,1,39,2,2,46
N0148V3S1A36R2.avi,1,36,3,2,148
N0191V1S1A15R2.avi,1,15,1,2,191
N0362V2S1A43R2.avi,1,43,2,2,362
N0278V2S1A40R2.avi,1,40,2,2,278
N0181V3S1A15R2.avi,1,15,3,2,181
N0033V3S1A15R2.avi,1,15,3,2,33
N0362V1S1A41R2.avi,1,41,1,2,362
N0166V3S1A48R2.avi,1,48,3,2,166
N0276V2S1A49R2.avi,1,49,2,2,276
N0337V2S1A47R2.avi,1,47,2,2,337
N0346V1S1A13R2.avi,1,13,1,2,346
N0334V2S1A01R2.avi,1,1,2,2,334
N0067V3S1A13R2.avi,1,13,3,2,67
N0102V3S1A37R2.avi,1,37,3,2,102
N0079V1S1A04R2.avi,1,4,1,2,79
N0243V3S1A33R2.avi,1,33,3,2,243
N0160V1S1A38R2.avi,1,38,1,2,160
N0274V2S1A08R2.avi,1,8,2,2,274
N0093V2S1A31R2.avi,1,31,2,2,93
N0107V2S1A38R2.avi,1,38,2,2,107
N0252V1S1A45R2.avi,1,45,1,2,252
N0278V1S1A04R2.avi,1,4,1,2,278
N0066V2S1A30R2.avi,1,30,2,2,66
N0036V1S1A08R2.avi,1,8,1,2,36
N0152V2S1A50R2.avi,1,50,2,2,152
N0233V2S1A19R2.avi,1,19,2,2,233
N0233V2S1A02R2.avi,1,2,2,2,233
N0161V1S1A04R2.avi,1,4,1,2,161
N0028V1S1A40R2.avi,1,40,1,2,28
N0003V1S1A29R2.avi,1,29,1,2,3
N0088V3S1A34R2.avi,1,34,3,2,88
N0228V3S1A31R2.avi,1,31,3,2,228
N0025V2S1A27R2.avi,1,27,2,2,25
N0129V1S1A51R2.avi,1,51,1,2,129
N0355V1S1A13R2.avi,1,13,1,2,355
N0082V2S1A36R2.avi,1,36,2,2,82
N0236V3S1A41R2.avi,1,41,3,2,236
N0256V2S1A35R2.avi,1,35,2,2,256
N0012V3S1A33R2.avi,1,33,3,2,12
N0276V1S1A11R2.avi,1,11,1,2,276
N0066V2S1A28R2.avi,1,28,2,2,66
N0016V2S1A10R2.avi,1,10,2,2,16
N0019V2S1A08R2.avi,1,8,2,2,19
N0359V2S1A16R2.avi,1,16,2,2,359
N0275V1S1A29R2.avi,1,29,1,2,275
N0132V2S1A04R2.avi,1,4,2,2,132
N0155V1S1A26R2.avi,1,26,1,2,155
N0179V1S1A44R2.avi,1,44,1,2,179
N0085V1S1A12R2.avi,1,12,1,2,85
N0101V1S1A43R2.avi,1,43,1,2,101
N0019V2S1A10R2.avi,1,10,2,2,19
N0078V1S1A48R2.avi,1,48,1,2,78
N0281V1S1A07R2.avi,1,7,1,2,281
N0273V2S1A39R2.avi,1,39,2,2,273
N0238V1S1A45R2.avi,1,45,1,2,238
N0188V1S1A51R2.avi,1,51,1,2,188
N0127V2S1A38R2.avi,1,38,2,2,127
N0032V2S1A13R2.avi,1,13,2,2,32
N0037V3S1A42R2.avi,1,42,3,2,37
N0122V1S1A19R2.avi,1,19,1,2,122
N0061V2S1A04R2.avi,1,4,2,2,61
N0036V1S1A23R2.avi,1,23,1,2,36
N0050V2S1A03R2.avi,1,3,2,2,50
N0219V1S1A40R2.avi,1,40,1,2,219
N0335V3S1A15R2.avi,1,15,3,2,335
N0160V3S1A50R2.avi,1,50,3,2,160
N0008V2S1A02R2.avi,1,2,2,2,8
N0079V3S1A09R2.avi,1,9,3,2,79
N0156V3S1A02R2.avi,1,2,3,2,156
N0208V2S1A08R2.avi,1,8,2,2,208
N0221V2S1A17R2.avi,1,17,2,2,221
N0003V3S1A15R2.avi,1,15,3,2,3
N0058V1S1A50R2.avi,1,50,1,2,58
N0206V1S1A50R2.avi,1,50,1,2,206
N0256V2S1A49R2.avi,1,49,2,2,256
N0282V3S1A17R2.avi,1,17,3,2,282
N0250V1S1A09R1.avi,1,9,1,1,250
N0022V2S1A33R2.avi,1,33,2,2,22
N0203V3S1A05R2.avi,1,5,3,2,203
N0344V3S1A19R2.avi,1,19,3,2,344
N0156V2S1A47R2.avi,1,47,2,2,156
N0111V3S1A08R2.avi,1,8,3,2,111
N0003V2S1A50R1.avi,1,50,2,1,3
N0019V2S1A04R2.avi,1,4,2,2,19
N0152V1S1A33R2.avi,1,33,1,2,152
N0191V2S1A31R1.avi,1,31,2,1,191
N0092V2S1A17R2.avi,1,17,2,2,92
N0011V2S1A07R2.avi,1,7,2,2,11
N0239V2S1A09R2.avi,1,9,2,2,239
N0238V3S1A50R2.avi,1,50,3,2,238
N0207V1S1A15R2.avi,1,15,1,2,207
N0051V1S1A07R2.avi,1,7,1,2,51
N0098V1S1A43R2.avi,1,43,1,2,98
N0271V1S1A24R2.avi,1,24,1,2,271
N0108V3S1A46R2.avi,1,46,3,2,108
N0220V2S1A01R2.avi,1,1,2,2,220
N0241V2S1A33R2.avi,1,33,2,2,241
N0077V3S1A06R2.avi,1,6,3,2,77
N0193V3S1A11R2.avi,1,11,3,2,193
N0126V3S1A10R2.avi,1,10,3,2,126
N0077V2S1A09R2.avi,1,9,2,2,77
N0272V3S1A34R2.avi,1,34,3,2,272
N0180V1S1A38R2.avi,1,38,1,2,180
N0086V2S1A51R2.avi,1,51,2,2,86
N0180V1S1A28R2.avi,1,28,1,2,180
N0215V1S1A12R2.avi,1,12,1,2,215
N0092V3S1A51R2.avi,1,51,3,2,92
N0167V2S1A01R2.avi,1,1,2,2,167
N0046V2S1A23R2.avi,1,23,2,2,46
N0063V3S1A23R2.avi,1,23,3,2,63
N0193V3S1A40R2.avi,1,40,3,2,193
N0231V1S1A41R1.avi,1,41,1,1,231
N0208V2S1A38R2.avi,1,38,2,2,208
N0042V1S1A01R2.avi,1,1,1,2,42
N0161V1S1A05R2.avi,1,5,1,2,161
N0008V1S1A03R2.avi,1,3,1,2,8
N0133V1S1A30R2.avi,1,30,1,2,133
N0182V2S1A02R2.avi,1,2,2,2,182
N0020V2S1A35R2.avi,1,35,2,2,20
N0038V3S1A33R2.avi,1,33,3,2,38
N0238V1S1A36R2.avi,1,36,1,2,238
N0056V2S1A19R2.avi,1,19,2,2,56
N0273V1S1A37R2.avi,1,37,1,2,273
N0177V3S1A41R2.avi,1,41,3,2,177
N0139V3S1A32R2.avi,1,32,3,2,139
N0147V3S1A03R2.avi,1,3,3,2,147
N0287V3S1A45R2.avi,1,45,3,2,287
N0269V3S1A08R2.avi,1,8,3,2,269
N0198V1S1A29R2.avi,1,29,1,2,198
N0023V2S1A08R2.avi,1,8,2,2,23
N0360V1S1A07R2.avi,1,7,1,2,360
N0022V1S1A35R2.avi,1,35,1,2,22
N0172V3S1A03R2.avi,1,3,3,2,172
N0005V2S1A24R2.avi,1,24,2,2,5
N0099V3S1A47R2.avi,1,47,3,2,99
N0212V3S1A36R2.avi,1,36,3,2,212
N0240V1S1A04R2.avi,1,4,1,2,240
N0105V2S1A16R2.avi,1,16,2,2,105
N0029V3S1A45R2.avi,1,45,3,2,29
N0150V1S1A31R0.avi,1,31,1,0,150
N0336V1S1A41R2.avi,1,41,1,2,336
N0361V1S1A36R2.avi,1,36,1,2,361
N0153V1S1A44R2.avi,1,44,1,2,153
N0162V3S1A01R2.avi,1,1,3,2,162
N0262V1S1A37R2.avi,1,37,1,2,262
N0046V3S1A51R2.avi,1,51,3,2,46
N0060V2S1A33R2.avi,1,33,2,2,60
N0176V3S1A38R2.avi,1,38,3,2,176
N0347V1S1A09R2.avi,1,9,1,2,347
N0273V1S1A32R2.avi,1,32,1,2,273
N0341V2S1A39R2.avi,1,39,2,2,341
N0270V1S1A24R2.avi,1,24,1,2,270
N0037V2S1A42R2.avi,1,42,2,2,37
N0344V3S1A07R2.avi,1,7,3,2,344
N0202V1S1A08R2.avi,1,8,1,2,202
N0112V1S1A01R2.avi,1,1,1,2,112
N0117V2S1A44R2.avi,1,44,2,2,117
N0087V1S1A40R1.avi,1,40,1,1,87
N0342V2S1A32R2.avi,1,32,2,2,342
N0001V1S1A41R2.avi,1,41,1,2,1
N0036V1S1A48R2.avi,1,48,1,2,36
N0228V3S1A23R2.avi,1,23,3,2,228
N0006V2S1A03R2.avi,1,3,2,2,6
N0191V3S1A50R2.avi,1,50,3,2,191
N0344V1S1A25R2.avi,1,25,1,2,344
N0161V2S1A05R2.avi,1,5,2,2,161
N0208V1S1A08R2.avi,1,8,1,2,208
N0353V2S1A25R2.avi,1,25,2,2,353
N0016V2S1A37R2.avi,1,37,2,2,16
N0137V3S1A31R2.avi,1,31,3,2,137
N0362V2S1A49R2.avi,1,49,2,2,362
N0334V3S1A05R2.avi,1,5,3,2,334
N0127V1S1A15R2.avi,1,15,1,2,127
N0222V3S1A35R2.avi,1,35,3,2,222
N0196V1S1A29R2.avi,1,29,1,2,196
N0180V2S1A25R2.avi,1,25,2,2,180
N0202V2S1A04R2.avi,1,4,2,2,202
N0157V1S1A19R2.avi,1,19,1,2,157
N0019V2S1A15R2.avi,1,15,2,2,19
N0230V2S1A45R2.avi,1,45,2,2,230
N0162V2S1A50R2.avi,1,50,2,2,162
N0133V1S1A08R1.avi,1,8,1,1,133
N0232V2S1A50R2.avi,1,50,2,2,232
N0045V3S1A21R2.avi,1,21,3,2,45
N0220V3S1A33R2.avi,1,33,3,2,220
N0273V3S1A49R2.avi,1,49,3,2,273
N0288V2S1A34R2.avi,1,34,2,2,288
N0264V2S1A50R2.avi,1,50,2,2,264
N0335V1S1A35R2.avi,1,35,1,2,335
N0193V1S1A05R2.avi,1,5,1,2,193
N0199V2S1A37R2.avi,1,37,2,2,199
N0280V2S1A09R2.avi,1,9,2,2,280
N0337V1S1A47R2.avi,1,47,1,2,337
N0028V3S1A48R2.avi,1,48,3,2,28
N0050V1S1A49R2.avi,1,49,1,2,50
N0047V2S1A38R2.avi,1,38,2,2,47
N0280V2S1A03R2.avi,1,3,2,2,280
N0361V3S1A15R2.avi,1,15,3,2,361
N0114V1S1A21R2.avi,1,21,1,2,114
N0156V1S1A33R2.avi,1,33,1,2,156
N0218V2S1A33R2.avi,1,33,2,2,218
N0228V1S1A04R2.avi,1,4,1,2,228
N0266V3S1A11R2.avi,1,11,3,2,266
N0010V3S1A47R2.avi,1,47,3,2,10
N0100V1S1A51R2.avi,1,51,1,2,100
N0068V2S1A34R2.avi,1,34,2,2,68
N0102V1S1A46R2.avi,1,46,1,2,102
N0016V2S1A30R2.avi,1,30,2,2,16
N0214V3S1A24R2.avi,1,24,3,2,214
N0182V3S1A47R2.avi,1,47,3,2,182
N0277V2S1A07R2.avi,1,7,2,2,277
N0342V3S1A20R2.avi,1,20,3,2,342
N0068V2S1A02R2.avi,1,2,2,2,68
N0131V3S1A51R2.avi,1,51,3,2,131
N0170V2S1A47R2.avi,1,47,2,2,170
N0361V3S1A33R2.avi,1,33,3,2,361
N0355V2S1A28R2.avi,1,28,2,2,355
N0117V3S1A13R2.avi,1,13,3,2,117
N0039V1S1A19R2.avi,1,19,1,2,39
N0013V1S1A31R2.avi,1,31,1,2,13
N0289V3S1A39R2.avi,1,39,3,2,289
N0201V2S1A09R2.avi,1,9,2,2,201
N0286V1S1A22R2.avi,1,22,1,2,286
N0196V2S1A34R2.avi,1,34,2,2,196
N0335V2S1A31R2.avi,1,31,2,2,335
N0228V2S1A36R1.avi,1,36,2,1,228
N0277V1S1A32R2.avi,1,32,1,2,277
N0351V1S1A48R2.avi,1,48,1,2,351
N0152V1S1A48R2.avi,1,48,1,2,152
N0257V3S1A23R2.avi,1,23,3,2,257
N0087V3S1A11R2.avi,1,11,3,2,87
N0243V2S1A09R2.avi,1,9,2,2,243
N0016V3S1A39R2.avi,1,39,3,2,16
N0042V3S1A34R2.avi,1,34,3,2,42
N0067V2S1A50R2.avi,1,50,2,2,67
N0199V3S1A34R2.avi,1,34,3,2,199
N0149V2S1A45R2.avi,1,45,2,2,149
N0092V3S1A13R2.avi,1,13,3,2,92
N0121V3S1A31R1.avi,1,31,3,1,121
N0252V1S1A03R2.avi,1,3,1,2,252
N0103V3S1A44R2.avi,1,44,3,2,103
N0063V2S1A44R2.avi,1,44,2,2,63
N0209V1S1A48R2.avi,1,48,1,2,209
N0159V1S1A11R2.avi,1,11,1,2,159
N0100V3S1A25R2.avi,1,25,3,2,100
N0239V1S1A02R2.avi,1,2,1,2,239
N0149V1S1A31R2.avi,1,31,1,2,149
N0100V2S1A39R2.avi,1,39,2,2,100
N0119V3S1A30R2.avi,1,30,3,2,119
N0101V3S1A20R2.avi,1,20,3,2,101
N0211V2S1A19R2.avi,1,19,2,2,211
N0256V2S1A04R2.avi,1,4,2,2,256
N0199V1S1A28R1.avi,1,28,1,1,199
N0217V2S1A36R2.avi,1,36,2,2,217
N0110V2S1A37R2.avi,1,37,2,2,110
N0069V3S1A44R2.avi,1,44,3,2,69
N0336V2S1A40R2.avi,1,40,2,2,336
N0076V1S1A08R2.avi,1,8,1,2,76
N0187V1S1A20R2.avi,1,20,1,2,187
N0262V1S1A41R2.avi,1,41,1,2,262
N0026V2S1A10R2.avi,1,10,2,2,26
N0218V2S1A38R2.avi,1,38,2,2,218
N0217V2S1A02R1.avi,1,2,2,1,217
N0266V2S1A39R2.avi,1,39,2,2,266
N0203V2S1A02R2.avi,1,2,2,2,203
N0041V3S1A13R2.avi,1,13,3,2,41
N0122V3S1A09R2.avi,1,9,3,2,122
N0252V1S1A47R2.avi,1,47,1,2,252
N0178V3S1A51R2.avi,1,51,3,2,178
N0078V3S1A25R2.avi,1,25,3,2,78
N0156V1S1A08R2.avi,1,8,1,2,156
N0340V3S1A07R2.avi,1,7,3,2,340
N0162V2S1A08R2.avi,1,8,2,2,162
N0180V3S1A46R2.avi,1,46,3,2,180
N0229V2S1A17R2.avi,1,17,2,2,229
N0018V2S1A51R2.avi,1,51,2,2,18
N0349V1S1A27R2.avi,1,27,1,2,349
N0352V1S1A37R2.avi,1,37,1,2,352
N0048V2S1A40R2.avi,1,40,2,2,48
N0117V3S1A38R2.avi,1,38,3,2,117
N0072V1S1A36R2.avi,1,36,1,2,72
N0072V3S1A51R2.avi,1,51,3,2,72
N0043V2S1A38R2.avi,1,38,2,2,43
N0177V3S1A43R2.avi,1,43,3,2,177
N0221V3S1A42R2.avi,1,42,3,2,221
N0361V1S1A15R2.avi,1,15,1,2,361
N0069V3S1A11R2.avi,1,11,3,2,69
N0128V1S1A49R2.avi,1,49,1,2,128
N0029V1S1A29R2.avi,1,29,1,2,29
N0178V3S1A25R2.avi,1,25,3,2,178
N0001V2S1A39R2.avi,1,39,2,2,1
N0196V1S1A38R2.avi,1,38,1,2,196
N0197V2S1A05R2.avi,1,5,2,2,197
N0213V1S1A07R2.avi,1,7,1,2,213
N0018V1S1A35R2.avi,1,35,1,2,18
N0193V3S1A38R2.avi,1,38,3,2,193
N0264V2S1A51R2.avi,1,51,2,2,264
N0048V2S1A03R2.avi,1,3,2,2,48
N0278V3S1A33R2.avi,1,33,3,2,278
N0140V3S1A34R2.avi,1,34,3,2,140
N0006V3S1A05R2.avi,1,5,3,2,6
N0123V3S1A32R2.avi,1,32,3,2,123
N0218V2S1A03R2.avi,1,3,2,2,218
N0085V3S1A24R2.avi,1,24,3,2,85
N0232V2S1A38R2.avi,1,38,2,2,232
N0346V2S1A37R2.avi,1,37,2,2,346
N0132V2S1A03R2.avi,1,3,2,2,132
N0026V3S1A37R2.avi,1,37,3,2,26
N0108V3S1A50R2.avi,1,50,3,2,108
N0358V3S1A27R2.avi,1,27,3,2,358
N0192V3S1A42R2.avi,1,42,3,2,192
N0088V3S1A17R2.avi,1,17,3,2,88
N0001V2S1A41R2.avi,1,41,2,2,1
N0120V3S1A09R2.avi,1,9,3,2,120
N0222V3S1A04R2.avi,1,4,3,2,222
N0149V2S1A29R2.avi,1,29,2,2,149
N0049V1S1A38R2.avi,1,38,1,2,49
N0091V2S1A13R2.avi,1,13,2,2,91
N0151V2S1A51R2.avi,1,51,2,2,151
N0186V2S1A03R2.avi,1,3,2,2,186
N0122V3S1A01R2.avi,1,1,3,2,122
N0112V1S1A51R2.avi,1,51,1,2,112
N0112V1S1A03R2.avi,1,3,1,2,112
N0169V2S1A13R2.avi,1,13,2,2,169
N0275V3S1A05R2.avi,1,5,3,2,275
N0221V1S1A03R2.avi,1,3,1,2,221
N0192V2S1A47R2.avi,1,47,2,2,192
N0238V1S1A10R2.avi,1,10,1,2,238
N0357V1S1A25R2.avi,1,25,1,2,357
N0067V3S1A32R2.avi,1,32,3,2,67
N0087V1S1A09R2.avi,1,9,1,2,87
N0075V1S1A12R2.avi,1,12,1,2,75
N0031V2S1A17R2.avi,1,17,2,2,31
N0031V1S1A50R2.avi,1,50,1,2,31
N0020V3S1A30R2.avi,1,30,3,2,20
N0234V1S1A14R2.avi,1,14,1,2,234
N0343V1S1A31R2.avi,1,31,1,2,343
N0177V2S1A17R2.avi,1,17,2,2,177
N0141V1S1A41R2.avi,1,41,1,2,141
N0362V3S1A22R2.avi,1,22,3,2,362
N0238V2S1A44R2.avi,1,44,2,2,238
N0289V3S1A10R2.avi,1,10,3,2,289
N0283V2S1A19R2.avi,1,19,2,2,283
N0144V2S1A12R2.avi,1,12,2,2,144
N0216V2S1A23R2.avi,1,23,2,2,216
N0139V3S1A44R2.avi,1,44,3,2,139
N0222V2S1A42R2.avi,1,42,2,2,222
N0105V3S1A27R2.avi,1,27,3,2,105
N0344V2S1A40R2.avi,1,40,2,2,344
N0186V1S1A37R2.avi,1,37,1,2,186
N0068V2S1A47R2.avi,1,47,2,2,68
N0220V2S1A50R2.avi,1,50,2,2,220
N0250V3S1A04R2.avi,1,4,3,2,250
N0163V1S1A07R2.avi,1,7,1,2,163
N0175V2S1A27R2.avi,1,27,2,2,175
N0107V2S1A29R2.avi,1,29,2,2,107
N0166V2S1A47R2.avi,1,47,2,2,166
N0183V3S1A04R2.avi,1,4,3,2,183
N0357V2S1A30R2.avi,1,30,2,2,357
N0116V2S1A40R2.avi,1,40,2,2,116
N0172V1S1A48R2.avi,1,48,1,2,172
N0253V3S1A44R2.avi,1,44,3,2,253
N0038V1S1A17R2.avi,1,17,1,2,38
N0236V1S1A33R2.avi,1,33,1,2,236
N0200V2S1A37R2.avi,1,37,2,2,200
N0175V2S1A18R2.avi,1,18,2,2,175
N0229V1S1A51R2.avi,1,51,1,2,229
N0267V3S1A08R2.avi,1,8,3,2,267
N0276V3S1A11R2.avi,1,11,3,2,276
N0068V2S1A17R2.avi,1,17,2,2,68
N0356V1S1A32R2.avi,1,32,1,2,356
N0087V2S1A38R2.avi,1,38,2,2,87
N0254V3S1A26R2.avi,1,26,3,2,254
N0182V1S1A28R2.avi,1,28,1,2,182
N0138V2S1A08R2.avi,1,8,2,2,138
N0058V3S1A36R2.avi,1,36,3,2,58
N0164V2S1A27R2.avi,1,27,2,2,164
N0262V2S1A04R2.avi,1,4,2,2,262
N0203V2S1A42R2.avi,1,42,2,2,203
N0347V3S1A28R2.avi,1,28,3,2,347
N0032V3S1A28R0.avi,1,28,3,0,32
N0289V3S1A25R2.avi,1,25,3,2,289
N0119V3S1A50R2.avi,1,50,3,2,119
N0192V2S1A02R2.avi,1,2,2,2,192
N0131V3S1A48R2.avi,1,48,3,2,131
N0265V2S1A22R2.avi,1,22,2,2,265
N0232V2S1A22R2.avi,1,22,2,2,232
N0238V3S1A11R2.avi,1,11,3,2,238
N0153V1S1A07R2.avi,1,7,1,2,153
N0101V3S1A13R2.avi,1,13,3,2,101
N0132V1S1A38R2.avi,1,38,1,2,132
N0050V1S1A35R2.avi,1,35,1,2,50
N0362V3S1A19R2.avi,1,19,3,2,362
N0275V1S1A42R2.avi,1,42,1,2,275
N0022V2S1A37R2.avi,1,37,2,2,22
N0092V3S1A06R2.avi,1,6,3,2,92
N0101V1S1A44R2.avi,1,44,1,2,101
N0097V3S1A34R2.avi,1,34,3,2,97
N0184V1S1A16R2.avi,1,16,1,2,184
N0092V2S1A48R2.avi,1,48,2,2,92
N0070V3S1A03R2.avi,1,3,3,2,70
N0068V1S1A48R2.avi,1,48,1,2,68
N0093V2S1A08R2.avi,1,8,2,2,93
N0014V2S1A24R2.avi,1,24,2,2,14
N0207V2S1A07R2.avi,1,7,2,2,207
N0343V2S1A25R2.avi,1,25,2,2,343
N0237V1S1A49R2.avi,1,49,1,2,237
N0217V2S1A48R2.avi,1,48,2,2,217
N0116V1S1A47R2.avi,1,47,1,2,116
N0363V2S1A39R2.avi,1,39,2,2,363
N0202V1S1A41R2.avi,1,41,1,2,202
N0036V1S1A36R2.avi,1,36,1,2,36
N0362V3S1A13R2.avi,1,13,3,2,362
N0078V3S1A37R2.avi,1,37,3,2,78
N0361V2S1A17R2.avi,1,17,2,2,361
N0360V1S1A01R2.avi,1,1,1,2,360
N0091V2S1A44R2.avi,1,44,2,2,91
N0337V3S1A38R2.avi,1,38,3,2,337
N0079V3S1A38R2.avi,1,38,3,2,79
N0239V3S1A20R2.avi,1,20,3,2,239
N0108V3S1A02R2.avi,1,2,3,2,108
N0193V1S1A29R2.avi,1,29,1,2,193
N0061V1S1A11R2.avi,1,11,1,2,61
N0235V2S1A14R2.avi,1,14,2,2,235
N0212V3S1A43R2.avi,1,43,3,2,212
N0177V1S1A43R2.avi,1,43,1,2,177
N0077V3S1A07R2.avi,1,7,3,2,77
N0271V2S1A27R2.avi,1,27,2,2,271
N0004V1S1A16R2.avi,1,16,1,2,4
N0015V1S1A14R2.avi,1,14,1,2,15
N0163V1S1A44R2.avi,1,44,1,2,163
N0363V2S1A11R2.avi,1,11,2,2,363
N0189V2S1A40R2.avi,1,40,2,2,189
N0102V1S1A17R2.avi,1,17,1,2,102
N0221V1S1A13R2.avi,1,13,1,2,221
N0350V1S1A20R2.avi,1,20,1,2,350
N0198V3S1A51R2.avi,1,51,3,2,198
N0199V3S1A31R2.avi,1,31,3,2,199
N0355V1S1A11R2.avi,1,11,1,2,355
N0019V3S1A11R2.avi,1,11,3,2,19
N0238V3S1A02R2.avi,1,2,3,2,238
N0102V2S1A37R2.avi,1,37,2,2,102
N0127V2S1A20R2.avi,1,20,2,2,127
N0093V2S1A11R2.avi,1,11,2,2,93
N0223V1S1A22R2.avi,1,22,1,2,223
N0281V1S1A30R2.avi,1,30,1,2,281
N0173V1S1A15R2.avi,1,15,1,2,173
N0209V3S1A30R2.avi,1,30,3,2,209
N0275V1S1A23R2.avi,1,23,1,2,275
N0070V1S1A47R2.avi,1,47,1,2,70
N0178V1S1A30R2.avi,1,30,1,2,178
N0158V3S1A46R2.avi,1,46,3,2,158
N0090V2S1A30R2.avi,1,30,2,2,90
N0002V2S1A02R2.avi,1,2,2,2,2
N0346V2S1A15R2.avi,1,15,2,2,346
N0106V1S1A49R2.avi,1,49,1,2,106
N0042V1S1A06R2.avi,1,6,1,2,42
N0100V2S1A28R2.avi,1,28,2,2,100
N0098V3S1A09R2.avi,1,9,3,2,98
N0093V2S1A32R2.avi,1,32,2,2,93
N0070V2S1A47R2.avi,1,47,2,2,70
N0069V1S1A42R2.avi,1,42,1,2,69
N0117V1S1A08R2.avi,1,8,1,2,117
N0127V1S1A43R2.avi,1,43,1,2,127
N0021V2S1A42R2.avi,1,42,2,2,21
N0179V3S1A50R2.avi,1,50,3,2,179
N0182V3S1A46R2.avi,1,46,3,2,182
N0355V1S1A45R2.avi,1,45,1,2,355
N0149V2S1A04R2.avi,1,4,2,2,149
N0350V2S1A04R2.avi,1,4,2,2,350
N0142V1S1A01R1.avi,1,1,1,1,142
N0032V1S1A46R2.avi,1,46,1,2,32
N0268V1S1A02R2.avi,1,2,1,2,268
N0179V3S1A44R2.avi,1,44,3,2,179
N0114V1S1A27R2.avi,1,27,1,2,114
N0140V1S1A47R2.avi,1,47,1,2,140
N0283V1S1A48R2.avi,1,48,1,2,283
N0281V3S1A30R2.avi,1,30,3,2,281
N0137V3S1A20R2.avi,1,20,3,2,137
N0118V2S1A33R2.avi,1,33,2,2,118
N0177V2S1A22R2.avi,1,22,2,2,177
N0187V1S1A29R2.avi,1,29,1,2,187
N0238V1S1A49R2.avi,1,49,1,2,238
N0094V3S1A16R2.avi,1,16,3,2,94
N0289V1S1A38R2.avi,1,38,1,2,289
N0060V2S1A38R2.avi,1,38,2,2,60
N0355V2S1A11R2.avi,1,11,2,2,355
N0284V2S1A14R2.avi,1,14,2,2,284
N0078V3S1A49R2.avi,1,49,3,2,78
N0216V3S1A38R2.avi,1,38,3,2,216
N0126V2S1A50R2.avi,1,50,2,2,126
N0043V2S1A09R2.avi,1,9,2,2,43
N0168V3S1A03R2.avi,1,3,3,2,168
N0222V3S1A33R2.avi,1,33,3,2,222
N0023V1S1A04R2.avi,1,4,1,2,23
N0256V2S1A34R2.avi,1,34,2,2,256
N0119V3S1A06R2.avi,1,6,3,2,119
N0335V3S1A31R1.avi,1,31,3,1,335
N0180V2S1A36R2.avi,1,36,2,2,180
N0341V3S1A36R2.avi,1,36,3,2,341
N0067V2S1A42R2.avi,1,42,2,2,67
N0031V1S1A17R2.avi,1,17,1,2,31
N0242V2S1A33R2.avi,1,33,2,2,242
N0267V2S1A15R2.avi,1,15,2,2,267
N0136V1S1A01R2.avi,1,1,1,2,136
N0264V2S1A40R2.avi,1,40,2,2,264
N0213V3S1A17R2.avi,1,17,3,2,213
N0221V3S1A09R2.avi,1,9,3,2,221
N0047V2S1A05R2.avi,1,5,2,2,47
N0042V1S1A47R2.avi,1,47,1,2,42
N0053V1S1A43R2.avi,1,43,1,2,53
N0237V3S1A28R2.avi,1,28,3,2,237
N0080V3S1A33R2.avi,1,33,3,2,80
N0145V2S1A24R2.avi,1,24,2,2,145
N0182V1S1A34R2.avi,1,34,1,2,182
N0220V1S1A50R2.avi,1,50,1,2,220
N0033V3S1A08R2.avi,1,8,3,2,33
N0221V2S1A30R2.avi,1,30,2,2,221
N0121V1S1A25R2.avi,1,25,1,2,121
N0073V3S1A23R1.avi,1,23,3,1,73
N0187V3S1A17R2.avi,1,17,3,2,187
N0007V1S1A23R2.avi,1,23,1,2,7
N0251V3S1A38R2.avi,1,38,3,2,251
N0343V2S1A31R2.avi,1,31,2,2,343
N0130V3S1A35R0.avi,1,35,3,0,130
N0074V2S1A12R2.avi,1,12,2,2,74
N0083V2S1A43R2.avi,1,43,2,2,83
N0021V2S1A20R2.avi,1,20,2,2,21
N0075V1S1A21R2.avi,1,21,1,2,75
N0285V1S1A14R2.avi,1,14,1,2,285
N0003V3S1A05R2.avi,1,5,3,2,3
N0148V2S1A51R2.avi,1,51,2,2,148
N0226V2S1A22R2.avi,1,22,2,2,226
N0282V1S1A38R2.avi,1,38,1,2,282
N0032V2S1A06R2.avi,1,6,2,2,32
N0112V2S1A09R2.avi,1,9,2,2,112
N0043V1S1A09R2.avi,1,9,1,2,43
N0186V3S1A28R2.avi,1,28,3,2,186
N0226V1S1A33R2.avi,1,33,1,2,226
N0088V1S1A47R2.avi,1,47,1,2,88
N0132V2S1A19R2.avi,1,19,2,2,132
N0073V2S1A20R2.avi,1,20,2,2,73
N0108V3S1A17R2.avi,1,17,3,2,108
N0338V3S1A14R2.avi,1,14,3,2,338
N0233V3S1A32R2.avi,1,32,3,2,233
N0098V3S1A15R2.avi,1,15,3,2,98
N0177V1S1A15R2.avi,1,15,1,2,177
N0205V3S1A12R2.avi,1,12,3,2,205
N0362V1S1A48R2.avi,1,48,1,2,362
N0207V1S1A07R2.avi,1,7,1,2,207
N0236V3S1A45R2.avi,1,45,3,2,236
N0136V3S1A36R2.avi,1,36,3,2,136
N0346V3S1A15R2.avi,1,15,3,2,346
N0219V3S1A05R2.avi,1,5,3,2,219
N0102V3S1A13R2.avi,1,13,3,2,102
N0068V2S1A07R2.avi,1,7,2,2,68
N0148V2S1A23R2.avi,1,23,2,2,148
N0222V2S1A23R2.avi,1,23,2,2,222
N0016V3S1A46R2.avi,1,46,3,2,16
N0146V1S1A02R2.avi,1,2,1,2,146
N0093V3S1A09R2.avi,1,9,3,2,93
N0023V1S1A32R0.avi,1,32,1,0,23
N0113V1S1A38R2.avi,1,38,1,2,113
N0137V3S1A46R2.avi,1,46,3,2,137
N0258V2S1A13R2.avi,1,13,2,2,258
N0041V3S1A11R2.avi,1,11,3,2,41
N0264V3S1A37R2.avi,1,37,3,2,264
N0073V1S1A08R2.avi,1,8,1,2,73
N0241V3S1A13R2.avi,1,13,3,2,241
N0038V1S1A51R2.avi,1,51,1,2,38
N0012V3S1A36R2.avi,1,36,3,2,12
N0110V2S1A08R2.avi,1,8,2,2,110
N0010V3S1A08R2.avi,1,8,3,2,10
N0213V2S1A40R2.avi,1,40,2,2,213
N0161V3S1A11R2.avi,1,11,3,2,161
N0221V2S1A50R2.avi,1,50,2,2,221
N0361V1S1A39R2.avi,1,39,1,2,361
N0066V1S1A03R2.avi,1,3,1,2,66
N0101V1S1A05R2.avi,1,5,1,2,101
N0001V1S1A42R2.avi,1,42,1,2,1
N0056V2S1A10R2.avi,1,10,2,2,56
N0139V3S1A43R2.avi,1,43,3,2,139
N0130V2S1A29R2.avi,1,29,2,2,130
N0257V1S1A34R2.avi,1,34,1,2,257
N0022V1S1A48R2.avi,1,48,1,2,22
N0356V1S1A05R2.avi,1,5,1,2,356
N0345V1S1A39R2.avi,1,39,1,2,345
N0102V1S1A28R2.avi,1,28,1,2,102
N0148V3S1A25R2.avi,1,25,3,2,148
N0038V3S1A35R2.avi,1,35,3,2,38
N0032V2S1A17R2.avi,1,17,2,2,32
N0103V2S1A39R2.avi,1,39,2,2,103
N0228V3S1A38R2.avi,1,38,3,2,228
N0209V3S1A43R1.avi,1,43,3,1,209
N0280V3S1A34R2.avi,1,34,3,2,280
N0347V3S1A10R2.avi,1,10,3,2,347
N0072V2S1A46R2.avi,1,46,2,2,72
N0265V2S1A25R2.avi,1,25,2,2,265
N0363V1S1A46R2.avi,1,46,1,2,363
N0098V1S1A19R2.avi,1,19,1,2,98
N0213V3S1A39R2.avi,1,39,3,2,213
N0216V3S1A44R2.avi,1,44,3,2,216
N0164V3S1A14R2.avi,1,14,3,2,164
N0351V2S1A47R2.avi,1,47,2,2,351
N0002V1S1A51R2.avi,1,51,1,2,2
N0042V1S1A17R2.avi,1,17,1,2,42
N0277V3S1A05R2.avi,1,5,3,2,277
N0066V1S1A48R2.avi,1,48,1,2,66
N0006V3S1A06R2.avi,1,6,3,2,6
N0160V1S1A51R2.avi,1,51,1,2,160
N0210V1S1A39R2.avi,1,39,1,2,210
N0092V2S1A30R2.avi,1,30,2,2,92
N0077V1S1A50R2.avi,1,50,1,2,77
N0113V2S1A43R2.avi,1,43,2,2,113
N0205V2S1A24R2.avi,1,24,2,2,205
N0180V3S1A02R2.avi,1,2,3,2,180
N0058V2S1A01R2.avi,1,1,2,2,58
N0266V1S1A48R2.avi,1,48,1,2,266
N0125V3S1A14R2.avi,1,14,3,2,125
N0027V2S1A17R2.avi,1,17,2,2,27
N0186V1S1A50R2.avi,1,50,1,2,186
N0162V1S1A03R2.avi,1,3,1,2,162
N0171V3S1A41R0.avi,1,41,3,0,171
N0060V2S1A46R2.avi,1,46,2,2,60
N0208V1S1A45R1.avi,1,45,1,1,208
N0282V3S1A32R2.avi,1,32,3,2,282
N0096V2S1A01R2.avi,1,1,2,2,96
N0359V1S1A16R2.avi,1,16,1,2,359
N0108V2S1A35R2.avi,1,35,2,2,108
N0105V1S1A24R2.avi,1,24,1,2,105
N0359V1S1A26R2.avi,1,26,1,2,359
N0109V1S1A42R1.avi,1,42,1,1,109
N0122V1S1A38R2.avi,1,38,1,2,122
N0061V3S1A41R2.avi,1,41,3,2,61
N0233V3S1A36R2.avi,1,36,3,2,233
N0148V1S1A51R2.avi,1,51,1,2,148
N0019V3S1A38R2.avi,1,38,3,2,19
N0226V3S1A33R2.avi,1,33,3,2,226
N0070V2S1A30R2.avi,1,30,2,2,70
N0037V1S1A17R2.avi,1,17,1,2,37
N0125V1S1A18R2.avi,1,18,1,2,125
N0032V1S1A36R2.avi,1,36,1,2,32
N0177V1S1A45R2.avi,1,45,1,2,177
N0036V3S1A03R2.avi,1,3,3,2,36
N0226V1S1A47R2.avi,1,47,1,2,226
N0080V3S1A23R2.avi,1,23,3,2,80
N0278V1S1A35R2.avi,1,35,1,2,278
N0345V1S1A23R2.avi,1,23,1,2,345
N0004V2S1A26R2.avi,1,26,2,2,4
N0192V1S1A28R2.avi,1,28,1,2,192
N0112V2S1A02R2.avi,1,2,2,2,112
N0151V2S1A08R2.avi,1,8,2,2,151
N0138V3S1A50R2.avi,1,50,3,2,138
N0288V1S1A34R2.avi,1,34,1,2,288
N0088V2S1A02R2.avi,1,2,2,2,88
N0223V2S1A39R2.avi,1,39,2,2,223
N0206V3S1A31R2.avi,1,31,3,2,206
N0229V3S1A05R2.avi,1,5,3,2,229
N0184V3S1A27R2.avi,1,27,3,2,184
N0166V3S1A28R2.avi,1,28,3,2,166
N0279V2S1A22R2.avi,1,22,2,2,279
N0259V1S1A38R2.avi,1,38,1,2,259
N0028V3S1A47R2.avi,1,47,3,2,28
N0203V3S1A36R2.avi,1,36,3,2,203
N0174V1S1A21R2.avi,1,21,1,2,174
N0096V1S1A30R2.avi,1,30,1,2,96
N0048V1S1A40R2.avi,1,40,1,2,48
N0341V1S1A35R2.avi,1,35,1,2,341
N0039V1S1A42R2.avi,1,42,1,2,39
N0283V3S1A44R2.avi,1,44,3,2,283
N0104V3S1A16R2.avi,1,16,3,2,104
N0141V3S1A13R2.avi,1,13,3,2,141
N0343V1S1A15R2.avi,1,15,1,2,343
N0222V2S1A43R2.avi,1,43,2,2,222
N0199V3S1A23R2.avi,1,23,3,2,199
N0232V2S1A23R2.avi,1,23,2,2,232
N0178V3S1A46R2.avi,1,46,3,2,178
N0360V3S1A02R2.avi,1,2,3,2,360
N0162V3S1A30R2.avi,1,30,3,2,162
N0098V1S1A04R2.avi,1,4,1,2,98
N0354V3S1A20R1.avi,1,20,3,1,354
N0172V3S1A51R2.avi,1,51,3,2,172
N0253V2S1A10R2.avi,1,10,2,2,253
N0173V2S1A11R2.avi,1,11,2,2,173
N0173V2S1A40R2.avi,1,40,2,2,173
N0256V1S1A31R2.avi,1,31,1,2,256
N0102V1S1A03R2.avi,1,3,1,2,102
N0228V3S1A43R2.avi,1,43,3,2,228
N0031V3S1A31R1.avi,1,31,3,1,31
N0218V3S1A03R2.avi,1,3,3,2,218
N0026V1S1A51R2.avi,1,51,1,2,26
N0129V3S1A31R2.avi,1,31,3,2,129
N0220V1S1A17R2.avi,1,17,1,2,220
N0252V1S1A29R2.avi,1,29,1,2,252
N0121V3S1A45R2.avi,1,45,3,2,121
N0187V1S1A04R2.avi,1,4,1,2,187
N0230V2S1A04R2.avi,1,4,2,2,230
N0118V1S1A03R2.avi,1,3,1,2,118
N0022V3S1A50R2.avi,1,50,3,2,22
N0346V3S1A04R2.avi,1,4,3,2,346
N0120V1S1A03R2.avi,1,3,1,2,120
N0210V1S1A17R2.avi,1,17,1,2,210
N0122V1S1A22R2.avi,1,22,1,2,122
N0179V3S1A22R2.avi,1,22,3,2,179
N0264V3S1A40R2.avi,1,40,3,2,264
N0344V1S1A09R2.avi,1,9,1,2,344
N0158V2S1A48R2.avi,1,48,2,2,158
N0074V3S1A14R2.avi,1,14,3,2,74
N0268V3S1A38R2.avi,1,38,3,2,268
N0087V1S1A42R2.avi,1,42,1,2,87
N0078V2S1A05R2.avi,1,5,2,2,78
N0079V1S1A09R2.avi,1,9,1,2,79
N0278V1S1A23R2.avi,1,23,1,2,278
N0146V3S1A36R2.avi,1,36,3,2,146
N0083V1S1A10R2.avi,1,10,1,2,83
N0193V3S1A07R2.avi,1,7,3,2,193
N0028V1S1A05R2.avi,1,5,1,2,28
N0337V1S1A28R2.avi,1,28,1,2,337
N0344V1S1A08R2.avi,1,8,1,2,344
N0042V2S1A17R2.avi,1,17,2,2,42
N0256V2S1A31R2.avi,1,31,2,2,256
N0362V2S1A34R2.avi,1,34,2,2,362
N0143V1S1A44R2.avi,1,44,1,2,143
N0086V3S1A34R2.avi,1,34,3,2,86
N0131V1S1A07R2.avi,1,7,1,2,131
N0238V3S1A31R2.avi,1,31,3,2,238
N0120V3S1A40R2.avi,1,40,3,2,120
N0360V3S1A09R2.avi,1,9,3,2,360
N0277V1S1A45R2.avi,1,45,1,2,277
N0018V1S1A40R2.avi,1,40,1,2,18
N0053V1S1A39R2.avi,1,39,1,2,53
N0170V2S1A37R2.avi,1,37,2,2,170
N0336V2S1A22R2.avi,1,22,2,2,336
N0083V1S1A15R2.avi,1,15,1,2,83
N0273V1S1A49R2.avi,1,49,1,2,273
N0278V3S1A32R2.avi,1,32,3,2,278
N0199V2S1A10R2.avi,1,10,2,2,199
N0286V3S1A49R2.avi,1,49,3,2,286
N0218V1S1A13R2.avi,1,13,1,2,218
N0030V2S1A02R2.avi,1,2,2,2,30
N0129V3S1A29R2.avi,1,29,3,2,129
N0347V3S1A38R2.avi,1,38,3,2,347
N0199V1S1A03R2.avi,1,3,1,2,199
N0266V2S1A04R2.avi,1,4,2,2,266
N0188V3S1A06R2.avi,1,6,3,2,188
N0030V2S1A51R2.avi,1,51,2,2,30
N0022V2S1A35R2.avi,1,35,2,2,22
N0082V1S1A51R2.avi,1,51,1,2,82
N0011V2S1A22R1.avi,1,22,2,1,11
N0050V2S1A36R2.avi,1,36,2,2,50
N0276V3S1A02R2.avi,1,2,3,2,276
N0287V1S1A33R2.avi,1,33,1,2,287
N0138V2S1A07R2.avi,1,7,2,2,138
N0255V3S1A14R2.avi,1,14,3,2,255
N0273V3S1A37R2.avi,1,37,3,2,273
N0344V3S1A40R2.avi,1,40,3,2,344
N0081V1S1A09R2.avi,1,9,1,2,81
N0356V2S1A04R2.avi,1,4,2,2,356
N0186V3S1A25R2.avi,1,25,3,2,186
N0283V2S1A30R2.avi,1,30,2,2,283
N0220V3S1A41R2.avi,1,41,3,2,220
N0158V2S1A50R2.avi,1,50,2,2,158
N0236V1S1A41R2.avi,1,41,1,2,236
N0207V2S1A11R2.avi,1,11,2,2,207
N0243V1S1A10R2.avi,1,10,1,2,243
N0353V3S1A35R2.avi,1,35,3,2,353
N0133V1S1A29R2.avi,1,29,1,2,133
N0244V1S1A27R1.avi,1,27,1,1,244
N0259V1S1A41R2.avi,1,41,1,2,259
N0272V1S1A10R2.avi,1,10,1,2,272
N0286V1S1A02R2.avi,1,2,1,2,286
N0230V1S1A37R2.avi,1,37,1,2,230
N0091V2S1A40R2.avi,1,40,2,2,91
N0091V1S1A17R2.avi,1,17,1,2,91
N0357V1S1A10R2.avi,1,10,1,2,357
N0088V2S1A28R2.avi,1,28,2,2,88
N0022V3S1A01R2.avi,1,1,3,2,22
N0010V1S1A23R2.avi,1,23,1,2,10
N0145V1S1A18R2.avi,1,18,1,2,145
N0090V2S1A35R2.avi,1,35,2,2,90
N0068V1S1A34R2.avi,1,34,1,2,68
N0187V1S1A32R2.avi,1,32,1,2,187
N0276V2S1A22R2.avi,1,22,2,2,276
N0219V3S1A30R2.avi,1,30,3,2,219
N0230V1S1A47R2.avi,1,47,1,2,230
N0068V1S1A03R2.avi,1,3,1,2,68
N0193V1S1A15R2.avi,1,15,1,2,193
N0023V1S1A43R2.avi,1,43,1,2,23
N0341V1S1A49R2.avi,1,49,1,2,341
N0362V3S1A48R2.avi,1,48,3,2,362
N0129V3S1A32R2.avi,1,32,3,2,129
N0138V3S1A41R2.avi,1,41,3,2,138
N0264V3S1A34R2.avi,1,34,3,2,264
N0040V2S1A08R2.avi,1,8,2,2,40
N0289V1S1A11R2.avi,1,11,1,2,289
N0276V2S1A39R2.avi,1,39,2,2,276
N0042V1S1A07R2.avi,1,7,1,2,42
N0192V1S1A48R2.avi,1,48,1,2,192
N0269V2S1A19R2.avi,1,19,2,2,269
N0179V2S1A17R2.avi,1,17,2,2,179
N0216V2S1A01R2.avi,1,1,2,2,216
N0048V1S1A35R2.avi,1,35,1,2,48
N0232V3S1A47R2.avi,1,47,3,2,232
N0113V1S1A37R2.avi,1,37,1,2,113
N0363V1S1A07R2.avi,1,7,1,2,363
N0096V1S1A06R2.avi,1,6,1,2,96
N0244V2S1A24R2.avi,1,24,2,2,244
N0230V2S1A02R2.avi,1,2,2,2,230
N0169V3S1A40R2.avi,1,40,3,2,169
N0029V3S1A08R2.avi,1,8,3,2,29
N0363V2S1A34R2.avi,1,34,2,2,363
N0266V1S1A49R2.avi,1,49,1,2,266
N0098V1S1A41R2.avi,1,41,1,2,98
N0036V2S1A02R2.avi,1,2,2,2,36
N0218V1S1A23R2.avi,1,23,1,2,218
N0238V2S1A04R2.avi,1,4,2,2,238
N0021V1S1A43R2.avi,1,43,1,2,21
N0258V3S1A50R2.avi,1,50,3,2,258
N0275V2S1A43R2.avi,1,43,2,2,275
N0285V2S1A26R2.avi,1,26,2,2,285
N0235V1S1A24R2.avi,1,24,1,2,235
N0082V3S1A33R2.avi,1,33,3,2,82
N0152V1S1A49R2.avi,1,49,1,2,152
N0277V3S1A47R2.avi,1,47,3,2,277
N0006V2S1A40R2.avi,1,40,2,2,6
N0353V2S1A47R2.avi,1,47,2,2,353
N0133V2S1A46R2.avi,1,46,2,2,133
N0004V2S1A21R2.avi,1,21,2,2,4
N0272V1S1A29R2.avi,1,29,1,2,272
N0102V3S1A03R2.avi,1,3,3,2,102
N0339V1S1A21R2.avi,1,21,1,2,339
N0037V1S1A43R2.avi,1,43,1,2,37
N0252V1S1A43R2.avi,1,43,1,2,252
N0093V1S1A41R2.avi,1,41,1,2,93
N0189V1S1A40R2.avi,1,40,1,2,189
N0253V3S1A49R2.avi,1,49,3,2,253
N0158V2S1A10R2.avi,1,10,2,2,158
N0027V2S1A50R2.avi,1,50,2,2,27
N0131V1S1A10R2.avi,1,10,1,2,131
N0250V2S1A37R2.avi,1,37,2,2,250
N0001V2S1A43R2.avi,1,43,2,2,1
N0023V3S1A22R2.avi,1,22,3,2,23
N0117V3S1A36R2.avi,1,36,3,2,117
N0206V3S1A43R1.avi,1,43,3,1,206
N0270V2S1A27R1.avi,1,27,2,1,270
N0105V3S1A21R1.avi,1,21,3,1,105
N0081V1S1A50R2.avi,1,50,1,2,81
N0208V1S1A47R2.avi,1,47,1,2,208
N0039V3S1A44R2.avi,1,44,3,2,39
N0253V3S1A11R2.avi,1,11,3,2,253
N0090V2S1A51R2.avi,1,51,2,2,90
N0001V3S1A39R2.avi,1,39,3,2,1
N0100V1S1A03R2.avi,1,3,1,2,100
N0046V3S1A25R2.avi,1,25,3,2,46
N0275V2S1A02R2.avi,1,2,2,2,275
N0068V3S1A05R2.avi,1,5,3,2,68
N0136V3S1A38R2.avi,1,38,3,2,136
N0018V1S1A05R2.avi,1,5,1,2,18
N0252V2S1A31R2.avi,1,31,2,2,252
N0158V2S1A23R2.avi,1,23,2,2,158
N0197V3S1A10R2.avi,1,10,3,2,197
N0218V3S1A02R2.avi,1,2,3,2,218
N0021V2S1A44R0.avi,1,44,2,0,21
N0004V2S1A27R0.avi,1,27,2,0,4
N0100V3S1A19R2.avi,1,19,3,2,100
N0253V1S1A22R2.avi,1,22,1,2,253
N0137V2S1A20R2.avi,1,20,2,2,137
N0046V3S1A34R2.avi,1,34,3,2,46
N0141V3S1A04R2.avi,1,4,3,2,141
N0172V2S1A48R2.avi,1,48,2,2,172
N0199V3S1A44R2.avi,1,44,3,2,199
N0211V2S1A43R2.avi,1,43,2,2,211
N0336V2S1A44R2.avi,1,44,2,2,336
N0340V1S1A38R2.avi,1,38,1,2,340
N0133V2S1A29R2.avi,1,29,2,2,133
N0212V1S1A34R2.avi,1,34,1,2,212
N0152V1S1A46R2.avi,1,46,1,2,152
N0029V1S1A09R1.avi,1,9,1,1,29
N0122V3S1A02R2.avi,1,2,3,2,122
N0267V3S1A19R2.avi,1,19,3,2,267
N0016V1S1A34R2.avi,1,34,1,2,16
N0002V1S1A40R2.avi,1,40,1,2,2
N0272V2S1A28R2.avi,1,28,2,2,272
N0351V3S1A10R2.avi,1,10,3,2,351
N0003V2S1A47R1.avi,1,47,2,1,3
N0214V1S1A27R2.avi,1,27,1,2,214
N0077V2S1A50R2.avi,1,50,2,2,77
N0012V1S1A35R0.avi,1,35,1,0,12
N0080V3S1A10R2.avi,1,10,3,2,80
N0174V3S1A12R2.avi,1,12,3,2,174
N0209V1S1A03R2.avi,1,3,1,2,209
N0089V2S1A15R2.avi,1,15,2,2,89
N0062V2S1A48R2.avi,1,48,2,2,62
N0264V3S1A35R2.avi,1,35,3,2,264
N0087V2S1A50R2.avi,1,50,2,2,87
N0212V2S1A47R1.avi,1,47,2,1,212
N0259V2S1A30R2.avi,1,30,2,2,259
N0285V1S1A27R2.avi,1,27,1,2,285
N0340V2S1A05R2.avi,1,5,2,2,340
N0206V2S1A23R2.avi,1,23,2,2,206
N0350V3S1A19R2.avi,1,19,3,2,350
N0202V1S1A04R2.avi,1,4,1,2,202
N0347V3S1A08R2.avi,1,8,3,2,347
N0260V2S1A26R2.avi,1,26,2,2,260
N0048V3S1A34R2.avi,1,34,3,2,48
N0157V2S1A45R2.avi,1,45,2,2,157
N0203V1S1A06R2.avi,1,6,1,2,203
N0197V3S1A42R2.avi,1,42,3,2,197
N0020V3S1A47R2.avi,1,47,3,2,20
N0048V1S1A06R2.avi,1,6,1,2,48
N0129V3S1A09R2.avi,1,9,3,2,129
N0087V3S1A38R2.avi,1,38,3,2,87
N0148V1S1A01R2.avi,1,1,1,2,148
N0345V3S1A28R2.avi,1,28,3,2,345
N0237V3S1A33R2.avi,1,33,3,2,237
N0254V3S1A12R2.avi,1,12,3,2,254
N0008V1S1A47R2.avi,1,47,1,2,8
N0347V1S1A50R2.avi,1,50,1,2,347
N0352V2S1A34R2.avi,1,34,2,2,352
N0117V2S1A20R2.avi,1,20,2,2,117
N0210V3S1A34R2.avi,1,34,3,2,210
N0266V2S1A31R2.avi,1,31,2,2,266
N0235V1S1A16R2.avi,1,16,1,2,235
N0075V2S1A12R2.avi,1,12,2,2,75
N0357V1S1A46R2.avi,1,46,1,2,357
N0132V1S1A35R2.avi,1,35,1,2,132
N0274V3S1A45R2.avi,1,45,3,2,274
N0222V2S1A38R2.avi,1,38,2,2,222
N0276V2S1A09R2.avi,1,9,2,2,276
N0147V1S1A41R2.avi,1,41,1,2,147
N0340V3S1A50R2.avi,1,50,3,2,340
N0165V3S1A18R2.avi,1,18,3,2,165
N0013V2S1A08R2.avi,1,8,2,2,13
N0181V3S1A04R2.avi,1,4,3,2,181
N0117V2S1A38R2.avi,1,38,2,2,117
N0287V3S1A32R2.avi,1,32,3,2,287
N0009V2S1A41R2.avi,1,41,2,2,9
N0167V2S1A31R2.avi,1,31,2,2,167
N0340V3S1A04R2.avi,1,4,3,2,340
N0187V2S1A42R2.avi,1,42,2,2,187
N0241V1S1A39R2.avi,1,39,1,2,241
N0147V2S1A06R2.avi,1,6,2,2,147
N0137V3S1A39R2.avi,1,39,3,2,137
N0077V2S1A42R2.avi,1,42,2,2,77
N0276V2S1A40R2.avi,1,40,2,2,276
N0077V2S1A17R2.avi,1,17,2,2,77
N0018V1S1A46R2.avi,1,46,1,2,18
N0194V1S1A16R2.avi,1,16,1,2,194
N0231V3S1A29R2.avi,1,29,3,2,231
N0037V2S1A23R2.avi,1,23,2,2,37
N0336V1S1A15R2.avi,1,15,1,2,336
N0353V1S1A02R2.avi,1,2,1,2,353
N0162V2S1A23R2.avi,1,23,2,2,162
N0101V1S1A45R2.avi,1,45,1,2,101
N0018V1S1A50R2.avi,1,50,1,2,18
N0285V1S1A24R2.avi,1,24,1,2,285
N0347V2S1A15R2.avi,1,15,2,2,347
N0039V3S1A20R2.avi,1,20,3,2,39
N0232V3S1A01R2.avi,1,1,3,2,232
N0352V1S1A48R2.avi,1,48,1,2,352
N0167V1S1A44R2.avi,1,44,1,2,167
N0218V1S1A33R2.avi,1,33,1,2,218
N0275V1S1A17R2.avi,1,17,1,2,275
N0148V3S1A49R2.avi,1,49,3,2,148
N0351V2S1A31R2.avi,1,31,2,2,351
N0336V1S1A03R2.avi,1,3,1,2,336
N0287V1S1A07R2.avi,1,7,1,2,287
N0276V1S1A41R2.avi,1,41,1,2,276
N0017V2S1A50R2.avi,1,50,2,2,17
N0154V3S1A12R2.avi,1,12,3,2,154
N0162V1S1A30R2.avi,1,30,1,2,162
N0072V1S1A30R2.avi,1,30,1,2,72
N0127V3S1A46R2.avi,1,46,3,2,127
N0067V1S1A32R2.avi,1,32,1,2,67
N0222V3S1A42R2.avi,1,42,3,2,222
N0013V1S1A07R2.avi,1,7,1,2,13
N0158V1S1A03R2.avi,1,3,1,2,158
N0016V1S1A28R1.avi,1,28,1,1,16
N0341V3S1A46R0.avi,1,46,3,0,341
N0022V3S1A48R2.avi,1,48,3,2,22
N0217V1S1A19R2.avi,1,19,1,2,217
N0127V2S1A51R1.avi,1,51,2,1,127
N0215V3S1A27R2.avi,1,27,3,2,215
N0166V1S1A49R2.avi,1,49,1,2,166
N0030V1S1A33R2.avi,1,33,1,2,30
N0360V1S1A51R2.avi,1,51,1,2,360
N0021V1S1A45R2.avi,1,45,1,2,21
N0201V2S1A39R2.avi,1,39,2,2,201
N0158V2S1A35R2.avi,1,35,2,2,158
N0109V1S1A20R2.avi,1,20,1,2,109
N0019V3S1A04R2.avi,1,4,3,2,19
N0105V2S1A21R1.avi,1,21,2,1,105
N0165V3S1A26R2.avi,1,26,3,2,165
N0144V1S1A24R2.avi,1,24,1,2,144
N0091V1S1A42R2.avi,1,42,1,2,91
N0183V2S1A22R2.avi,1,22,2,2,183
N0196V3S1A38R2.avi,1,38,3,2,196
N0268V3S1A40R2.avi,1,40,3,2,268
N0073V1S1A19R2.avi,1,19,1,2,73
N0193V3S1A17R2.avi,1,17,3,2,193
N0056V3S1A03R2.avi,1,3,3,2,56
N0108V1S1A48R2.avi,1,48,1,2,108
N0045V2S1A24R2.avi,1,24,2,2,45
N0060V3S1A33R2.avi,1,33,3,2,60
N0220V3S1A07R2.avi,1,7,3,2,220
N0006V3S1A07R2.avi,1,7,3,2,6
N0245V3S1A12R2.avi,1,12,3,2,245
N0353V3S1A25R2.avi,1,25,3,2,353
N0037V3S1A44R2.avi,1,44,3,2,37
N0253V2S1A22R2.avi,1,22,2,2,253
N0176V3S1A28R2.avi,1,28,3,2,176
N0109V3S1A45R2.avi,1,45,3,2,109
N0221V1S1A33R2.avi,1,33,1,2,221
N0159V3S1A05R2.avi,1,5,3,2,159
N0226V2S1A51R2.avi,1,51,2,2,226
N0147V1S1A17R2.avi,1,17,1,2,147
N0209V2S1A42R2.avi,1,42,2,2,209
N0128V1S1A34R2.avi,1,34,1,2,128
N0182V3S1A48R2.avi,1,48,3,2,182
N0238V3S1A49R2.avi,1,49,3,2,238
N0347V2S1A07R2.avi,1,7,2,2,347
N0084V3S1A14R2.avi,1,14,3,2,84
N0134V3S1A14R2.avi,1,14,3,2,134
N0220V1S1A08R2.avi,1,8,1,2,220
N0146V3S1A46R2.avi,1,46,3,2,146
N0350V1S1A09R2.avi,1,9,1,2,350
N0220V2S1A44R2.avi,1,44,2,2,220
N0199V2S1A29R2.avi,1,29,2,2,199
N0172V2S1A36R2.avi,1,36,2,2,172
N0161V3S1A41R2.avi,1,41,3,2,161
N0194V1S1A21R2.avi,1,21,1,2,194
N0097V1S1A47R2.avi,1,47,1,2,97
N0141V2S1A04R2.avi,1,4,2,2,141
N0186V1S1A33R2.avi,1,33,1,2,186
N0057V2S1A38R2.avi,1,38,2,2,57
N0342V1S1A37R2.avi,1,37,1,2,342
N0231V1S1A22R2.avi,1,22,1,2,231
N0166V3S1A03R2.avi,1,3,3,2,166
N0118V3S1A36R2.avi,1,36,3,2,118
N0102V3S1A51R2.avi,1,51,3,2,102
N0076V3S1A34R2.avi,1,34,3,2,76
N0006V3S1A13R2.avi,1,13,3,2,6
N0150V2S1A05R2.avi,1,5,2,2,150
N0275V3S1A39R2.avi,1,39,3,2,275
N0236V3S1A04R2.avi,1,4,3,2,236
N0132V3S1A35R2.avi,1,35,3,2,132
N0095V3S1A14R2.avi,1,14,3,2,95
N0193V3S1A30R2.avi,1,30,3,2,193
N0354V1S1A38R2.avi,1,38,1,2,354
N0170V3S1A33R2.avi,1,33,3,2,170
N0133V2S1A42R2.avi,1,42,2,2,133
N0251V2S1A33R2.avi,1,33,2,2,251
N0071V3S1A32R2.avi,1,32,3,2,71
N0046V2S1A38R2.avi,1,38,2,2,46
N0225V3S1A26R2.avi,1,26,3,2,225
N0262V3S1A50R2.avi,1,50,3,2,262
N0195V3S1A26R2.avi,1,26,3,2,195
N0155V3S1A14R2.avi,1,14,3,2,155
N0149V3S1A20R2.avi,1,20,3,2,149
N0041V2S1A43R2.avi,1,43,2,2,41
N0070V3S1A25R2.avi,1,25,3,2,70
N0242V2S1A03R2.avi,1,3,2,2,242
N0267V2S1A05R2.avi,1,5,2,2,267
N0152V2S1A40R2.avi,1,40,2,2,152
N0353V1S1A45R2.avi,1,45,1,2,353
N0216V3S1A47R2.avi,1,47,3,2,216
N0231V1S1A38R2.avi,1,38,1,2,231
N0254V1S1A18R2.avi,1,18,1,2,254
N0024V1S1A27R2.avi,1,27,1,2,24
N0103V1S1A19R2.avi,1,19,1,2,103
N0006V2S1A47R2.avi,1,47,2,2,6
N0039V1S1A20R2.avi,1,20,1,2,39
N0250V1S1A23R2.avi,1,23,1,2,250
N0098V2S1A05R2.avi,1,5,2,2,98
N0042V2S1A48R2.avi,1,48,2,2,42
N0197V2S1A46R2.avi,1,46,2,2,197
N0238V3S1A45R2.avi,1,45,3,2,238
N0191V3S1A19R2.avi,1,19,3,2,191
N0345V1S1A10R2.avi,1,10,1,2,345
N0232V3S1A41R2.avi,1,41,3,2,232
N0050V3S1A25R2.avi,1,25,3,2,50
N0036V3S1A01R2.avi,1,1,3,2,36
N0243V3S1A29R2.avi,1,29,3,2,243
N0088V2S1A07R2.avi,1,7,2,2,88
N0217V3S1A42R2.avi,1,42,3,2,217
N0065V3S1A26R2.avi,1,26,3,2,65
N0002V2S1A36R2.avi,1,36,2,2,2
N0242V3S1A02R2.avi,1,2,3,2,242
N0043V2S1A44R2.avi,1,44,2,2,43
N0180V1S1A29R2.avi,1,29,1,2,180
N0156V3S1A51R1.avi,1,51,3,1,156
N0196V2S1A40R2.avi,1,40,2,2,196
N0101V3S1A43R2.avi,1,43,3,2,101
N0045V2S1A12R2.avi,1,12,2,2,45
N0250V3S1A03R2.avi,1,3,3,2,250
N0199V1S1A45R2.avi,1,45,1,2,199
N0141V1S1A22R2.avi,1,22,1,2,141
N0203V3S1A19R2.avi,1,19,3,2,203
N0038V3S1A34R2.avi,1,34,3,2,38
N0227V1S1A17R2.avi,1,17,1,2,227
N0226V1S1A38R2.avi,1,38,1,2,226
N0180V1S1A39R2.avi,1,39,1,2,180
N0351V1S1A17R2.avi,1,17,1,2,351
N0171V2S1A44R2.avi,1,44,2,2,171
N0264V1S1A23R2.avi,1,23,1,2,264
N0215V1S1A14R2.avi,1,14,1,2,215
N0068V3S1A48R2.avi,1,48,3,2,68
N0025V3S1A26R2.avi,1,26,3,2,25
N0109V2S1A32R2.avi,1,32,2,2,109
N0029V1S1A42R2.avi,1,42,1,2,29
N0267V2S1A30R2.avi,1,30,2,2,267
N0278V1S1A06R2.avi,1,6,1,2,278
N0173V3S1A29R2.avi,1,29,3,2,173
N0202V2S1A01R2.avi,1,1,2,2,202
N0180V2S1A50R2.avi,1,50,2,2,180
N0344V1S1A42R2.avi,1,42,1,2,344
N0220V3S1A23R2.avi,1,23,3,2,220
N0047V1S1A04R2.avi,1,4,1,2,47
N0183V1S1A38R2.avi,1,38,1,2,183
N0031V3S1A13R2.avi,1,13,3,2,31
N0168V3S1A01R2.avi,1,1,3,2,168
N0288V3S1A01R2.avi,1,1,3,2,288
N0342V3S1A41R2.avi,1,41,3,2,342
N0099V1S1A17R2.avi,1,17,1,2,99
N0039V1S1A22R2.avi,1,22,1,2,39
N0088V3S1A37R2.avi,1,37,3,2,88
N0052V1S1A46R2.avi,1,46,1,2,52
N0128V3S1A22R2.avi,1,22,3,2,128
N0014V1S1A21R2.avi,1,21,1,2,14
N0219V1S1A38R2.avi,1,38,1,2,219
N0347V1S1A23R2.avi,1,23,1,2,347
N0188V1S1A29R2.avi,1,29,1,2,188
N0234V3S1A14R2.avi,1,14,3,2,234
N0108V1S1A28R2.avi,1,28,1,2,108
N0182V2S1A03R2.avi,1,3,2,2,182
N0128V3S1A44R2.avi,1,44,3,2,128
N0362V3S1A34R2.avi,1,34,3,2,362
N0206V1S1A38R2.avi,1,38,1,2,206
N0208V1S1A39R2.avi,1,39,1,2,208
N0355V2S1A39R2.avi,1,39,2,2,355
N0129V3S1A43R2.avi,1,43,3,2,129
N0210V1S1A41R2.avi,1,41,1,2,210
N0233V1S1A19R2.avi,1,19,1,2,233
N0166V1S1A23R2.avi,1,23,1,2,166
N0040V1S1A29R2.avi,1,29,1,2,40
N0060V2S1A08R2.avi,1,8,2,2,60
N0228V3S1A33R2.avi,1,33,3,2,228
N0209V3S1A49R2.avi,1,49,3,2,209
N0152V3S1A51R2.avi,1,51,3,2,152
N0126V2S1A20R2.avi,1,20,2,2,126
N0125V3S1A27R2.avi,1,27,3,2,125
N0209V1S1A09R2.avi,1,9,1,2,209
N0109V3S1A08R2.avi,1,8,3,2,109
N0020V1S1A34R2.avi,1,34,1,2,20
N0344V1S1A29R2.avi,1,29,1,2,344
N0027V1S1A07R2.avi,1,7,1,2,27
N0037V1S1A29R2.avi,1,29,1,2,37
N0230V1S1A28R0.avi,1,28,1,0,230
N0124V3S1A16R2.avi,1,16,3,2,124
N0274V1S1A49R2.avi,1,49,1,2,274
N0106V1S1A19R2.avi,1,19,1,2,106
N0148V3S1A51R2.avi,1,51,3,2,148
N0277V2S1A33R2.avi,1,33,2,2,277
N0106V1S1A01R2.avi,1,1,1,2,106
N0082V2S1A33R2.avi,1,33,2,2,82
N0102V2S1A48R2.avi,1,48,2,2,102
N0342V3S1A40R2.avi,1,40,3,2,342
N0169V3S1A04R2.avi,1,4,3,2,169
N0100V3S1A03R2.avi,1,3,3,2,100
N0185V2S1A21R2.avi,1,21,2,2,185
N0209V1S1A46R2.avi,1,46,1,2,209
N0005V3S1A14R2.avi,1,14,3,2,5
N0091V3S1A17R2.avi,1,17,3,2,91
N0025V1S1A24R2.avi,1,24,1,2,25
N0345V1S1A32R2.avi,1,32,1,2,345
N0193V1S1A17R2.avi,1,17,1,2,193
N0120V1S1A04R2.avi,1,4,1,2,120
N0007V3S1A22R2.avi,1,22,3,2,7
N0360V1S1A05R2.avi,1,5,1,2,360
N0147V1S1A32R2.avi,1,32,1,2,147
N0221V2S1A38R2.avi,1,38,2,2,221
N0014V2S1A18R2.avi,1,18,2,2,14
N0114V2S1A27R2.avi,1,27,2,2,114
N0150V3S1A43R2.avi,1,43,3,2,150
N0066V1S1A46R2.avi,1,46,1,2,66
N0141V1S1A05R2.avi,1,5,1,2,141
N0344V1S1A06R2.avi,1,6,1,2,344
N0343V2S1A35R2.avi,1,35,2,2,343
N0123V1S1A25R2.avi,1,25,1,2,123
N0012V1S1A46R2.avi,1,46,1,2,12
N0127V2S1A30R2.avi,1,30,2,2,127
N0261V1S1A14R2.avi,1,14,1,2,261
N0256V2S1A09R2.avi,1,9,2,2,256
N0001V3S1A29R2.avi,1,29,3,2,1
N0346V2S1A13R2.avi,1,13,2,2,346
N0206V1S1A37R2.avi,1,37,1,2,206
N0010V3S1A29R2.avi,1,29,3,2,10
N0202V1S1A23R2.avi,1,23,1,2,202
N0089V1S1A29R2.avi,1,29,1,2,89
N0147V3S1A42R2.avi,1,42,3,2,147
N0206V3S1A23R2.avi,1,23,3,2,206
N0060V2S1A35R2.avi,1,35,2,2,60
N0090V1S1A34R2.avi,1,34,1,2,90
N0336V2S1A37R2.avi,1,37,2,2,336
N0176V2S1A34R2.avi,1,34,2,2,176
N0014V2S1A16R2.avi,1,16,2,2,14
N0230V2S1A49R2.avi,1,49,2,2,230
N0048V3S1A37R2.avi,1,37,3,2,48
N0097V1S1A45R2.avi,1,45,1,2,97
N0257V2S1A23R2.avi,1,23,2,2,257
N0336V1S1A06R2.avi,1,6,1,2,336
N0188V2S1A47R2.avi,1,47,2,2,188
N0093V2S1A22R2.avi,1,22,2,2,93
N0109V2S1A09R2.avi,1,9,2,2,109
N0235V3S1A27R2.avi,1,27,3,2,235
N0362V2S1A05R2.avi,1,5,2,2,362
N0347V1S1A29R2.avi,1,29,1,2,347
N0285V1S1A21R2.avi,1,21,1,2,285
N0042V3S1A50R2.avi,1,50,3,2,42
N0161V3S1A07R2.avi,1,7,3,2,161
N0240V2S1A48R2.avi,1,48,2,2,240
N0347V1S1A35R2.avi,1,35,1,2,347
N0340V1S1A29R2.avi,1,29,1,2,340
N0164V2S1A14R2.avi,1,14,2,2,164
N0080V1S1A02R2.avi,1,2,1,2,80
N0259V3S1A49R2.avi,1,49,3,2,259
N0067V3S1A22R2.avi,1,22,3,2,67
N0066V1S1A30R2.avi,1,30,1,2,66
N0287V1S1A29R2.avi,1,29,1,2,287
N0137V1S1A38R2.avi,1,38,1,2,137
N0174V1S1A14R2.avi,1,14,1,2,174
N0281V2S1A06R2.avi,1,6,2,2,281
N0125V2S1A26R2.avi,1,26,2,2,125
N0061V1S1A05R2.avi,1,5,1,2,61
N0012V1S1A48R2.avi,1,48,1,2,12
N0250V2S1A50R2.avi,1,50,2,2,250
N0031V2S1A13R2.avi,1,13,2,2,31
N0351V1S1A39R2.avi,1,39,1,2,351
N0028V3S1A01R2.avi,1,1,3,2,28
N0019V2S1A44R2.avi,1,44,2,2,19
N0223V3S1A51R2.avi,1,51,3,2,223
N0189V2S1A44R2.avi,1,44,2,2,189
N0287V2S1A45R2.avi,1,45,2,2,287
N0012V3S1A05R2.avi,1,5,3,2,12
N0251V3S1A19R2.avi,1,19,3,2,251
N0276V1S1A36R1.avi,1,36,1,1,276
N0167V1S1A42R2.avi,1,42,1,2,167
N0238V2S1A03R2.avi,1,3,2,2,238
N0077V2S1A13R2.avi,1,13,2,2,77
N0284V3S1A27R2.avi,1,27,3,2,284
N0054V3S1A16R2.avi,1,16,3,2,54
N0218V2S1A04R2.avi,1,4,2,2,218
N0010V3S1A25R1.avi,1,25,3,1,10
N0118V1S1A34R2.avi,1,34,1,2,118
N0196V1S1A44R2.avi,1,44,1,2,196
N0116V3S1A04R2.avi,1,4,3,2,116
N0001V1S1A04R2.avi,1,4,1,2,1
N0266V2S1A38R2.avi,1,38,2,2,266
N0047V2S1A42R2.avi,1,42,2,2,47
N0353V2S1A45R2.avi,1,45,2,2,353
N0092V1S1A37R2.avi,1,37,1,2,92
N0099V1S1A51R2.avi,1,51,1,2,99
N0354V1S1A25R2.avi,1,25,1,2,354
N0030V1S1A03R2.avi,1,3,1,2,30
N0211V3S1A05R2.avi,1,5,3,2,211
N0064V1S1A24R2.avi,1,24,1,2,64
N0282V1S1A02R2.avi,1,2,1,2,282
N0121V3S1A08R2.avi,1,8,3,2,121
N0107V1S1A29R2.avi,1,29,1,2,107
N0011V3S1A09R2.avi,1,9,3,2,11
N0040V3S1A03R2.avi,1,3,3,2,40
N0157V1S1A43R2.avi,1,43,1,2,157
N0119V3S1A32R2.avi,1,32,3,2,119
N0186V3S1A48R2.avi,1,48,3,2,186
N0077V1S1A32R2.avi,1,32,1,2,77
N0054V2S1A26R2.avi,1,26,2,2,54
N0187V3S1A42R2.avi,1,42,3,2,187
N0250V2S1A36R2.avi,1,36,2,2,250
N0253V1S1A19R2.avi,1,19,1,2,253
N0206V2S1A02R2.avi,1,2,2,2,206
N0232V1S1A07R2.avi,1,7,1,2,232
N0058V1S1A33R2.avi,1,33,1,2,58
N0094V2S1A26R2.avi,1,26,2,2,94
N0186V3S1A39R2.avi,1,39,3,2,186
N0101V3S1A22R2.avi,1,22,3,2,101
N0103V2S1A09R2.avi,1,9,2,2,103
N0190V2S1A07R2.avi,1,7,2,2,190
N0100V2S1A23R2.avi,1,23,2,2,100
N0048V1S1A47R2.avi,1,47,1,2,48
N0023V2S1A42R2.avi,1,42,2,2,23
N0015V1S1A24R2.avi,1,24,1,2,15
N0239V3S1A07R2.avi,1,7,3,2,239
N0191V1S1A33R2.avi,1,33,1,2,191
N0251V1S1A22R2.avi,1,22,1,2,251
N0221V2S1A46R2.avi,1,46,2,2,221
N0028V3S1A40R2.avi,1,40,3,2,28
N0357V1S1A51R2.avi,1,51,1,2,357
N0087V3S1A42R2.avi,1,42,3,2,87
N0119V2S1A13R2.avi,1,13,2,2,119
N0354V2S1A25R2.avi,1,25,2,2,354
N0334V3S1A50R2.avi,1,50,3,2,334
N0125V1S1A16R2.avi,1,16,1,2,125
N0136V2S1A19R2.avi,1,19,2,2,136
N0101V1S1A07R2.avi,1,7,1,2,101
N0340V1S1A01R2.avi,1,1,1,2,340
N0116V1S1A22R2.avi,1,22,1,2,116
N0037V1S1A38R2.avi,1,38,1,2,37
N0236V3S1A48R2.avi,1,48,3,2,236
N0199V1S1A25R2.avi,1,25,1,2,199
N0086V1S1A39R2.avi,1,39,1,2,86
N0346V2S1A34R2.avi,1,34,2,2,346
N0036V1S1A33R2.avi,1,33,1,2,36
N0064V1S1A26R1.avi,1,26,1,1,64
N0110V2S1A01R2.avi,1,1,2,2,110
N0118V3S1A44R2.avi,1,44,3,2,118
N0181V3S1A38R2.avi,1,38,3,2,181
N0346V2S1A43R2.avi,1,43,2,2,346
N0080V3S1A01R2.avi,1,1,3,2,80
N0007V3S1A11R2.avi,1,11,3,2,7
N0350V3S1A06R2.avi,1,6,3,2,350
N0062V2S1A01R2.avi,1,1,2,2,62
N0055V2S1A27R2.avi,1,27,2,2,55
N0159V3S1A11R2.avi,1,11,3,2,159
N0253V1S1A10R2.avi,1,10,1,2,253
N0181V3S1A41R2.avi,1,41,3,2,181
N0139V1S1A36R2.avi,1,36,1,2,139
N0183V2S1A15R2.avi,1,15,2,2,183
N0102V2S1A15R2.avi,1,15,2,2,102
N0030V2S1A08R2.avi,1,8,2,2,30
N0210V2S1A50R2.avi,1,50,2,2,210
N0119V3S1A09R2.avi,1,9,3,2,119
N0119V1S1A25R2.avi,1,25,1,2,119
N0052V1S1A48R2.avi,1,48,1,2,52
N0163V1S1A17R2.avi,1,17,1,2,163
N0230V2S1A48R2.avi,1,48,2,2,230
N0207V2S1A51R2.avi,1,51,2,2,207
N0159V3S1A31R2.avi,1,31,3,2,159
N0148V1S1A48R2.avi,1,48,1,2,148
N0143V2S1A43R2.avi,1,43,2,2,143
N0154V1S1A24R2.avi,1,24,1,2,154
N0092V3S1A28R2.avi,1,28,3,2,92
N0217V1S1A46R2.avi,1,46,1,2,217
N0141V3S1A45R2.avi,1,45,3,2,141
N0188V3S1A34R2.avi,1,34,3,2,188
N0206V1S1A48R2.avi,1,48,1,2,206
N0160V2S1A25R2.avi,1,25,2,2,160
N0051V1S1A06R2.avi,1,6,1,2,51
N0265V3S1A33R2.avi,1,33,3,2,265
N0063V1S1A31R2.avi,1,31,1,2,63
N0186V3S1A35R2.avi,1,35,3,2,186
N0351V2S1A35R2.avi,1,35,2,2,351
N0097V2S1A46R2.avi,1,46,2,2,97
N0356V3S1A32R2.avi,1,32,3,2,356
N0182V2S1A51R2.avi,1,51,2,2,182
N0040V1S1A37R2.avi,1,37,1,2,40
N0190V1S1A25R2.avi,1,25,1,2,190
N0209V1S1A37R2.avi,1,37,1,2,209
N0282V3S1A01R2.avi,1,1,3,2,282
N0030V1S1A46R2.avi,1,46,1,2,30
N0013V2S1A22R2.avi,1,22,2,2,13
N0079V1S1A43R2.avi,1,43,1,2,79
N0071V3S1A07R2.avi,1,7,3,2,71
N0162V3S1A51R2.avi,1,51,3,2,162
N0048V3S1A28R2.avi,1,28,3,2,48
N0137V3S1A50R2.avi,1,50,3,2,137
N0356V3S1A19R2.avi,1,19,3,2,356
N0351V2S1A23R2.avi,1,23,2,2,351
N0088V3S1A01R2.avi,1,1,3,2,88
N0144V3S1A27R2.avi,1,27,3,2,144
N0233V3S1A43R2.avi,1,43,3,2,233
N0353V2S1A11R2.avi,1,11,2,2,353
N0010V1S1A02R2.avi,1,2,1,2,10
N0093V2S1A44R2.avi,1,44,2,2,93
N0167V3S1A38R2.avi,1,38,3,2,167
N0020V1S1A28R2.avi,1,28,1,2,20
N0161V2S1A01R2.avi,1,1,2,2,161
N0096V2S1A09R2.avi,1,9,2,2,96
N0108V1S1A47R2.avi,1,47,1,2,108
N0363V2S1A15R2.avi,1,15,2,2,363
N0136V1S1A29R2.avi,1,29,1,2,136
N0188V2S1A39R2.avi,1,39,2,2,188
N0363V1S1A51R2.avi,1,51,1,2,363
N0102V3S1A17R2.avi,1,17,3,2,102
N0120V2S1A09R2.avi,1,9,2,2,120
N0166V1S1A08R2.avi,1,8,1,2,166
N0172V1S1A29R2.avi,1,29,1,2,172
N0343V3S1A11R2.avi,1,11,3,2,343
N0117V2S1A06R2.avi,1,6,2,2,117
N0166V2S1A49R2.avi,1,49,2,2,166
N0252V3S1A32R2.avi,1,32,3,2,252
N0196V3S1A25R2.avi,1,25,3,2,196
N0030V3S1A33R2.avi,1,33,3,2,30
N0062V1S1A34R2.avi,1,34,1,2,62
N0262V2S1A31R2.avi,1,31,2,2,262
N0203V2S1A17R2.avi,1,17,2,2,203
N0196V1S1A25R2.avi,1,25,1,2,196
N0348V2S1A14R2.avi,1,14,2,2,348
N0238V2S1A45R2.avi,1,45,2,2,238
N0283V3S1A30R2.avi,1,30,3,2,283
N0051V3S1A15R2.avi,1,15,3,2,51
N0262V3S1A09R2.avi,1,9,3,2,262
N0048V2S1A49R2.avi,1,49,2,2,48
N0340V2S1A06R2.avi,1,6,2,2,340
N0245V2S1A27R2.avi,1,27,2,2,245
N0190V2S1A40R2.avi,1,40,2,2,190
N0226V1S1A29R2.avi,1,29,1,2,226
N0069V1S1A44R2.avi,1,44,1,2,69
N0139V3S1A30R2.avi,1,30,3,2,139
N0227V1S1A31R1.avi,1,31,1,1,227
N0118V2S1A35R2.avi,1,35,2,2,118
N0272V2S1A41R0.avi,1,41,2,0,272
N0157V1S1A11R2.avi,1,11,1,2,157
N0029V1S1A44R2.avi,1,44,1,2,29
N0263V1S1A47R2.avi,1,47,1,2,263
N0150V1S1A04R2.avi,1,4,1,2,150
N0062V3S1A28R2.avi,1,28,3,2,62
N0190V1S1A39R2.avi,1,39,1,2,190
N0052V3S1A33R2.avi,1,33,3,2,52
N0022V3S1A02R2.avi,1,2,3,2,22
N0141V2S1A15R2.avi,1,15,2,2,141
N0158V3S1A50R2.avi,1,50,3,2,158
N0096V3S1A01R2.avi,1,1,3,2,96
N0020V1S1A47R2.avi,1,47,1,2,20
N0109V2S1A42R1.avi,1,42,2,1,109
N0214V1S1A26R2.avi,1,26,1,2,214
N0357V3S1A25R2.avi,1,25,3,2,357
N0003V1S1A49R1.avi,1,49,1,1,3
N0081V3S1A13R1.avi,1,13,3,1,81
N0202V3S1A39R2.avi,1,39,3,2,202
N0126V2S1A33R2.avi,1,33,2,2,126
N0142V2S1A19R2.avi,1,19,2,2,142
N0056V1S1A01R2.avi,1,1,1,2,56
N0174V2S1A14R2.avi,1,14,2,2,174
N0280V2S1A41R2.avi,1,41,2,2,280
N0283V1S1A36R2.avi,1,36,1,2,283
N0226V1S1A45R2.avi,1,45,1,2,226
N0009V3S1A11R2.avi,1,11,3,2,9
N0019V1S1A15R2.avi,1,15,1,2,19
N0337V2S1A35R2.avi,1,35,2,2,337
N0143V3S1A02R2.avi,1,2,3,2,143
N0081V1S1A31R2.avi,1,31,1,2,81
N0144V2S1A24R2.avi,1,24,2,2,144
N0168V2S1A38R2.avi,1,38,2,2,168
N0126V1S1A07R2.avi,1,7,1,2,126
N0177V2S1A44R2.avi,1,44,2,2,177
N0128V2S1A19R2.avi,1,19,2,2,128
N0007V2S1A11R2.avi,1,11,2,2,7
N0174V3S1A24R2.avi,1,24,3,2,174
N0266V3S1A50R2.avi,1,50,3,2,266
N0035V1S1A21R2.avi,1,21,1,2,35
N0204V2S1A24R2.avi,1,24,2,2,204
N0176V3S1A48R2.avi,1,48,3,2,176
N0245V3S1A27R2.avi,1,27,3,2,245
N0162V2S1A30R2.avi,1,30,2,2,162
N0035V2S1A14R2.avi,1,14,2,2,35
N0362V1S1A38R2.avi,1,38,1,2,362
N0121V3S1A46R2.avi,1,46,3,2,121
N0196V3S1A51R2.avi,1,51,3,2,196
N0279V2S1A25R2.avi,1,25,2,2,279
N0180V2S1A47R2.avi,1,47,2,2,180
N0112V1S1A35R2.avi,1,35,1,2,112
N0027V2S1A29R2.avi,1,29,2,2,27
N0032V1S1A03R2.avi,1,3,1,2,32
N0166V2S1A30R2.avi,1,30,2,2,166
N0030V1S1A34R2.avi,1,34,1,2,30
N0040V3S1A39R2.avi,1,39,3,2,40
N0005V1S1A16R2.avi,1,16,1,2,5
N0137V1S1A02R2.avi,1,2,1,2,137
N0038V1S1A48R2.avi,1,48,1,2,38
N0351V2S1A34R2.avi,1,34,2,2,351
N0062V3S1A25R2.avi,1,25,3,2,62
N0217V3S1A31R2.avi,1,31,3,2,217
N0251V3S1A17R2.avi,1,17,3,2,251
N0011V1S1A07R2.avi,1,7,1,2,11
N0337V3S1A10R2.avi,1,10,3,2,337
N0080V3S1A36R2.avi,1,36,3,2,80
N0148V2S1A19R2.avi,1,19,2,2,148
N0264V1S1A43R2.avi,1,43,1,2,264
N0177V2S1A06R2.avi,1,6,2,2,177
N0033V1S1A22R2.avi,1,22,1,2,33
N0198V2S1A32R2.avi,1,32,2,2,198
N0008V3S1A46R2.avi,1,46,3,2,8
N0147V2S1A39R2.avi,1,39,2,2,147
N0006V1S1A49R2.avi,1,49,1,2,6
N0287V2S1A42R2.avi,1,42,2,2,287
N0090V3S1A51R2.avi,1,51,3,2,90
N0181V3S1A32R2.avi,1,32,3,2,181
N0239V3S1A30R2.avi,1,30,3,2,239
N0224V1S1A24R2.avi,1,24,1,2,224
N0355V3S1A36R2.avi,1,36,3,2,355
N0106V3S1A19R2.avi,1,19,3,2,106
N0227V3S1A35R2.avi,1,35,3,2,227
N0122V3S1A35R2.avi,1,35,3,2,122
N0360V2S1A04R2.avi,1,4,2,2,360
N0251V2S1A06R2.avi,1,6,2,2,251
N0016V1S1A08R2.avi,1,8,1,2,16
N0178V3S1A03R2.avi,1,3,3,2,178
N0021V1S1A38R2.avi,1,38,1,2,21
N0149V2S1A17R2.avi,1,17,2,2,149
N0016V2S1A01R2.avi,1,1,2,2,16
N0212V1S1A38R2.avi,1,38,1,2,212
N0139V2S1A51R2.avi,1,51,2,2,139
N0239V2S1A38R2.avi,1,38,2,2,239
N0081V1S1A22R2.avi,1,22,1,2,81
N0342V1S1A43R2.avi,1,43,1,2,342
N0088V1S1A07R2.avi,1,7,1,2,88
N0357V2S1A25R2.avi,1,25,2,2,357
N0205V1S1A18R2.avi,1,18,1,2,205
N0354V2S1A08R2.avi,1,8,2,2,354
N0211V2S1A33R2.avi,1,33,2,2,211
N0078V1S1A34R2.avi,1,34,1,2,78
N0057V3S1A41R2.avi,1,41,3,2,57
N0103V1S1A39R2.avi,1,39,1,2,103
N0200V1S1A47R2.avi,1,47,1,2,200
N0099V1S1A50R2.avi,1,50,1,2,99
N0061V3S1A07R2.avi,1,7,3,2,61
N0192V1S1A46R2.avi,1,46,1,2,192
N0023V1S1A42R2.avi,1,42,1,2,23
N0089V2S1A04R2.avi,1,4,2,2,89
N0263V1S1A46R2.avi,1,46,1,2,263
N0038V1S1A03R2.avi,1,3,1,2,38
N0232V1S1A04R2.avi,1,4,1,2,232
N0239V1S1A32R2.avi,1,32,1,2,239
N0107V1S1A15R2.avi,1,15,1,2,107
N0060V1S1A28R2.avi,1,28,1,2,60
N0122V1S1A40R2.avi,1,40,1,2,122
N0238V1S1A47R2.avi,1,47,1,2,238
N0007V2S1A22R2.avi,1,22,2,2,7
N0229V2S1A11R2.avi,1,11,2,2,229
N0209V3S1A28R2.avi,1,28,3,2,209
N0026V1S1A02R2.avi,1,2,1,2,26
N0173V3S1A31R2.avi,1,31,3,2,173
N0176V3S1A47R2.avi,1,47,3,2,176
N0363V3S1A28R2.avi,1,28,3,2,363
N0287V1S1A08R2.avi,1,8,1,2,287
N0360V2S1A25R2.avi,1,25,2,2,360
N0339V2S1A18R2.avi,1,18,2,2,339
N0209V2S1A43R1.avi,1,43,2,1,209
N0266V2S1A36R2.avi,1,36,2,2,266
N0256V3S1A01R2.avi,1,1,3,2,256
N0265V2S1A15R2.avi,1,15,2,2,265
N0136V2S1A06R2.avi,1,6,2,2,136
N0098V1S1A48R2.avi,1,48,1,2,98
N0209V1S1A49R2.avi,1,49,1,2,209
N0354V2S1A06R2.avi,1,6,2,2,354
N0100V1S1A36R1.avi,1,36,1,1,100
N0120V1S1A33R2.avi,1,33,1,2,120
N0169V1S1A38R2.avi,1,38,1,2,169
N0164V1S1A27R2.avi,1,27,1,2,164
N0016V2S1A33R2.avi,1,33,2,2,16
N0110V1S1A04R2.avi,1,4,1,2,110
N0166V3S1A39R2.avi,1,39,3,2,166
N0066V3S1A25R2.avi,1,25,3,2,66
N0152V2S1A48R2.avi,1,48,2,2,152
N0160V3S1A23R2.avi,1,23,3,2,160
N0238V1S1A43R2.avi,1,43,1,2,238
N0002V1S1A03R2.avi,1,3,1,2,2
N0203V2S1A48R2.avi,1,48,2,2,203
N0228V2S1A02R2.avi,1,2,2,2,228
N0177V3S1A32R2.avi,1,32,3,2,177
N0111V3S1A43R2.avi,1,43,3,2,111
N0111V3S1A32R2.avi,1,32,3,2,111
N0029V2S1A19R2.avi,1,19,2,2,29
N0224V2S1A12R2.avi,1,12,2,2,224
N0260V1S1A24R2.avi,1,24,1,2,260
N0110V1S1A02R2.avi,1,2,1,2,110
N0343V1S1A47R2.avi,1,47,1,2,343
N0233V1S1A48R2.avi,1,48,1,2,233
N0192V3S1A48R2.avi,1,48,3,2,192
N0161V3S1A37R2.avi,1,37,3,2,161
N0349V3S1A16R2.avi,1,16,3,2,349
N0217V3S1A33R2.avi,1,33,3,2,217
N0086V3S1A36R2.avi,1,36,3,2,86
N0254V3S1A24R2.avi,1,24,3,2,254
N0268V1S1A17R2.avi,1,17,1,2,268
N0130V1S1A19R2.avi,1,19,1,2,130
N0066V1S1A35R2.avi,1,35,1,2,66
N0340V2S1A08R2.avi,1,8,2,2,340
N0289V2S1A10R2.avi,1,10,2,2,289
N0169V1S1A43R2.avi,1,43,1,2,169
N0113V3S1A31R2.avi,1,31,3,2,113
N0018V1S1A48R2.avi,1,48,1,2,18
N0152V2S1A09R2.avi,1,9,2,2,152
N0173V1S1A22R2.avi,1,22,1,2,173
N0277V2S1A42R2.avi,1,42,2,2,277
N0113V1S1A31R2.avi,1,31,1,2,113
N0351V3S1A17R2.avi,1,17,3,2,351
N0342V2S1A34R2.avi,1,34,2,2,342
N0229V3S1A11R2.avi,1,11,3,2,229
N0176V1S1A50R2.avi,1,50,1,2,176
N0071V1S1A22R2.avi,1,22,1,2,71
N0342V1S1A06R2.avi,1,6,1,2,342
N0263V2S1A06R2.avi,1,6,2,2,263
N0110V2S1A23R1.avi,1,23,2,1,110
N0158V2S1A33R2.avi,1,33,2,2,158
N0029V1S1A10R2.avi,1,10,1,2,29
N0138V2S1A09R2.avi,1,9,2,2,138
N0091V3S1A05R2.avi,1,5,3,2,91
N0190V2S1A39R2.avi,1,39,2,2,190
N0126V2S1A40R2.avi,1,40,2,2,126
N0275V2S1A07R2.avi,1,7,2,2,275
N0237V3S1A32R2.avi,1,32,3,2,237
N0099V3S1A51R2.avi,1,51,3,2,99
N0242V3S1A35R2.avi,1,35,3,2,242
N0131V1S1A51R2.avi,1,51,1,2,131
N0012V3S1A30R2.avi,1,30,3,2,12
N0155V3S1A18R2.avi,1,18,3,2,155
N0047V1S1A44R2.avi,1,44,1,2,47
N0153V3S1A38R2.avi,1,38,3,2,153
N0280V3S1A28R2.avi,1,28,3,2,280
N0166V2S1A39R2.avi,1,39,2,2,166
N0243V2S1A07R2.avi,1,7,2,2,243
N0337V1S1A07R2.avi,1,7,1,2,337
N0212V1S1A43R2.avi,1,43,1,2,212
N0083V1S1A38R2.avi,1,38,1,2,83
N0158V2S1A38R2.avi,1,38,2,2,158
N0218V1S1A28R2.avi,1,28,1,2,218
N0198V3S1A41R2.avi,1,41,3,2,198
N0009V3S1A20R2.avi,1,20,3,2,9
N0063V1S1A20R2.avi,1,20,1,2,63
N0100V3S1A29R2.avi,1,29,3,2,100
N0189V3S1A11R2.avi,1,11,3,2,189
N0078V1S1A50R2.avi,1,50,1,2,78
N0161V1S1A01R2.avi,1,1,1,2,161
N0104V3S1A26R2.avi,1,26,3,2,104
N0236V1S1A49R2.avi,1,49,1,2,236
N0191V3S1A48R2.avi,1,48,3,2,191
N0108V3S1A49R2.avi,1,49,3,2,108
N0229V3S1A09R2.avi,1,9,3,2,229
N0048V2S1A50R2.avi,1,50,2,2,48
N0051V2S1A07R2.avi,1,7,2,2,51
N0287V3S1A08R2.avi,1,8,3,2,287
N0358V2S1A18R2.avi,1,18,2,2,358
N0011V1S1A29R2.avi,1,29,1,2,11
N0146V1S1A49R2.avi,1,49,1,2,146
N0336V2S1A42R2.avi,1,42,2,2,336
N0363V1S1A20R2.avi,1,20,1,2,363
N0051V3S1A43R2.avi,1,43,3,2,51
N0234V1S1A18R2.avi,1,18,1,2,234
N0142V2S1A49R2.avi,1,49,2,2,142
N0282V1S1A50R2.avi,1,50,1,2,282
N0277V2S1A19R2.avi,1,19,2,2,277
N0179V2S1A04R2.avi,1,4,2,2,179
N0164V2S1A21R2.avi,1,21,2,2,164
N0108V2S1A02R2.avi,1,2,2,2,108
N0146V1S1A38R2.avi,1,38,1,2,146
N0048V2S1A48R2.avi,1,48,2,2,48
N0273V2S1A05R2.avi,1,5,2,2,273
N0233V1S1A33R2.avi,1,33,1,2,233
N0272V3S1A08R2.avi,1,8,3,2,272
N0079V2S1A43R2.avi,1,43,2,2,79
N0192V2S1A29R2.avi,1,29,2,2,192
N0199V2S1A35R1.avi,1,35,2,1,199
N0036V2S1A51R2.avi,1,51,2,2,36
N0168V1S1A19R2.avi,1,19,1,2,168
N0358V2S1A27R2.avi,1,27,2,2,358
N0196V1S1A22R2.avi,1,22,1,2,196
N0003V1S1A36R2.avi,1,36,1,2,3
N0022V1S1A46R2.avi,1,46,1,2,22
N0100V1S1A01R2.avi,1,1,1,2,100
N0009V3S1A38R2.avi,1,38,3,2,9
N0037V2S1A15R2.avi,1,15,2,2,37
N0172V3S1A23R2.avi,1,23,3,2,172
N0121V1S1A31R1.avi,1,31,1,1,121
N0271V2S1A24R2.avi,1,24,2,2,271
N0336V1S1A44R2.avi,1,44,1,2,336
N0343V1S1A38R2.avi,1,38,1,2,343
N0239V3S1A29R2.avi,1,29,3,2,239
N0013V1S1A20R2.avi,1,20,1,2,13
N0127V2S1A42R2.avi,1,42,2,2,127
N0348V2S1A26R2.avi,1,26,2,2,348
N0168V2S1A33R2.avi,1,33,2,2,168
N0340V3S1A08R2.avi,1,8,3,2,340
N0358V2S1A12R2.avi,1,12,2,2,358
N0271V2S1A26R2.avi,1,26,2,2,271
N0191V3S1A13R2.avi,1,13,3,2,191
N0099V1S1A30R2.avi,1,30,1,2,99
N0088V3S1A05R2.avi,1,5,3,2,88
N0103V3S1A04R2.avi,1,4,3,2,103
N0119V1S1A47R2.avi,1,47,1,2,119
N0010V2S1A19R2.avi,1,19,2,2,10
N0279V1S1A11R2.avi,1,11,1,2,279
N0080V3S1A08R2.avi,1,8,3,2,80
N0050V3S1A33R2.avi,1,33,3,2,50
N0107V1S1A44R2.avi,1,44,1,2,107
N0363V3S1A47R2.avi,1,47,3,2,363
N0266V1S1A38R2.avi,1,38,1,2,266
N0347V1S1A30R2.avi,1,30,1,2,347
N0025V2S1A18R2.avi,1,18,2,2,25
N0347V3S1A34R2.avi,1,34,3,2,347
N0181V3S1A19R2.avi,1,19,3,2,181
N0086V3S1A19R2.avi,1,19,3,2,86
N0214V3S1A18R2.avi,1,18,3,2,214
N0250V3S1A34R2.avi,1,34,3,2,250
N0019V1S1A08R2.avi,1,8,1,2,19
N0218V1S1A34R2.avi,1,34,1,2,218
N0168V3S1A34R2.avi,1,34,3,2,168
N0230V3S1A33R2.avi,1,33,3,2,230
N0222V1S1A34R2.avi,1,34,1,2,222
N0197V2S1A36R2.avi,1,36,2,2,197
N0341V1S1A15R2.avi,1,15,1,2,341
N0200V2S1A34R2.avi,1,34,2,2,200
N0010V2S1A39R2.avi,1,39,2,2,10
N0001V1S1A31R2.avi,1,31,1,2,1
N0152V3S1A03R2.avi,1,3,3,2,152
N0216V1S1A22R2.avi,1,22,1,2,216
N0224V2S1A21R2.avi,1,21,2,2,224
N0227V2S1A28R2.avi,1,28,2,2,227
N0362V2S1A38R2.avi,1,38,2,2,362
N0354V1S1A01R2.avi,1,1,1,2,354
N0028V2S1A07R2.avi,1,7,2,2,28
N0172V3S1A28R2.avi,1,28,3,2,172
N0200V1S1A34R2.avi,1,34,1,2,200
N0038V1S1A47R2.avi,1,47,1,2,38
N0108V3S1A07R2.avi,1,7,3,2,108
N0098V2S1A43R2.avi,1,43,2,2,98
N0069V3S1A09R1.avi,1,9,3,1,69
N0087V1S1A50R2.avi,1,50,1,2,87
N0196V3S1A08R2.avi,1,8,3,2,196
N0076V3S1A19R2.avi,1,19,3,2,76
N0076V2S1A36R2.avi,1,36,2,2,76
N0166V1S1A10R2.avi,1,10,1,2,166
N0112V1S1A33R2.avi,1,33,1,2,112
N0050V2S1A02R2.avi,1,2,2,2,50
N0360V2S1A01R2.avi,1,1,2,2,360
N0230V2S1A35R0.avi,1,35,2,0,230
N0067V3S1A29R2.avi,1,29,3,2,67
N0223V1S1A38R2.avi,1,38,1,2,223
N0151V3S1A48R2.avi,1,48,3,2,151
N0163V2S1A11R2.avi,1,11,2,2,163
N0103V1S1A23R2.avi,1,23,1,2,103
N0116V2S1A19R2.avi,1,19,2,2,116
N0095V1S1A21R2.avi,1,21,1,2,95
N0158V1S1A50R2.avi,1,50,1,2,158
N0165V3S1A14R2.avi,1,14,3,2,165
N0237V1S1A05R2.avi,1,5,1,2,237
N0348V1S1A16R2.avi,1,16,1,2,348
N0279V1S1A07R2.avi,1,7,1,2,279
N0160V1S1A09R2.avi,1,9,1,2,160
N0138V3S1A10R2.avi,1,10,3,2,138
N0147V1S1A01R2.avi,1,1,1,2,147
N0209V3S1A10R2.avi,1,10,3,2,209
N0157V2S1A41R2.avi,1,41,2,2,157
N0221V1S1A17R2.avi,1,17,1,2,221
N0013V3S1A22R2.avi,1,22,3,2,13
N0022V1S1A17R2.avi,1,17,1,2,22
N0358V1S1A21R2.avi,1,21,1,2,358
N0280V1S1A28R2.avi,1,28,1,2,280
N0046V2S1A34R2.avi,1,34,2,2,46
N0072V1S1A13R2.avi,1,13,1,2,72
N0278V3S1A05R2.avi,1,5,3,2,278
N0341V2S1A23R2.avi,1,23,2,2,341
N0172V3S1A22R2.avi,1,22,3,2,172
N0262V1S1A17R2.avi,1,17,1,2,262
N0232V2S1A07R2.avi,1,7,2,2,232
N0363V3S1A02R2.avi,1,2,3,2,363
N0258V2S1A50R2.avi,1,50,2,2,258
N0257V2S1A43R2.avi,1,43,2,2,257
N0108V2S1A28R2.avi,1,28,2,2,108
N0146V3S1A20R2.avi,1,20,3,2,146
N0233V2S1A03R2.avi,1,3,2,2,233
N0119V3S1A37R2.avi,1,37,3,2,119
N0192V2S1A45R2.avi,1,45,2,2,192
N0119V3S1A48R2.avi,1,48,3,2,119
N0258V2S1A45R2.avi,1,45,2,2,258
N0119V1S1A10R2.avi,1,10,1,2,119
N0112V1S1A44R2.avi,1,44,1,2,112
N0348V2S1A24R2.avi,1,24,2,2,348
N0228V2S1A10R2.avi,1,10,2,2,228
N0346V3S1A29R2.avi,1,29,3,2,346
N0263V1S1A34R2.avi,1,34,1,2,263
N0079V2S1A32R2.avi,1,32,2,2,79
N0160V3S1A10R2.avi,1,10,3,2,160
N0191V3S1A09R2.avi,1,9,3,2,191
N0147V3S1A06R2.avi,1,6,3,2,147
N0258V2S1A03R2.avi,1,3,2,2,258
N0038V2S1A40R2.avi,1,40,2,2,38
N0037V1S1A20R2.avi,1,20,1,2,37
N0146V3S1A25R2.avi,1,25,3,2,146
N0177V2S1A13R2.avi,1,13,2,2,177
N0230V3S1A10R2.avi,1,10,3,2,230
N0256V3S1A37R2.avi,1,37,3,2,256
N0269V1S1A29R2.avi,1,29,1,2,269
N0006V3S1A36R1.avi,1,36,3,1,6
N0237V2S1A05R2.avi,1,5,2,2,237
N0093V3S1A10R2.avi,1,10,3,2,93
N0102V1S1A15R2.avi,1,15,1,2,102
N0211V3S1A36R2.avi,1,36,3,2,211
N0208V2S1A51R2.avi,1,51,2,2,208
N0187V3S1A11R2.avi,1,11,3,2,187
N0022V2S1A01R2.avi,1,1,2,2,22
N0227V3S1A48R2.avi,1,48,3,2,227
N0217V1S1A17R2.avi,1,17,1,2,217
N0217V1S1A34R2.avi,1,34,1,2,217
N0243V2S1A30R2.avi,1,30,2,2,243
N0206V2S1A29R2.avi,1,29,2,2,206
N0202V3S1A01R2.avi,1,1,3,2,202
N0251V2S1A34R2.avi,1,34,2,2,251
N0133V3S1A51R2.avi,1,51,3,2,133
N0052V2S1A37R2.avi,1,37,2,2,52
N0334V2S1A08R2.avi,1,8,2,2,334
N0272V3S1A10R2.avi,1,10,3,2,272
N0063V1S1A44R2.avi,1,44,1,2,63
N0050V3S1A51R2.avi,1,51,3,2,50
N0349V3S1A27R2.avi,1,27,3,2,349
N0240V2S1A17R2.avi,1,17,2,2,240
N0005V1S1A26R2.avi,1,26,1,2,5
N0241V3S1A19R1.avi,1,19,3,1,241
N0086V3S1A03R2.avi,1,3,3,2,86
N0032V2S1A50R2.avi,1,50,2,2,32
N0053V1S1A41R2.avi,1,41,1,2,53
N0042V3S1A01R2.avi,1,1,3,2,42
N0211V2S1A03R2.avi,1,3,2,2,211
N0031V3S1A42R2.avi,1,42,3,2,31
N0155V2S1A21R2.avi,1,21,2,2,155
N0210V1S1A47R2.avi,1,47,1,2,210
N0275V3S1A06R2.avi,1,6,3,2,275
N0157V3S1A15R2.avi,1,15,3,2,157
N0107V2S1A39R2.avi,1,39,2,2,107
N0170V2S1A09R2.avi,1,9,2,2,170
N0096V3S1A05R2.avi,1,5,3,2,96
N0138V1S1A35R2.avi,1,35,1,2,138
N0052V3S1A13R2.avi,1,13,3,2,52
N0091V1S1A09R2.avi,1,9,1,2,91
N0169V2S1A45R2.avi,1,45,2,2,169
N0028V3S1A36R2.avi,1,36,3,2,28
N0035V1S1A14R2.avi,1,14,1,2,35
N0074V2S1A27R2.avi,1,27,2,2,74
N0088V3S1A30R2.avi,1,30,3,2,88
N0355V2S1A32R2.avi,1,32,2,2,355
N0126V3S1A50R2.avi,1,50,3,2,126
N0342V2S1A43R2.avi,1,43,2,2,342
N0067V1S1A15R2.avi,1,15,1,2,67
N0241V3S1A17R2.avi,1,17,3,2,241
N0163V1S1A20R2.avi,1,20,1,2,163
N0229V2S1A40R2.avi,1,40,2,2,229
N0099V1S1A35R2.avi,1,35,1,2,99
N0051V2S1A13R2.avi,1,13,2,2,51
N0071V2S1A38R2.avi,1,38,2,2,71
N0286V1S1A04R2.avi,1,4,1,2,286
N0269V1S1A08R2.avi,1,8,1,2,269
N0213V3S1A32R2.avi,1,32,3,2,213
N0011V3S1A32R2.avi,1,32,3,2,11
N0188V2S1A32R2.avi,1,32,2,2,188
N0032V2S1A35R0.avi,1,35,2,0,32
N0119V2S1A37R2.avi,1,37,2,2,119
N0135V3S1A12R2.avi,1,12,3,2,135
N0076V1S1A34R2.avi,1,34,1,2,76
N0070V2S1A25R2.avi,1,25,2,2,70
N0099V2S1A33R2.avi,1,33,2,2,99
N0239V1S1A23R2.avi,1,23,1,2,239
N0028V2S1A48R2.avi,1,48,2,2,28
N0031V2S1A05R2.avi,1,5,2,2,31
N0347V2S1A28R2.avi,1,28,2,2,347
N0362V3S1A37R2.avi,1,37,3,2,362
N0133V3S1A23R2.avi,1,23,3,2,133
N0013V2S1A19R2.avi,1,19,2,2,13
N0283V2S1A33R2.avi,1,33,2,2,283
N0002V2S1A46R2.avi,1,46,2,2,2
N0063V2S1A20R2.avi,1,20,2,2,63
N0160V1S1A03R2.avi,1,3,1,2,160
N0190V1S1A47R2.avi,1,47,1,2,190
N0110V2S1A19R2.avi,1,19,2,2,110
N0122V1S1A36R2.avi,1,36,1,2,122
N0343V1S1A33R2.avi,1,33,1,2,343
N0126V1S1A04R2.avi,1,4,1,2,126
N0088V3S1A23R1.avi,1,23,3,1,88
N0240V2S1A50R2.avi,1,50,2,2,240
N0170V2S1A23R2.avi,1,23,2,2,170
N0149V3S1A42R2.avi,1,42,3,2,149
N0103V2S1A43R2.avi,1,43,2,2,103
N0217V2S1A30R2.avi,1,30,2,2,217
N0264V2S1A02R2.avi,1,2,2,2,264
N0357V2S1A01R2.avi,1,1,2,2,357
N0277V3S1A17R2.avi,1,17,3,2,277
N0123V3S1A41R2.avi,1,41,3,2,123
N0142V2S1A30R2.avi,1,30,2,2,142
N0117V1S1A51R2.avi,1,51,1,2,117
N0024V2S1A14R2.avi,1,14,2,2,24
N0029V1S1A19R2.avi,1,19,1,2,29
N0252V1S1A48R1.avi,1,48,1,1,252
N0201V3S1A30R2.avi,1,30,3,2,201
N0182V3S1A06R2.avi,1,6,3,2,182
N0225V1S1A12R2.avi,1,12,1,2,225
N0032V2S1A33R2.avi,1,33,2,2,32
N0237V2S1A02R2.avi,1,2,2,2,237
N0113V3S1A29R2.avi,1,29,3,2,113
N0251V2S1A19R2.avi,1,19,2,2,251
N0093V3S1A29R2.avi,1,29,3,2,93
N0067V1S1A05R2.avi,1,5,1,2,67
N0357V3S1A39R2.avi,1,39,3,2,357
N0110V1S1A08R2.avi,1,8,1,2,110
N0108V2S1A17R2.avi,1,17,2,2,108
N0013V1S1A45R2.avi,1,45,1,2,13
N0258V2S1A37R2.avi,1,37,2,2,258
N0233V3S1A50R2.avi,1,50,3,2,233
N0117V3S1A05R2.avi,1,5,3,2,117
N0086V3S1A01R2.avi,1,1,3,2,86
N0355V2S1A33R2.avi,1,33,2,2,355
N0149V3S1A15R2.avi,1,15,3,2,149
N0151V3S1A29R2.avi,1,29,3,2,151
N0196V2S1A17R2.avi,1,17,2,2,196
N0224V1S1A16R2.avi,1,16,1,2,224
N0209V3S1A35R2.avi,1,35,3,2,209
N0342V3S1A15R2.avi,1,15,3,2,342
N0196V2S1A29R2.avi,1,29,2,2,196
N0173V2S1A09R2.avi,1,9,2,2,173
N0287V2S1A13R2.avi,1,13,2,2,287
N0009V2S1A43R2.avi,1,43,2,2,9
N0346V2S1A06R2.avi,1,6,2,2,346
N0347V1S1A15R2.avi,1,15,1,2,347
N0030V3S1A49R2.avi,1,49,3,2,30
N0040V2S1A38R2.avi,1,38,2,2,40
N0174V2S1A26R1.avi,1,26,2,1,174
N0238V1S1A04R2.avi,1,4,1,2,238
N0156V1S1A09R2.avi,1,9,1,2,156
N0131V1S1A46R2.avi,1,46,1,2,131
N0124V1S1A27R2.avi,1,27,1,2,124
N0027V2S1A41R2.avi,1,41,2,2,27
N0143V2S1A07R2.avi,1,7,2,2,143
N0014V1S1A16R2.avi,1,16,1,2,14
N0060V3S1A25R2.avi,1,25,3,2,60
N0066V2S1A46R2.avi,1,46,2,2,66
N0346V3S1A03R2.avi,1,3,3,2,346
N0259V3S1A46R2.avi,1,46,3,2,259
N0076V1S1A46R2.avi,1,46,1,2,76
N0140V2S1A02R2.avi,1,2,2,2,140
N0116V2S1A08R2.avi,1,8,2,2,116
N0118V2S1A49R2.avi,1,49,2,2,118
N0002V3S1A05R2.avi,1,5,3,2,2
N0228V2S1A13R2.avi,1,13,2,2,228
N0019V2S1A43R2.avi,1,43,2,2,19
N0353V1S1A51R2.avi,1,51,1,2,353
N0065V3S1A14R2.avi,1,14,3,2,65
N0353V3S1A30R2.avi,1,30,3,2,353
N0062V2S1A49R2.avi,1,49,2,2,62
N0082V1S1A46R2.avi,1,46,1,2,82
N0287V3S1A47R2.avi,1,47,3,2,287
N0280V1S1A23R2.avi,1,23,1,2,280
N0097V1S1A15R2.avi,1,15,1,2,97
N0118V2S1A39R2.avi,1,39,2,2,118
N0280V2S1A25R2.avi,1,25,2,2,280
N0134V2S1A21R2.avi,1,21,2,2,134
N0166V1S1A37R2.avi,1,37,1,2,166
N0363V3S1A30R2.avi,1,30,3,2,363
N0089V1S1A09R2.avi,1,9,1,2,89
N0236V1S1A47R2.avi,1,47,1,2,236
N0334V2S1A43R2.avi,1,43,2,2,334
N0178V1S1A34R2.avi,1,34,1,2,178
N0175V3S1A24R2.avi,1,24,3,2,175
N0190V3S1A01R2.avi,1,1,3,2,190
N0233V1S1A09R2.avi,1,9,1,2,233
N0073V1S1A31R2.avi,1,31,1,2,73
N0011V2S1A41R2.avi,1,41,2,2,11
N0118V2S1A03R2.avi,1,3,2,2,118
N0039V1S1A44R2.avi,1,44,1,2,39
N0022V2S1A05R2.avi,1,5,2,2,22
N0280V3S1A35R2.avi,1,35,3,2,280
N0361V1S1A49R2.avi,1,49,1,2,361
N0236V1S1A01R2.avi,1,1,1,2,236
N0021V2S1A41R2.avi,1,41,2,2,21
N0093V3S1A20R2.avi,1,20,3,2,93
N0352V3S1A41R2.avi,1,41,3,2,352
N0250V1S1A50R2.avi,1,50,1,2,250
N0177V1S1A42R2.avi,1,42,1,2,177
N0139V2S1A19R2.avi,1,19,2,2,139
N0279V3S1A51R2.avi,1,51,3,2,279
N0118V3S1A01R2.avi,1,1,3,2,118
N0205V2S1A26R2.avi,1,26,2,2,205
N0270V1S1A26R2.avi,1,26,1,2,270
N0363V1S1A30R2.avi,1,30,1,2,363
N0271V1S1A27R2.avi,1,27,1,2,271
N0047V2S1A22R2.avi,1,22,2,2,47
N0172V2S1A10R2.avi,1,10,2,2,172
N0284V1S1A26R2.avi,1,26,1,2,284
N0048V1S1A09R1.avi,1,9,1,1,48
N0100V1S1A10R2.avi,1,10,1,2,100
N0363V1S1A45R2.avi,1,45,1,2,363
N0103V1S1A31R2.avi,1,31,1,2,103
N0212V2S1A49R2.avi,1,49,2,2,212
N0202V2S1A17R2.avi,1,17,2,2,202
N0196V1S1A34R2.avi,1,34,1,2,196
N0062V1S1A48R2.avi,1,48,1,2,62
N0278V2S1A47R2.avi,1,47,2,2,278
N0179V1S1A38R2.avi,1,38,1,2,179
N0030V2S1A25R2.avi,1,25,2,2,30
N0210V3S1A44R2.avi,1,44,3,2,210
N0022V2S1A48R2.avi,1,48,2,2,22
N0101V3S1A32R2.avi,1,32,3,2,101
N0111V1S1A25R2.avi,1,25,1,2,111
N0286V3S1A22R2.avi,1,22,3,2,286
N0288V2S1A22R2.avi,1,22,2,2,288
N0202V3S1A08R2.avi,1,8,3,2,202
N0122V3S1A29R2.avi,1,29,3,2,122
N0109V3S1A29R2.avi,1,29,3,2,109
N0108V1S1A35R2.avi,1,35,1,2,108
N0160V3S1A28R2.avi,1,28,3,2,160
N0357V3S1A47R2.avi,1,47,3,2,357
N0282V2S1A40R2.avi,1,40,2,2,282
N0219V2S1A15R2.avi,1,15,2,2,219
N0172V2S1A23R2.avi,1,23,2,2,172
N0161V2S1A06R2.avi,1,6,2,2,161
N0193V2S1A06R2.avi,1,6,2,2,193
N0170V3S1A34R2.avi,1,34,3,2,170
N0208V3S1A45R1.avi,1,45,3,1,208
N0259V1S1A49R2.avi,1,49,1,2,259
N0057V3S1A11R2.avi,1,11,3,2,57
N0244V2S1A14R2.avi,1,14,2,2,244
N0110V3S1A37R2.avi,1,37,3,2,110
N0041V1S1A17R2.avi,1,17,1,2,41
N0208V3S1A50R2.avi,1,50,3,2,208
N0051V1S1A22R2.avi,1,22,1,2,51
N0154V1S1A18R2.avi,1,18,1,2,154
N0048V3S1A30R2.avi,1,30,3,2,48
N0171V2S1A42R1.avi,1,42,2,1,171
N0046V3S1A03R2.avi,1,3,3,2,46
N0115V3S1A14R2.avi,1,14,3,2,115
N0079V3S1A20R2.avi,1,20,3,2,79
N0039V3S1A09R2.avi,1,9,3,2,39
N0183V3S1A42R2.avi,1,42,3,2,183
N0243V3S1A10R2.avi,1,10,3,2,243
N0273V2S1A44R2.avi,1,44,2,2,273
N0077V2S1A15R2.avi,1,15,2,2,77
N0183V1S1A09R2.avi,1,9,1,2,183
N0151V3S1A51R2.avi,1,51,3,2,151
N0341V1S1A32R2.avi,1,32,1,2,341
N0336V3S1A20R2.avi,1,20,3,2,336
N0127V1S1A32R2.avi,1,32,1,2,127
N0273V2S1A29R2.avi,1,29,2,2,273
N0279V2S1A30R2.avi,1,30,2,2,279
N0093V1S1A31R2.avi,1,31,1,2,93
N0179V1S1A05R2.avi,1,5,1,2,179
N0233V2S1A37R2.avi,1,37,2,2,233
N0178V3S1A48R2.avi,1,48,3,2,178
N0041V3S1A17R2.avi,1,17,3,2,41
N0363V3S1A31R2.avi,1,31,3,2,363
N0086V2S1A47R2.avi,1,47,2,2,86
N0256V2S1A48R2.avi,1,48,2,2,256
N0233V1S1A37R2.avi,1,37,1,2,233
N0081V2S1A45R2.avi,1,45,2,2,81
N0202V1S1A01R2.avi,1,1,1,2,202
N0237V1S1A46R2.avi,1,46,1,2,237
N0228V1S1A36R1.avi,1,36,1,1,228
N0250V3S1A11R2.avi,1,11,3,2,250
N0227V3S1A49R2.avi,1,49,3,2,227
N0119V2S1A30R2.avi,1,30,2,2,119
N0109V1S1A04R2.avi,1,4,1,2,109
N0156V2S1A23R2.avi,1,23,2,2,156
N0206V3S1A25R2.avi,1,25,3,2,206
N0279V3S1A38R2.avi,1,38,3,2,279
N0219V2S1A41R2.avi,1,41,2,2,219
N0273V1S1A30R2.avi,1,30,1,2,273
N0051V1S1A32R2.avi,1,32,1,2,51
N0077V3S1A31R2.avi,1,31,3,2,77
N0171V1S1A44R2.avi,1,44,1,2,171
N0140V1S1A50R2.avi,1,50,1,2,140
N0137V3S1A48R2.avi,1,48,3,2,137
N0250V3S1A33R2.avi,1,33,3,2,250
N0252V3S1A45R2.avi,1,45,3,2,252
N0139V3S1A07R2.avi,1,7,3,2,139
N0239V1S1A22R2.avi,1,22,1,2,239
N0346V1S1A19R2.avi,1,19,1,2,346
N0213V3S1A38R2.avi,1,38,3,2,213
N0262V3S1A40R2.avi,1,40,3,2,262
N0336V3S1A22R2.avi,1,22,3,2,336
N0046V2S1A29R2.avi,1,29,2,2,46
N0120V2S1A19R2.avi,1,19,2,2,120
N0091V2S1A06R2.avi,1,6,2,2,91
N0255V2S1A16R2.avi,1,16,2,2,255
N0342V3S1A32R2.avi,1,32,3,2,342
N0208V3S1A34R2.avi,1,34,3,2,208
N0166V2S1A02R2.avi,1,2,2,2,166
N0242V1S1A40R2.avi,1,40,1,2,242
N0058V3S1A51R2.avi,1,51,3,2,58
N0118V3S1A33R2.avi,1,33,3,2,118
N0355V3S1A32R2.avi,1,32,3,2,355
N0075V2S1A21R1.avi,1,21,2,1,75
N0209V3S1A06R2.avi,1,6,3,2,209
N0255V3S1A24R2.avi,1,24,3,2,255
N0220V2S1A04R2.avi,1,4,2,2,220
N0040V3S1A46R2.avi,1,46,3,2,40
N0096V3S1A42R2.avi,1,42,3,2,96
N0209V1S1A30R2.avi,1,30,1,2,209
N0092V3S1A50R2.avi,1,50,3,2,92
N0273V3S1A45R2.avi,1,45,3,2,273
N0236V3S1A25R2.avi,1,25,3,2,236
N0228V1S1A37R2.avi,1,37,1,2,228
N0201V2S1A41R2.avi,1,41,2,2,201
N0137V3S1A44R2.avi,1,44,3,2,137
N0012V1S1A34R2.avi,1,34,1,2,12
N0040V3S1A19R2.avi,1,19,3,2,40
N0263V2S1A17R2.avi,1,17,2,2,263
N0053V1S1A22R2.avi,1,22,1,2,53
N0011V1S1A04R2.avi,1,4,1,2,11
N0346V1S1A34R2.avi,1,34,1,2,346
N0011V2S1A44R0.avi,1,44,2,0,11
N0352V1S1A15R2.avi,1,15,1,2,352
N0042V2S1A37R2.avi,1,37,2,2,42
N0027V1S1A13R2.avi,1,13,1,2,27
N0279V3S1A15R2.avi,1,15,3,2,279
N0352V2S1A49R2.avi,1,49,2,2,352
N0107V1S1A31R2.avi,1,31,1,2,107
N0052V3S1A17R2.avi,1,17,3,2,52
N0207V1S1A39R2.avi,1,39,1,2,207
N0083V1S1A42R2.avi,1,42,1,2,83
N0163V1S1A31R2.avi,1,31,1,2,163
N0060V1S1A29R2.avi,1,29,1,2,60
N0343V3S1A30R2.avi,1,30,3,2,343
N0086V2S1A25R2.avi,1,25,2,2,86
N0028V3S1A17R2.avi,1,17,3,2,28
N0287V3S1A15R2.avi,1,15,3,2,287
N0276V3S1A41R2.avi,1,41,3,2,276
N0009V3S1A43R2.avi,1,43,3,2,9
N0257V3S1A13R2.avi,1,13,3,2,257
N0003V1S1A39R2.avi,1,39,1,2,3
N0240V3S1A02R2.avi,1,2,3,2,240
N0240V3S1A50R2.avi,1,50,3,2,240
N0337V1S1A33R2.avi,1,33,1,2,337
N0276V2S1A36R1.avi,1,36,2,1,276
N0113V2S1A30R2.avi,1,30,2,2,113
N0258V2S1A02R2.avi,1,2,2,2,258
N0192V1S1A10R2.avi,1,10,1,2,192
N0009V1S1A15R2.avi,1,15,1,2,9
N0240V3S1A28R2.avi,1,28,3,2,240
N0357V2S1A38R2.avi,1,38,2,2,357
N0240V3S1A04R2.avi,1,4,3,2,240
N0013V3S1A15R2.avi,1,15,3,2,13
N0142V1S1A50R2.avi,1,50,1,2,142
N0011V1S1A41R2.avi,1,41,1,2,11
N0057V2S1A06R2.avi,1,6,2,2,57
N0337V2S1A50R2.avi,1,50,2,2,337
N0274V1S1A20R2.avi,1,20,1,2,274
N0067V2S1A40R2.avi,1,40,2,2,67
N0218V2S1A48R2.avi,1,48,2,2,218
N0346V1S1A15R2.avi,1,15,1,2,346
N0360V3S1A01R2.avi,1,1,3,2,360
N0182V2S1A34R2.avi,1,34,2,2,182
N0126V2S1A29R2.avi,1,29,2,2,126
N0022V1S1A01R2.avi,1,1,1,2,22
N0286V2S1A31R2.avi,1,31,2,2,286
N0270V3S1A18R2.avi,1,18,3,2,270
N0343V3S1A28R2.avi,1,28,3,2,343
N0203V1S1A17R2.avi,1,17,1,2,203
N0345V2S1A38R2.avi,1,38,2,2,345
N0001V3S1A42R2.avi,1,42,3,2,1
N0056V2S1A30R2.avi,1,30,2,2,56
N0242V3S1A50R2.avi,1,50,3,2,242
N0100V1S1A33R2.avi,1,33,1,2,100
N0012V3S1A47R2.avi,1,47,3,2,12
N0231V1S1A40R2.avi,1,40,1,2,231
N0260V3S1A14R2.avi,1,14,3,2,260
N0274V2S1A02R2.avi,1,2,2,2,274
N0208V2S1A45R1.avi,1,45,2,1,208
N0217V3S1A50R2.avi,1,50,3,2,217
N0111V3S1A25R2.avi,1,25,3,2,111
N0086V2S1A46R2.avi,1,46,2,2,86
N0251V3S1A39R2.avi,1,39,3,2,251
N0133V1S1A17R2.avi,1,17,1,2,133
N0008V2S1A30R2.avi,1,30,2,2,8
N0121V3S1A39R2.avi,1,39,3,2,121
N0200V1S1A46R2.avi,1,46,1,2,200
N0169V3S1A20R2.avi,1,20,3,2,169
N0188V3S1A29R2.avi,1,29,3,2,188
N0252V2S1A33R2.avi,1,33,2,2,252
N0288V1S1A50R2.avi,1,50,1,2,288
N0207V2S1A22R2.avi,1,22,2,2,207
N0055V1S1A18R2.avi,1,18,1,2,55
N0253V1S1A50R2.avi,1,50,1,2,253
N0233V3S1A03R2.avi,1,3,3,2,233
N0207V2S1A30R2.avi,1,30,2,2,207
N0040V1S1A08R2.avi,1,8,1,2,40
N0055V2S1A12R2.avi,1,12,2,2,55
N0116V3S1A29R2.avi,1,29,3,2,116
N0240V3S1A01R2.avi,1,1,3,2,240
N0056V3S1A28R2.avi,1,28,3,2,56
N0174V3S1A27R2.avi,1,27,3,2,174
N0217V2S1A19R2.avi,1,19,2,2,217
N0240V1S1A38R2.avi,1,38,1,2,240
N0116V3S1A28R2.avi,1,28,3,2,116
N0280V3S1A02R2.avi,1,2,3,2,280
N0173V1S1A13R2.avi,1,13,1,2,173
N0286V3S1A39R2.avi,1,39,3,2,286
N0251V1S1A38R2.avi,1,38,1,2,251
N0023V2S1A22R2.avi,1,22,2,2,23
N0240V1S1A09R2.avi,1,9,1,2,240
N0028V1S1A03R2.avi,1,3,1,2,28
N0051V3S1A50R2.avi,1,50,3,2,51
N0136V1S1A03R2.avi,1,3,1,2,136
N0138V2S1A28R2.avi,1,28,2,2,138
N0050V1S1A23R2.avi,1,23,1,2,50
N0242V3S1A43R2.avi,1,43,3,2,242
N0361V1S1A46R2.avi,1,46,1,2,361
N0005V1S1A12R2.avi,1,12,1,2,5
N0023V3S1A15R2.avi,1,15,3,2,23
N0260V3S1A21R2.avi,1,21,3,2,260
N0207V1S1A29R2.avi,1,29,1,2,207
N0184V1S1A12R2.avi,1,12,1,2,184
N0180V1S1A51R2.avi,1,51,1,2,180
N0097V2S1A47R2.avi,1,47,2,2,97
N0360V2S1A41R2.avi,1,41,2,2,360
N0153V3S1A15R2.avi,1,15,3,2,153
N0106V3S1A35R2.avi,1,35,3,2,106
N0091V1S1A22R2.avi,1,22,1,2,91
N0143V2S1A22R2.avi,1,22,2,2,143
N0093V2S1A29R2.avi,1,29,2,2,93
N0052V2S1A03R2.avi,1,3,2,2,52
N0086V3S1A48R2.avi,1,48,3,2,86
N0170V2S1A36R2.avi,1,36,2,2,170
N0013V3S1A38R2.avi,1,38,3,2,13
N0178V3S1A19R2.avi,1,19,3,2,178
N0342V3S1A04R2.avi,1,4,3,2,342
N0142V3S1A32R2.avi,1,32,3,2,142
N0007V1S1A08R2.avi,1,8,1,2,7
N0210V2S1A01R2.avi,1,1,2,2,210
N0061V3S1A04R2.avi,1,4,3,2,61
N0086V3S1A10R2.avi,1,10,3,2,86
N0011V3S1A45R2.avi,1,45,3,2,11
N0129V3S1A20R2.avi,1,20,3,2,129
N0202V3S1A25R2.avi,1,25,3,2,202
N0085V1S1A18R2.avi,1,18,1,2,85
N0076V2S1A25R2.avi,1,25,2,2,76
N0352V2S1A15R2.avi,1,15,2,2,352
N0006V2S1A05R2.avi,1,5,2,2,6
N0345V3S1A49R2.avi,1,49,3,2,345
N0064V1S1A21R2.avi,1,21,1,2,64
N0130V1S1A29R2.avi,1,29,1,2,130
N0112V1S1A49R2.avi,1,49,1,2,112
N0020V1S1A49R1.avi,1,49,1,1,20
N0026V1S1A08R2.avi,1,8,1,2,26
N0098V1S1A49R2.avi,1,49,1,2,98
N0226V2S1A17R2.avi,1,17,2,2,226
N0341V1S1A31R2.avi,1,31,1,2,341
N0263V1S1A32R2.avi,1,32,1,2,263
N0257V3S1A15R2.avi,1,15,3,2,257
N0177V1S1A29R2.avi,1,29,1,2,177
N0347V1S1A08R2.avi,1,8,1,2,347
N0066V1S1A38R2.avi,1,38,1,2,66
N0270V1S1A21R1.avi,1,21,1,1,270
N0240V3S1A49R2.avi,1,49,3,2,240
N0178V2S1A35R2.avi,1,35,2,2,178
N0001V3S1A04R2.avi,1,4,3,2,1
N0160V3S1A35R2.avi,1,35,3,2,160
N0177V3S1A22R2.avi,1,22,3,2,177
N0166V1S1A46R2.avi,1,46,1,2,166
N0337V2S1A10R2.avi,1,10,2,2,337
N0082V3S1A34R2.avi,1,34,3,2,82
N0277V3S1A08R2.avi,1,8,3,2,277
N0345V2S1A29R2.avi,1,29,2,2,345
N0034V1S1A21R2.avi,1,21,1,2,34
N0242V2S1A05R2.avi,1,5,2,2,242
N0148V3S1A19R2.avi,1,19,3,2,148
N0006V3S1A46R2.avi,1,46,3,2,6
N0071V3S1A06R2.avi,1,6,3,2,71
N0173V1S1A44R2.avi,1,44,1,2,173
N0276V3S1A09R2.avi,1,9,3,2,276
N0008V1S1A23R2.avi,1,23,1,2,8
N0283V3S1A10R2.avi,1,10,3,2,283
N0008V1S1A33R2.avi,1,33,1,2,8
N0286V1S1A38R2.avi,1,38,1,2,286
N0170V1S1A23R2.avi,1,23,1,2,170
N0024V2S1A21R2.avi,1,21,2,2,24
N0036V1S1A51R2.avi,1,51,1,2,36
N0211V1S1A03R2.avi,1,3,1,2,211
N0268V1S1A22R2.avi,1,22,1,2,268
N0110V3S1A23R1.avi,1,23,3,1,110
N0012V3S1A51R2.avi,1,51,3,2,12
N0052V3S1A01R2.avi,1,1,3,2,52
N0116V2S1A35R2.avi,1,35,2,2,116
N0278V2S1A13R2.avi,1,13,2,2,278
N0207V2S1A38R2.avi,1,38,2,2,207
N0206V1S1A03R2.avi,1,3,1,2,206
N0182V3S1A29R2.avi,1,29,3,2,182
N0334V2S1A05R2.avi,1,5,2,2,334
N0020V1S1A33R2.avi,1,33,1,2,20
N0168V1S1A23R2.avi,1,23,1,2,168
N0118V1S1A45R2.avi,1,45,1,2,118
N0103V1S1A11R2.avi,1,11,1,2,103
N0111V2S1A46R2.avi,1,46,2,2,111
N0169V1S1A09R2.avi,1,9,1,2,169
N0168V3S1A48R2.avi,1,48,3,2,168
N0217V1S1A48R2.avi,1,48,1,2,217
N0018V3S1A02R2.avi,1,2,3,2,18
N0010V1S1A47R2.avi,1,47,1,2,10
N0288V3S1A45R2.avi,1,45,3,2,288
N0281V1S1A29R2.avi,1,29,1,2,281
N0100V2S1A37R2.avi,1,37,2,2,100
N0228V2S1A47R2.avi,1,47,2,2,228
N0106V3S1A51R1.avi,1,51,3,1,106
N0096V3S1A30R2.avi,1,30,3,2,96
N0026V1S1A30R2.avi,1,30,1,2,26
N0140V3S1A25R2.avi,1,25,3,2,140
N0175V1S1A24R2.avi,1,24,1,2,175
N0008V1S1A49R2.avi,1,49,1,2,8
N0180V2S1A39R2.avi,1,39,2,2,180
N0107V1S1A05R2.avi,1,5,1,2,107
N0222V1S1A13R2.avi,1,13,1,2,222
N0079V3S1A42R2.avi,1,42,3,2,79
N0158V2S1A08R2.avi,1,8,2,2,158
N0276V2S1A10R2.avi,1,10,2,2,276
N0058V2S1A02R2.avi,1,2,2,2,58
N0060V2S1A30R2.avi,1,30,2,2,60
N0286V3S1A10R2.avi,1,10,3,2,286
N0190V1S1A38R2.avi,1,38,1,2,190
N0001V1S1A39R2.avi,1,39,1,2,1
N0131V3S1A32R2.avi,1,32,3,2,131
N0239V1S1A38R2.avi,1,38,1,2,239
N0269V1S1A48R2.avi,1,48,1,2,269
N0179V2S1A22R2.avi,1,22,2,2,179
N0076V2S1A51R2.avi,1,51,2,2,76
N0072V2S1A25R2.avi,1,25,2,2,72
N0153V2S1A45R2.avi,1,45,2,2,153
N0020V1S1A38R2.avi,1,38,1,2,20
N0039V2S1A41R2.avi,1,41,2,2,39
N0344V2S1A29R2.avi,1,29,2,2,344
N0099V2S1A50R2.avi,1,50,2,2,99
N0016V3S1A23R2.avi,1,23,3,2,16
N0236V3S1A40R2.avi,1,40,3,2,236
N0061V1S1A04R2.avi,1,4,1,2,61
N0360V2S1A19R2.avi,1,19,2,2,360
N0078V2S1A17R2.avi,1,17,2,2,78
N0099V1S1A46R2.avi,1,46,1,2,99
N0194V3S1A12R2.avi,1,12,3,2,194
N0238V1S1A25R2.avi,1,25,1,2,238
N0256V1S1A38R2.avi,1,38,1,2,256
N0101V1S1A29R2.avi,1,29,1,2,101
N0100V1S1A37R2.avi,1,37,1,2,100
N0267V3S1A07R2.avi,1,7,3,2,267
N0201V3S1A17R2.avi,1,17,3,2,201
N0072V2S1A33R2.avi,1,33,2,2,72
N0185V2S1A24R2.avi,1,24,2,2,185
N0033V3S1A23R2.avi,1,23,3,2,33
N0053V1S1A32R2.avi,1,32,1,2,53
N0053V3S1A10R2.avi,1,10,3,2,53
N0217V3S1A32R2.avi,1,32,3,2,217
N0262V1S1A02R2.avi,1,2,1,2,262
N0171V3S1A19R2.avi,1,19,3,2,171
N0067V2S1A09R2.avi,1,9,2,2,67
N0001V3S1A41R2.avi,1,41,3,2,1
N0046V2S1A51R2.avi,1,51,2,2,46
N0006V1S1A30R2.avi,1,30,1,2,6
N0362V3S1A32R2.avi,1,32,3,2,362
N0342V2S1A03R2.avi,1,3,2,2,342
N0287V3S1A33R2.avi,1,33,3,2,287
N0049V3S1A29R2.avi,1,29,3,2,49
N0053V2S1A39R2.avi,1,39,2,2,53
N0119V1S1A17R2.avi,1,17,1,2,119
N0238V1S1A08R2.avi,1,8,1,2,238
N0032V3S1A01R2.avi,1,1,3,2,32
N0021V2S1A29R2.avi,1,29,2,2,21
N0350V2S1A19R2.avi,1,19,2,2,350
N0265V1S1A29R2.avi,1,29,1,2,265
N0103V1S1A43R2.avi,1,43,1,2,103
N0271V1S1A14R2.avi,1,14,1,2,271
N0214V3S1A12R2.avi,1,12,3,2,214
N0140V1S1A51R2.avi,1,51,1,2,140
N0079V1S1A29R2.avi,1,29,1,2,79
N0346V3S1A36R2.avi,1,36,3,2,346
N0055V3S1A18R2.avi,1,18,3,2,55
N0252V3S1A02R2.avi,1,2,3,2,252
N0181V3S1A13R2.avi,1,13,3,2,181
N0228V1S1A43R2.avi,1,43,1,2,228
N0062V2S1A46R2.avi,1,46,2,2,62
N0009V2S1A05R2.avi,1,5,2,2,9
N0197V1S1A17R2.avi,1,17,1,2,197
N0163V2S1A39R2.avi,1,39,2,2,163
N0091V1S1A32R2.avi,1,32,1,2,91
N0050V1S1A38R2.avi,1,38,1,2,50
N0210V2S1A39R2.avi,1,39,2,2,210
N0262V1S1A48R2.avi,1,48,1,2,262
N0139V3S1A20R2.avi,1,20,3,2,139
N0258V2S1A23R2.avi,1,23,2,2,258
N0093V2S1A43R2.avi,1,43,2,2,93
N0172V1S1A33R2.avi,1,33,1,2,172
N0095V3S1A27R2.avi,1,27,3,2,95
N0360V2S1A43R2.avi,1,43,2,2,360
N0143V3S1A40R2.avi,1,40,3,2,143
N0061V3S1A44R2.avi,1,44,3,2,61
N0148V1S1A28R2.avi,1,28,1,2,148
N0172V3S1A49R2.avi,1,49,3,2,172
N0132V3S1A22R2.avi,1,22,3,2,132
N0010V2S1A03R2.avi,1,3,2,2,10
N0182V1S1A01R2.avi,1,1,1,2,182
N0060V1S1A23R2.avi,1,23,1,2,60
N0241V2S1A42R1.avi,1,42,2,1,241
N0053V1S1A23R2.avi,1,23,1,2,53
N0348V1S1A14R2.avi,1,14,1,2,348
N0140V2S1A08R2.avi,1,8,2,2,140
N0079V1S1A20R2.avi,1,20,1,2,79
N0172V3S1A29R2.avi,1,29,3,2,172
N0061V2S1A20R2.avi,1,20,2,2,61
N0076V3S1A49R2.avi,1,49,3,2,76
N0109V3S1A20R2.avi,1,20,3,2,109
N0152V2S1A38R2.avi,1,38,2,2,152
N0160V1S1A47R2.avi,1,47,1,2,160
N0051V1S1A05R2.avi,1,5,1,2,51
N0139V2S1A07R2.avi,1,7,2,2,139
N0042V2S1A40R2.avi,1,40,2,2,42
N0148V1S1A32R2.avi,1,32,1,2,148
N0131V2S1A09R2.avi,1,9,2,2,131
N0178V2S1A30R2.avi,1,30,2,2,178
N0352V2S1A41R2.avi,1,41,2,2,352
N0342V1S1A40R2.avi,1,40,1,2,342
N0110V1S1A11R2.avi,1,11,1,2,110
N0017V3S1A09R2.avi,1,9,3,2,17
N0064V3S1A12R2.avi,1,12,3,2,64
N0276V2S1A04R2.avi,1,4,2,2,276
N0222V2S1A47R2.avi,1,47,2,2,222
N0264V3S1A32R2.avi,1,32,3,2,264
N0089V3S1A38R2.avi,1,38,3,2,89
N0181V3S1A20R2.avi,1,20,3,2,181
N0278V3S1A22R2.avi,1,22,3,2,278
N0101V1S1A13R2.avi,1,13,1,2,101
N0353V1S1A34R2.avi,1,34,1,2,353
N0126V1S1A23R2.avi,1,23,1,2,126
N0007V2S1A10R2.avi,1,10,2,2,7
N0031V3S1A07R2.avi,1,7,3,2,31
N0206V1S1A34R2.avi,1,34,1,2,206
N0156V2S1A38R2.avi,1,38,2,2,156
N0051V1S1A13R2.avi,1,13,1,2,51
N0179V1S1A50R2.avi,1,50,1,2,179
N0012V1S1A47R2.avi,1,47,1,2,12
N0141V1S1A17R2.avi,1,17,1,2,141
N0237V3S1A42R2.avi,1,42,3,2,237
N0088V1S1A37R2.avi,1,37,1,2,88
N0029V1S1A31R2.avi,1,31,1,2,29
N0055V3S1A21R2.avi,1,21,3,2,55
N0278V2S1A03R2.avi,1,3,2,2,278
N0353V3S1A28R2.avi,1,28,3,2,353
N0184V1S1A26R2.avi,1,26,1,2,184
N0263V2S1A19R2.avi,1,19,2,2,263
N0261V3S1A14R2.avi,1,14,3,2,261
N0112V1S1A36R2.avi,1,36,1,2,112
N0084V2S1A14R2.avi,1,14,2,2,84
N0096V2S1A41R2.avi,1,41,2,2,96
N0140V3S1A35R2.avi,1,35,3,2,140
N0126V2S1A34R2.avi,1,34,2,2,126
N0034V3S1A16R2.avi,1,16,3,2,34
N0281V2S1A33R2.avi,1,33,2,2,281
N0114V3S1A26R2.avi,1,26,3,2,114
N0229V1S1A15R2.avi,1,15,1,2,229
N0361V3S1A45R2.avi,1,45,3,2,361
N0108V1S1A02R2.avi,1,2,1,2,108
N0345V3S1A36R2.avi,1,36,3,2,345
N0067V2S1A45R2.avi,1,45,2,2,67
N0008V1S1A46R2.avi,1,46,1,2,8
N0265V3S1A19R2.avi,1,19,3,2,265
N0130V2S1A03R2.avi,1,3,2,2,130
N0157V2S1A38R2.avi,1,38,2,2,157
N0287V2S1A29R2.avi,1,29,2,2,287
N0102V1S1A36R2.avi,1,36,1,2,102
N0227V1S1A36R2.avi,1,36,1,2,227
N0181V1S1A31R2.avi,1,31,1,2,181
N0220V2S1A29R2.avi,1,29,2,2,220
N0269V1S1A22R2.avi,1,22,1,2,269
N0231V3S1A15R2.avi,1,15,3,2,231
N0239V2S1A37R2.avi,1,37,2,2,239
N0086V3S1A39R2.avi,1,39,3,2,86
N0234V3S1A18R2.avi,1,18,3,2,234
N0350V1S1A07R2.avi,1,7,1,2,350
N0071V3S1A45R2.avi,1,45,3,2,71
N0012V2S1A48R2.avi,1,48,2,2,12
N0065V2S1A24R2.avi,1,24,2,2,65
N0208V3S1A40R1.avi,1,40,3,1,208
N0356V1S1A37R2.avi,1,37,1,2,356
N0148V1S1A36R2.avi,1,36,1,2,148
N0257V1S1A38R2.avi,1,38,1,2,257
N0187V3S1A06R2.avi,1,6,3,2,187
N0346V3S1A48R2.avi,1,48,3,2,346
N0216V3S1A50R2.avi,1,50,3,2,216
N0257V3S1A34R2.avi,1,34,3,2,257
N0079V2S1A19R2.avi,1,19,2,2,79
N0049V2S1A38R2.avi,1,38,2,2,49
N0080V2S1A46R2.avi,1,46,2,2,80
N0274V1S1A04R2.avi,1,4,1,2,274
N0269V3S1A41R2.avi,1,41,3,2,269
N0221V3S1A02R2.avi,1,2,3,2,221
N0096V2S1A25R2.avi,1,25,2,2,96
N0061V2S1A15R2.avi,1,15,2,2,61
N0279V2S1A39R2.avi,1,39,2,2,279
N0278V2S1A22R2.avi,1,22,2,2,278
N0238V1S1A31R2.avi,1,31,1,2,238
N0088V3S1A28R2.avi,1,28,3,2,88
N0202V3S1A29R2.avi,1,29,3,2,202
N0253V1S1A37R2.avi,1,37,1,2,253
N0267V3S1A39R2.avi,1,39,3,2,267
N0264V3S1A05R2.avi,1,5,3,2,264
N0242V3S1A47R2.avi,1,47,3,2,242
N0343V2S1A23R2.avi,1,23,2,2,343
N0337V2S1A31R2.avi,1,31,2,2,337
N0353V1S1A15R2.avi,1,15,1,2,353
N0355V3S1A46R2.avi,1,46,3,2,355
N0010V2S1A18R0.avi,1,18,2,0,10
N0262V3S1A02R2.avi,1,2,3,2,262
N0016V3S1A49R2.avi,1,49,3,2,16
N0363V3S1A20R2.avi,1,20,3,2,363
N0102V2S1A06R2.avi,1,6,2,2,102
N0340V2S1A30R2.avi,1,30,2,2,340
N0082V2S1A40R2.avi,1,40,2,2,82
N0176V3S1A40R2.avi,1,40,3,2,176
N0257V3S1A29R2.avi,1,29,3,2,257
N0337V3S1A01R2.avi,1,1,3,2,337
N0278V3S1A51R2.avi,1,51,3,2,278
N0129V2S1A42R2.avi,1,42,2,2,129
N0068V3S1A25R2.avi,1,25,3,2,68
N0031V3S1A32R2.avi,1,32,3,2,31
N0078V2S1A37R2.avi,1,37,2,2,78
N0260V2S1A14R2.avi,1,14,2,2,260
N0099V2S1A02R2.avi,1,2,2,2,99
N0363V2S1A51R2.avi,1,51,2,2,363
N0111V1S1A49R2.avi,1,49,1,2,111
N0354V1S1A41R2.avi,1,41,1,2,354
N0150V3S1A17R2.avi,1,17,3,2,150
N0107V3S1A17R2.avi,1,17,3,2,107
N0349V2S1A14R2.avi,1,14,2,2,349
N0198V1S1A05R2.avi,1,5,1,2,198
N0243V1S1A15R2.avi,1,15,1,2,243
N0153V2S1A01R2.avi,1,1,2,2,153
N0030V3S1A39R2.avi,1,39,3,2,30
N0192V1S1A42R2.avi,1,42,1,2,192
N0133V2S1A06R2.avi,1,6,2,2,133
N0261V2S1A14R2.avi,1,14,2,2,261
N0116V1S1A41R2.avi,1,41,1,2,116
N0171V1S1A42R1.avi,1,42,1,1,171
N0084V3S1A12R2.avi,1,12,3,2,84
N0199V1S1A10R2.avi,1,10,1,2,199
N0216V1S1A29R2.avi,1,29,1,2,216
N0144V3S1A12R2.avi,1,12,3,2,144
N0022V1S1A51R2.avi,1,51,1,2,22
N0351V3S1A36R2.avi,1,36,3,2,351
N0178V2S1A08R2.avi,1,8,2,2,178
N0236V3S1A17R2.avi,1,17,3,2,236
N0344V2S1A04R2.avi,1,4,2,2,344
N0167V1S1A41R2.avi,1,41,1,2,167
N0152V1S1A40R2.avi,1,40,1,2,152
N0021V1S1A13R2.avi,1,13,1,2,21
N0090V2S1A28R2.avi,1,28,2,2,90
N0226V2S1A11R2.avi,1,11,2,2,226
N0362V1S1A44R2.avi,1,44,1,2,362
N0132V1S1A20R2.avi,1,20,1,2,132
N0084V1S1A16R2.avi,1,16,1,2,84
N0220V2S1A34R2.avi,1,34,2,2,220
N0212V2S1A44R2.avi,1,44,2,2,212
N0113V1S1A51R2.avi,1,51,1,2,113
N0267V3S1A34R2.avi,1,34,3,2,267
N0103V3S1A19R2.avi,1,19,3,2,103
N0340V3S1A30R2.avi,1,30,3,2,340
N0190V2S1A38R2.avi,1,38,2,2,190
N0277V1S1A34R2.avi,1,34,1,2,277
N0092V2S1A03R2.avi,1,3,2,2,92
N0105V1S1A14R2.avi,1,14,1,2,105
N0126V2S1A22R2.avi,1,22,2,2,126
N0353V1S1A46R2.avi,1,46,1,2,353
N0116V2S1A41R2.avi,1,41,2,2,116
N0288V2S1A48R2.avi,1,48,2,2,288
N0143V1S1A09R2.avi,1,9,1,2,143
N0092V3S1A40R2.avi,1,40,3,2,92
N0215V3S1A18R2.avi,1,18,3,2,215
N0042V3S1A37R2.avi,1,37,3,2,42
N0190V1S1A22R2.avi,1,22,1,2,190
N0243V3S1A50R2.avi,1,50,3,2,243
N0062V1S1A33R2.avi,1,33,1,2,62
N0337V3S1A50R2.avi,1,50,3,2,337
N0172V1S1A01R2.avi,1,1,1,2,172
N0240V2S1A25R2.avi,1,25,2,2,240
N0345V2S1A33R2.avi,1,33,2,2,345
N0080V3S1A39R2.avi,1,39,3,2,80
N0070V2S1A49R2.avi,1,49,2,2,70
N0250V2S1A35R2.avi,1,35,2,2,250
N0177V2S1A38R2.avi,1,38,2,2,177
N0194V3S1A18R2.avi,1,18,3,2,194
N0283V2S1A09R2.avi,1,9,2,2,283
N0066V1S1A29R2.avi,1,29,1,2,66
N0160V3S1A03R2.avi,1,3,3,2,160
N0228V1S1A03R2.avi,1,3,1,2,228
N0226V1S1A04R2.avi,1,4,1,2,226
N0201V2S1A29R2.avi,1,29,2,2,201
N0282V1S1A04R2.avi,1,4,1,2,282
N0073V2S1A39R2.avi,1,39,2,2,73
N0259V3S1A34R2.avi,1,34,3,2,259
N0168V1S1A32R2.avi,1,32,1,2,168
N0050V2S1A51R2.avi,1,51,2,2,50
N0149V2S1A11R2.avi,1,11,2,2,149
N0353V3S1A11R2.avi,1,11,3,2,353
N0118V1S1A02R2.avi,1,2,1,2,118
N0203V3S1A42R2.avi,1,42,3,2,203
N0051V2S1A32R2.avi,1,32,2,2,51
N0061V3S1A29R2.avi,1,29,3,2,61
N0029V2S1A08R2.avi,1,8,2,2,29
N0042V2S1A28R2.avi,1,28,2,2,42
N0014V3S1A18R2.avi,1,18,3,2,14
N0218V1S1A02R2.avi,1,2,1,2,218
N0069V3S1A23R2.avi,1,23,3,2,69
N0139V1S1A29R2.avi,1,29,1,2,139
N0016V1S1A51R2.avi,1,51,1,2,16
N0288V3S1A17R2.avi,1,17,3,2,288
N0103V2S1A45R2.avi,1,45,2,2,103
N0202V1S1A29R2.avi,1,29,1,2,202
N0335V2S1A28R2.avi,1,28,2,2,335
N0057V1S1A44R2.avi,1,44,1,2,57
N0241V2S1A51R2.avi,1,51,2,2,241
N0351V1S1A46R2.avi,1,46,1,2,351
N0061V2S1A43R2.avi,1,43,2,2,61
N0162V1S1A06R2.avi,1,6,1,2,162
N0253V1S1A09R2.avi,1,9,1,2,253
N0337V3S1A09R2.avi,1,9,3,2,337
N0089V2S1A45R1.avi,1,45,2,1,89
N0173V2S1A38R2.avi,1,38,2,2,173
N0156V3S1A49R2.avi,1,49,3,2,156
N0063V2S1A38R2.avi,1,38,2,2,63
N0280V3S1A04R2.avi,1,4,3,2,280
N0010V1S1A39R2.avi,1,39,1,2,10
N0119V2S1A17R2.avi,1,17,2,2,119
N0137V2S1A48R2.avi,1,48,2,2,137
N0242V2S1A06R2.avi,1,6,2,2,242
N0062V2S1A17R2.avi,1,17,2,2,62
N0151V1S1A29R2.avi,1,29,1,2,151
N0347V2S1A39R2.avi,1,39,2,2,347
N0083V2S1A23R2.avi,1,23,2,2,83
N0237V2S1A19R2.avi,1,19,2,2,237
N0132V3S1A08R2.avi,1,8,3,2,132
N0050V2S1A23R2.avi,1,23,2,2,50
N0021V2S1A40R2.avi,1,40,2,2,21
N0003V1S1A46R2.avi,1,46,1,2,3
N0345V3S1A10R2.avi,1,10,3,2,345
N0082V2S1A49R2.avi,1,49,2,2,82
N0079V3S1A15R2.avi,1,15,3,2,79
N0351V3S1A32R2.avi,1,32,3,2,351
N0345V1S1A17R2.avi,1,17,1,2,345
N0068V1S1A51R2.avi,1,51,1,2,68
N0141V2S1A07R2.avi,1,7,2,2,141
N0065V1S1A27R2.avi,1,27,1,2,65
N0223V3S1A06R2.avi,1,6,3,2,223
N0109V3S1A15R2.avi,1,15,3,2,109
N0142V2S1A48R2.avi,1,48,2,2,142
N0354V1S1A02R2.avi,1,2,1,2,354
N0143V2S1A41R2.avi,1,41,2,2,143
N0097V2S1A39R2.avi,1,39,2,2,97
N0025V1S1A27R2.avi,1,27,1,2,25
N0218V3S1A04R2.avi,1,4,3,2,218
N0118V2S1A22R2.avi,1,22,2,2,118
N0240V1S1A22R2.avi,1,22,1,2,240
N0283V3S1A39R2.avi,1,39,3,2,283
N0168V2S1A35R2.avi,1,35,2,2,168
N0126V3S1A22R2.avi,1,22,3,2,126
N0077V3S1A44R2.avi,1,44,3,2,77
N0234V2S1A24R2.avi,1,24,2,2,234
N0353V2S1A01R2.avi,1,1,2,2,353
N0178V3S1A50R2.avi,1,50,3,2,178
N0216V3S1A41R2.avi,1,41,3,2,216
N0033V1S1A42R2.avi,1,42,1,2,33
N0057V1S1A50R2.avi,1,50,1,2,57
N0001V1S1A32R2.avi,1,32,1,2,1
N0203V3S1A17R2.avi,1,17,3,2,203
N0116V2S1A10R2.avi,1,10,2,2,116
N0362V3S1A44R2.avi,1,44,3,2,362
N0165V1S1A12R2.avi,1,12,1,2,165
N0154V2S1A27R2.avi,1,27,2,2,154
N0001V3S1A44R2.avi,1,44,3,2,1
N0277V2S1A08R2.avi,1,8,2,2,277
N0259V1S1A46R2.avi,1,46,1,2,259
N0077V1S1A45R2.avi,1,45,1,2,77
N0168V3S1A51R2.avi,1,51,3,2,168
N0267V2S1A44R2.avi,1,44,2,2,267
N0221V3S1A03R2.avi,1,3,3,2,221
N0251V2S1A43R2.avi,1,43,2,2,251
N0121V1S1A45R2.avi,1,45,1,2,121
N0073V3S1A11R2.avi,1,11,3,2,73
N0179V1S1A31R2.avi,1,31,1,2,179
N0016V3S1A34R2.avi,1,34,3,2,16
N0093V2S1A09R2.avi,1,9,2,2,93
N0049V1S1A44R2.avi,1,44,1,2,49
N0176V1S1A28R2.avi,1,28,1,2,176
N0357V1S1A38R2.avi,1,38,1,2,357
N0023V2S1A39R2.avi,1,39,2,2,23
N0160V3S1A46R2.avi,1,46,3,2,160
N0281V1S1A34R2.avi,1,34,1,2,281
N0230V3S1A45R2.avi,1,45,3,2,230
N0058V3S1A05R2.avi,1,5,3,2,58
N0360V1S1A41R2.avi,1,41,1,2,360
N0116V3S1A20R2.avi,1,20,3,2,116
N0161V1S1A02R2.avi,1,2,1,2,161
N0207V3S1A41R2.avi,1,41,3,2,207
N0056V1S1A33R2.avi,1,33,1,2,56
N0089V3S1A32R2.avi,1,32,3,2,89
N0120V3S1A11R1.avi,1,11,3,1,120
N0356V2S1A41R2.avi,1,41,2,2,356
N0148V3S1A47R2.avi,1,47,3,2,148
N0277V2S1A45R2.avi,1,45,2,2,277
N0091V1S1A15R2.avi,1,15,1,2,91
N0126V3S1A02R2.avi,1,2,3,2,126
N0076V1S1A38R2.avi,1,38,1,2,76
N0221V1S1A48R2.avi,1,48,1,2,221
N0057V1S1A06R2.avi,1,6,1,2,57
N0343V2S1A34R2.avi,1,34,2,2,343
N0273V1S1A44R2.avi,1,44,1,2,273
N0160V1S1A08R2.avi,1,8,1,2,160
N0340V3S1A43R1.avi,1,43,3,1,340
N0363V1S1A15R2.avi,1,15,1,2,363
N0122V2S1A23R2.avi,1,23,2,2,122
N0232V3S1A38R2.avi,1,38,3,2,232
N0278V1S1A22R2.avi,1,22,1,2,278
N0240V2S1A09R2.avi,1,9,2,2,240
N0210V3S1A29R2.avi,1,29,3,2,210
N0169V1S1A39R2.avi,1,39,1,2,169
N0361V2S1A44R2.avi,1,44,2,2,361
N0111V2S1A08R2.avi,1,8,2,2,111
N0163V1S1A05R2.avi,1,5,1,2,163
N0178V3S1A35R2.avi,1,35,3,2,178
N0153V2S1A42R2.avi,1,42,2,2,153
N0116V1S1A11R2.avi,1,11,1,2,116
N0079V2S1A41R2.avi,1,41,2,2,79
N0198V2S1A09R2.avi,1,9,2,2,198
N0259V3S1A11R2.avi,1,11,3,2,259
N0119V3S1A29R2.avi,1,29,3,2,119
N0001V2S1A11R2.avi,1,11,2,2,1
N0289V3S1A29R2.avi,1,29,3,2,289
N0041V3S1A31R2.avi,1,31,3,2,41
N0138V3S1A01R2.avi,1,1,3,2,138
N0170V3S1A37R2.avi,1,37,3,2,170
N0058V3S1A33R2.avi,1,33,3,2,58
N0143V2S1A35R0.avi,1,35,2,0,143
N0274V1S1A22R2.avi,1,22,1,2,274
N0112V1S1A45R2.avi,1,45,1,2,112
N0196V3S1A17R2.avi,1,17,3,2,196
N0287V3S1A30R2.avi,1,30,3,2,287
N0112V3S1A29R2.avi,1,29,3,2,112
N0263V2S1A45R2.avi,1,45,2,2,263
N0067V3S1A44R2.avi,1,44,3,2,67
N0062V2S1A28R2.avi,1,28,2,2,62
N0040V3S1A37R2.avi,1,37,3,2,40
N0100V1S1A30R2.avi,1,30,1,2,100
N0345V2S1A15R2.avi,1,15,2,2,345
N0080V1S1A49R2.avi,1,49,1,2,80
N0152V3S1A10R2.avi,1,10,3,2,152
N0209V2S1A09R2.avi,1,9,2,2,209
N0004V1S1A26R2.avi,1,26,1,2,4
N0017V2S1A05R2.avi,1,5,2,2,17
N0237V1S1A43R2.avi,1,43,1,2,237
N0212V2S1A48R2.avi,1,48,2,2,212
N0251V2S1A47R2.avi,1,47,2,2,251
N0019V2S1A29R2.avi,1,29,2,2,19
N0237V3S1A36R2.avi,1,36,3,2,237
N0009V2S1A06R2.avi,1,6,2,2,9
N0082V1S1A17R2.avi,1,17,1,2,82
N0335V1S1A39R2.avi,1,39,1,2,335
N0221V2S1A37R2.avi,1,37,2,2,221
N0051V3S1A40R2.avi,1,40,3,2,51
N0225V3S1A24R2.avi,1,24,3,2,225
N0032V3S1A06R2.avi,1,6,3,2,32
N0021V1S1A44R0.avi,1,44,1,0,21
N0128V2S1A08R2.avi,1,8,2,2,128
N0151V1S1A02R2.avi,1,2,1,2,151
N0158V2S1A28R2.avi,1,28,2,2,158
N0023V1S1A09R2.avi,1,9,1,2,23
N0236V3S1A36R2.avi,1,36,3,2,236
N0360V2S1A50R2.avi,1,50,2,2,360
N0190V2S1A17R2.avi,1,17,2,2,190
N0043V3S1A41R2.avi,1,41,3,2,43
N0252V1S1A32R2.avi,1,32,1,2,252
N0213V2S1A51R2.avi,1,51,2,2,213
N0186V1S1A10R2.avi,1,10,1,2,186
N0202V2S1A47R2.avi,1,47,2,2,202
N0053V3S1A38R2.avi,1,38,3,2,53
N0048V2S1A37R2.avi,1,37,2,2,48
N0142V1S1A37R2.avi,1,37,1,2,142
N0228V1S1A33R2.avi,1,33,1,2,228
N0050V1S1A34R2.avi,1,34,1,2,50
N0345V3S1A15R2.avi,1,15,3,2,345
N0088V1S1A17R2.avi,1,17,1,2,88
N0141V1S1A13R2.avi,1,13,1,2,141
N0053V1S1A31R2.avi,1,31,1,2,53
N0350V2S1A42R2.avi,1,42,2,2,350
N0355V3S1A38R2.avi,1,38,3,2,355
N0127V2S1A05R2.avi,1,5,2,2,127
N0272V1S1A04R2.avi,1,4,1,2,272
N0198V2S1A20R2.avi,1,20,2,2,198
N0062V2S1A40R2.avi,1,40,2,2,62
N0150V1S1A01R2.avi,1,1,1,2,150
N0195V1S1A18R2.avi,1,18,1,2,195
N0143V3S1A22R2.avi,1,22,3,2,143
N0360V2S1A51R2.avi,1,51,2,2,360
N0253V2S1A15R2.avi,1,15,2,2,253
N0103V2S1A44R2.avi,1,44,2,2,103
N0274V3S1A40R2.avi,1,40,3,2,274
N0171V1S1A04R2.avi,1,4,1,2,171
N0021V2S1A11R2.avi,1,11,2,2,21
N0012V1S1A07R2.avi,1,7,1,2,12
N0282V3S1A31R2.avi,1,31,3,2,282
N0178V3S1A29R2.avi,1,29,3,2,178
N0180V3S1A23R2.avi,1,23,3,2,180
N0106V2S1A33R2.avi,1,33,2,2,106
N0262V1S1A44R2.avi,1,44,1,2,262
N0231V1S1A32R2.avi,1,32,1,2,231
N0250V2S1A48R2.avi,1,48,2,2,250
N0341V1S1A39R2.avi,1,39,1,2,341
N0342V3S1A05R2.avi,1,5,3,2,342
N0363V3S1A45R2.avi,1,45,3,2,363
N0288V2S1A01R2.avi,1,1,2,2,288
N0359V2S1A24R2.avi,1,24,2,2,359
N0103V3S1A09R2.avi,1,9,3,2,103
N0040V3S1A48R2.avi,1,48,3,2,40
N0178V3S1A34R2.avi,1,34,3,2,178
N0139V1S1A31R2.avi,1,31,1,2,139
N0061V1S1A29R2.avi,1,29,1,2,61
N0162V2S1A01R2.avi,1,1,2,2,162
N0062V1S1A35R2.avi,1,35,1,2,62
N0127V3S1A05R2.avi,1,5,3,2,127
N0049V3S1A20R2.avi,1,20,3,2,49
N0084V1S1A27R2.avi,1,27,1,2,84
N0113V1S1A07R2.avi,1,7,1,2,113
N0259V1S1A33R2.avi,1,33,1,2,259
N0230V3S1A08R2.avi,1,8,3,2,230
N0127V3S1A32R2.avi,1,32,3,2,127
N0180V2S1A03R2.avi,1,3,2,2,180
N0147V2S1A02R2.avi,1,2,2,2,147
N0024V1S1A16R2.avi,1,16,1,2,24
N0335V3S1A37R2.avi,1,37,3,2,335
N0237V3S1A03R2.avi,1,3,3,2,237
N0280V3S1A39R2.avi,1,39,3,2,280
N0176V1S1A10R2.avi,1,10,1,2,176
N0184V1S1A24R2.avi,1,24,1,2,184
N0149V1S1A38R2.avi,1,38,1,2,149
N0221V1S1A50R2.avi,1,50,1,2,221
N0289V1S1A34R2.avi,1,34,1,2,289
N0030V2S1A35R1.avi,1,35,2,1,30
N0159V3S1A45R2.avi,1,45,3,2,159
N0256V3S1A36R2.avi,1,36,3,2,256
N0163V1S1A29R2.avi,1,29,1,2,163
N0130V3S1A29R2.avi,1,29,3,2,130
N0090V3S1A30R2.avi,1,30,3,2,90
N0280V3S1A10R2.avi,1,10,3,2,280
N0046V1S1A29R2.avi,1,29,1,2,46
N0051V1S1A15R2.avi,1,15,1,2,51
N0170V3S1A03R2.avi,1,3,3,2,170
N0120V3S1A48R2.avi,1,48,3,2,120
N0121V1S1A38R2.avi,1,38,1,2,121
N0268V3S1A34R2.avi,1,34,3,2,268
N0095V2S1A26R2.avi,1,26,2,2,95
N0336V2S1A48R2.avi,1,48,2,2,336
N0152V1S1A47R2.avi,1,47,1,2,152
N0123V1S1A23R2.avi,1,23,1,2,123
N0166V1S1A39R2.avi,1,39,1,2,166
N0061V3S1A11R2.avi,1,11,3,2,61
N0173V3S1A05R2.avi,1,5,3,2,173
N0070V1S1A51R2.avi,1,51,1,2,70
N0354V3S1A22R2.avi,1,22,3,2,354
N0063V1S1A08R2.avi,1,8,1,2,63
N0257V2S1A47R2.avi,1,47,2,2,257
N0223V1S1A51R2.avi,1,51,1,2,223
N0158V1S1A47R2.avi,1,47,1,2,158
N0168V2S1A29R2.avi,1,29,2,2,168
N0102V3S1A33R2.avi,1,33,3,2,102
N0167V1S1A07R2.avi,1,7,1,2,167
N0233V1S1A49R2.avi,1,49,1,2,233
N0344V2S1A38R2.avi,1,38,2,2,344
N0202V3S1A38R2.avi,1,38,3,2,202
N0138V1S1A04R2.avi,1,4,1,2,138
N0127V2S1A43R2.avi,1,43,2,2,127
N0065V2S1A12R2.avi,1,12,2,2,65
N0229V1S1A38R2.avi,1,38,1,2,229
N0214V1S1A14R2.avi,1,14,1,2,214
N0014V1S1A12R2.avi,1,12,1,2,14
N0026V1S1A10R2.avi,1,10,1,2,26
N0363V1S1A17R2.avi,1,17,1,2,363
N0123V2S1A37R2.avi,1,37,2,2,123
N0158V1S1A02R2.avi,1,2,1,2,158
N0046V3S1A48R2.avi,1,48,3,2,46
N0017V3S1A45R0.avi,1,45,3,0,17
N0018V3S1A47R2.avi,1,47,3,2,18
N0223V2S1A22R2.avi,1,22,2,2,223
N0041V1S1A41R2.avi,1,41,1,2,41
N0287V3S1A38R2.avi,1,38,3,2,287
N0023V2S1A38R2.avi,1,38,2,2,23
N0250V3S1A35R2.avi,1,35,3,2,250
N0087V1S1A45R2.avi,1,45,1,2,87
N0176V3S1A08R2.avi,1,8,3,2,176
N0338V1S1A24R2.avi,1,24,1,2,338
N0036V2S1A28R1.avi,1,28,2,1,36
N0104V3S1A27R2.avi,1,27,3,2,104
N0211V1S1A17R2.avi,1,17,1,2,211
N0241V1S1A08R2.avi,1,8,1,2,241
N0136V2S1A34R2.avi,1,34,2,2,136
N0113V1S1A11R2.avi,1,11,1,2,113
N0080V2S1A08R2.avi,1,8,2,2,80
N0073V1S1A42R2.avi,1,42,1,2,73
N0136V3S1A10R2.avi,1,10,3,2,136
N0264V2S1A22R2.avi,1,22,2,2,264
N0253V1S1A46R2.avi,1,46,1,2,253
N0230V2S1A31R2.avi,1,31,2,2,230
N0133V3S1A13R2.avi,1,13,3,2,133
N0052V2S1A07R2.avi,1,7,2,2,52
N0241V1S1A45R2.avi,1,45,1,2,241
N0083V3S1A42R2.avi,1,42,3,2,83
N0053V3S1A32R2.avi,1,32,3,2,53
N0363V2S1A10R2.avi,1,10,2,2,363
N0080V2S1A51R2.avi,1,51,2,2,80
N0156V3S1A30R2.avi,1,30,3,2,156
N0088V3S1A07R2.avi,1,7,3,2,88
N0130V1S1A28R0.avi,1,28,1,0,130
N0102V2S1A47R2.avi,1,47,2,2,102
N0111V1S1A36R2.avi,1,36,1,2,111
N0266V2S1A49R2.avi,1,49,2,2,266
N0072V2S1A02R2.avi,1,2,2,2,72
N0287V1S1A15R2.avi,1,15,1,2,287
N0120V2S1A38R2.avi,1,38,2,2,120
N0188V2S1A50R2.avi,1,50,2,2,188
N0086V1S1A03R2.avi,1,3,1,2,86
N0047V3S1A17R2.avi,1,17,3,2,47
N0262V2S1A35R2.avi,1,35,2,2,262
N0215V2S1A26R2.avi,1,26,2,2,215
N0258V2S1A51R2.avi,1,51,2,2,258
N0200V1S1A33R2.avi,1,33,1,2,200
N0183V1S1A17R2.avi,1,17,1,2,183
N0121V2S1A29R2.avi,1,29,2,2,121
N0182V3S1A37R2.avi,1,37,3,2,182
N0334V3S1A09R2.avi,1,9,3,2,334
N0181V2S1A20R2.avi,1,20,2,2,181
N0122V1S1A45R2.avi,1,45,1,2,122
N0196V1S1A07R2.avi,1,7,1,2,196
N0131V3S1A43R2.avi,1,43,3,2,131
N0022V3S1A30R2.avi,1,30,3,2,22
N0351V3S1A31R2.avi,1,31,3,2,351
N0197V3S1A05R2.avi,1,5,3,2,197
N0172V1S1A23R2.avi,1,23,1,2,172
N0100V1S1A39R2.avi,1,39,1,2,100
N0016V3S1A51R2.avi,1,51,3,2,16
N0049V2S1A32R2.avi,1,32,2,2,49
N0279V3S1A50R2.avi,1,50,3,2,279
N0041V2S1A13R2.avi,1,13,2,2,41
N0187V2S1A13R2.avi,1,13,2,2,187
N0083V2S1A44R2.avi,1,44,2,2,83
N0140V1S1A48R2.avi,1,48,1,2,140
N0129V1S1A31R2.avi,1,31,1,2,129
N0232V2S1A33R2.avi,1,33,2,2,232
N0266V1S1A03R2.avi,1,3,1,2,266
N0191V1S1A35R2.avi,1,35,1,2,191
N0144V2S1A21R2.avi,1,21,2,2,144
N0091V3S1A09R2.avi,1,9,3,2,91
N0183V1S1A44R2.avi,1,44,1,2,183
N0237V1S1A28R2.avi,1,28,1,2,237
N0204V2S1A14R2.avi,1,14,2,2,204
N0199V1S1A33R2.avi,1,33,1,2,199
N0350V1S1A41R2.avi,1,41,1,2,350
N0147V2S1A19R2.avi,1,19,2,2,147
N0286V3S1A36R2.avi,1,36,3,2,286
N0066V3S1A39R2.avi,1,39,3,2,66
N0040V1S1A25R2.avi,1,25,1,2,40
N0203V1S1A31R2.avi,1,31,1,2,203
N0334V1S1A05R2.avi,1,5,1,2,334
N0054V1S1A26R2.avi,1,26,1,2,54
N0129V2S1A51R2.avi,1,51,2,2,129
N0031V1S1A04R2.avi,1,4,1,2,31
N0030V3S1A01R2.avi,1,1,3,2,30
N0081V1S1A41R2.avi,1,41,1,2,81
N0031V2S1A40R2.avi,1,40,2,2,31
N0193V2S1A38R2.avi,1,38,2,2,193
N0012V2S1A13R2.avi,1,13,2,2,12
N0070V1S1A01R2.avi,1,1,1,2,70
N0042V3S1A49R2.avi,1,49,3,2,42
N0145V3S1A18R2.avi,1,18,3,2,145
N0181V1S1A04R2.avi,1,4,1,2,181
N0026V2S1A23R2.avi,1,23,2,2,26
N0242V3S1A05R2.avi,1,5,3,2,242
N0151V3S1A03R1.avi,1,3,3,1,151
N0354V3S1A06R2.avi,1,6,3,2,354
N0353V2S1A34R2.avi,1,34,2,2,353
N0252V3S1A40R2.avi,1,40,3,2,252
N0169V1S1A13R2.avi,1,13,1,2,169
N0106V3S1A25R2.avi,1,25,3,2,106
N0261V3S1A16R2.avi,1,16,3,2,261
N0131V2S1A46R2.avi,1,46,2,2,131
N0050V3S1A03R2.avi,1,3,3,2,50
N0258V1S1A48R2.avi,1,48,1,2,258
N0001V2S1A23R2.avi,1,23,2,2,1
N0097V2S1A48R2.avi,1,48,2,2,97
N0210V2S1A51R2.avi,1,51,2,2,210
N0218V1S1A10R2.avi,1,10,1,2,218
N0063V1S1A43R2.avi,1,43,1,2,63
N0263V3S1A07R2.avi,1,7,3,2,263
N0149V2S1A41R2.avi,1,41,2,2,149
N0003V3S1A47R1.avi,1,47,3,1,3
N0173V1S1A17R2.avi,1,17,1,2,173
N0138V2S1A35R2.avi,1,35,2,2,138
N0180V3S1A49R2.avi,1,49,3,2,180
N0148V2S1A30R2.avi,1,30,2,2,148
N0223V2S1A11R2.avi,1,11,2,2,223
N0223V1S1A11R2.avi,1,11,1,2,223
N0345V3S1A45R2.avi,1,45,3,2,345
N0092V2S1A37R2.avi,1,37,2,2,92
N0021V1S1A09R2.avi,1,9,1,2,21
N0274V1S1A35R2.avi,1,35,1,2,274
N0121V3S1A43R1.avi,1,43,3,1,121
N0106V2S1A37R2.avi,1,37,2,2,106
N0208V3S1A29R2.avi,1,29,3,2,208
N0211V2S1A35R2.avi,1,35,2,2,211
N0242V3S1A28R2.avi,1,28,3,2,242
N0349V1S1A24R2.avi,1,24,1,2,349
N0061V3S1A32R2.avi,1,32,3,2,61
N0220V2S1A47R2.avi,1,47,2,2,220
N0089V1S1A39R2.avi,1,39,1,2,89
N0043V3S1A45R2.avi,1,45,3,2,43
N0151V2S1A29R2.avi,1,29,2,2,151
N0245V1S1A16R2.avi,1,16,1,2,245
N0065V2S1A16R2.avi,1,16,2,2,65
N0146V1S1A10R2.avi,1,10,1,2,146
N0275V2S1A13R2.avi,1,13,2,2,275
N0284V3S1A26R2.avi,1,26,3,2,284
N0007V1S1A29R2.avi,1,29,1,2,7
N0271V1S1A12R2.avi,1,12,1,2,271
N0201V3S1A39R2.avi,1,39,3,2,201
N0026V3S1A23R2.avi,1,23,3,2,26
N0211V3S1A06R2.avi,1,6,3,2,211
N0030V2S1A33R2.avi,1,33,2,2,30
N0101V3S1A05R2.avi,1,5,3,2,101
N0206V1S1A42R2.avi,1,42,1,2,206
N0077V1S1A06R2.avi,1,6,1,2,77
N0039V1S1A15R2.avi,1,15,1,2,39
N0351V3S1A15R2.avi,1,15,3,2,351
N0277V1S1A06R2.avi,1,6,1,2,277
N0056V1S1A37R2.avi,1,37,1,2,56
N0263V2S1A38R2.avi,1,38,2,2,263
N0057V2S1A29R2.avi,1,29,2,2,57
N0124V2S1A21R2.avi,1,21,2,2,124
N0158V2S1A03R2.avi,1,3,2,2,158
N0155V2S1A27R1.avi,1,27,2,1,155
N0143V2S1A09R2.avi,1,9,2,2,143
N0046V1S1A02R2.avi,1,2,1,2,46
N0280V1S1A36R2.avi,1,36,1,2,280
N0182V1S1A06R2.avi,1,6,1,2,182
N0254V2S1A16R2.avi,1,16,2,2,254
N0179V3S1A04R2.avi,1,4,3,2,179
N0097V3S1A31R2.avi,1,31,3,2,97
N0108V1S1A06R2.avi,1,6,1,2,108
N0187V3S1A45R2.avi,1,45,3,2,187
N0166V2S1A36R2.avi,1,36,2,2,166
N0344V1S1A43R2.avi,1,43,1,2,344
N0242V1S1A02R2.avi,1,2,1,2,242
N0137V1S1A46R2.avi,1,46,1,2,137
N0021V2S1A50R2.avi,1,50,2,2,21
N0352V3S1A38R2.avi,1,38,3,2,352
N0070V1S1A02R2.avi,1,2,1,2,70
N0240V3S1A36R2.avi,1,36,3,2,240
N0231V3S1A39R2.avi,1,39,3,2,231
N0250V2S1A11R2.avi,1,11,2,2,250
N0254V2S1A14R2.avi,1,14,2,2,254
N0201V2S1A20R2.avi,1,20,2,2,201
N0214V1S1A18R2.avi,1,18,1,2,214
N0218V3S1A42R2.avi,1,42,3,2,218
N0160V1S1A46R2.avi,1,46,1,2,160
N0223V1S1A30R2.avi,1,30,1,2,223
N0111V1S1A31R2.avi,1,31,1,2,111
N0283V3S1A22R2.avi,1,22,3,2,283
N0278V1S1A02R2.avi,1,2,1,2,278
N0026V2S1A33R2.avi,1,33,2,2,26
N0073V1S1A23R1.avi,1,23,1,1,73
N0072V3S1A37R2.avi,1,37,3,2,72
N0262V2S1A37R2.avi,1,37,2,2,262
N0111V1S1A43R2.avi,1,43,1,2,111
N0227V1S1A13R2.avi,1,13,1,2,227
N0276V1S1A39R2.avi,1,39,1,2,276
N0198V3S1A39R2.avi,1,39,3,2,198
N0098V2S1A04R2.avi,1,4,2,2,98
N0149V2S1A40R2.avi,1,40,2,2,149
N0200V1S1A29R2.avi,1,29,1,2,200
N0237V2S1A31R2.avi,1,31,2,2,237
N0337V3S1A08R2.avi,1,8,3,2,337
N0265V1S1A09R2.avi,1,9,1,2,265
N0206V3S1A47R2.avi,1,47,3,2,206
N0278V2S1A33R2.avi,1,33,2,2,278
N0228V3S1A50R2.avi,1,50,3,2,228
N0031V3S1A22R2.avi,1,22,3,2,31
N0213V1S1A41R2.avi,1,41,1,2,213
N0348V3S1A27R2.avi,1,27,3,2,348
N0358V3S1A16R2.avi,1,16,3,2,358
N0280V2S1A35R2.avi,1,35,2,2,280
N0010V1S1A19R2.avi,1,19,1,2,10
N0180V3S1A03R2.avi,1,3,3,2,180
N0007V2S1A08R2.avi,1,8,2,2,7
N0021V3S1A29R2.avi,1,29,3,2,21
N0101V3S1A09R2.avi,1,9,3,2,101
N0079V2S1A09R2.avi,1,9,2,2,79
N0097V3S1A17R2.avi,1,17,3,2,97
N0238V3S1A10R2.avi,1,10,3,2,238
N0190V2S1A45R2.avi,1,45,2,2,190
N0036V3S1A19R2.avi,1,19,3,2,36
N0269V2S1A33R2.avi,1,33,2,2,269
N0223V2S1A40R2.avi,1,40,2,2,223
N0177V2S1A42R2.avi,1,42,2,2,177
N0169V1S1A31R2.avi,1,31,1,2,169
N0028V3S1A05R2.avi,1,5,3,2,28
N0207V3S1A39R2.avi,1,39,3,2,207
N0167V1S1A13R2.avi,1,13,1,2,167
N0175V1S1A26R1.avi,1,26,1,1,175
N0103V2S1A08R2.avi,1,8,2,2,103
N0089V1S1A38R2.avi,1,38,1,2,89
N0033V3S1A29R2.avi,1,29,3,2,33
N0079V3S1A19R2.avi,1,19,3,2,79
N0020V2S1A19R2.avi,1,19,2,2,20
N0218V1S1A37R2.avi,1,37,1,2,218
N0259V1S1A19R2.avi,1,19,1,2,259
N0179V3S1A42R2.avi,1,42,3,2,179
N0259V2S1A49R2.avi,1,49,2,2,259
N0239V3S1A37R2.avi,1,37,3,2,239
N0289V3S1A36R2.avi,1,36,3,2,289
N0232V2S1A29R2.avi,1,29,2,2,232
N0211V1S1A36R2.avi,1,36,1,2,211
N0192V1S1A37R2.avi,1,37,1,2,192
N0217V1S1A42R2.avi,1,42,1,2,217
N0264V2S1A33R2.avi,1,33,2,2,264
N0045V3S1A24R2.avi,1,24,3,2,45
N0036V2S1A36R2.avi,1,36,2,2,36
N0031V1S1A32R2.avi,1,32,1,2,31
N0012V1S1A01R2.avi,1,1,1,2,12
N0065V1S1A21R2.avi,1,21,1,2,65
N0216V1S1A01R2.avi,1,1,1,2,216
N0193V2S1A30R2.avi,1,30,2,2,193
N0356V3S1A29R2.avi,1,29,3,2,356
N0214V3S1A21R2.avi,1,21,3,2,214
N0241V3S1A34R2.avi,1,34,3,2,241
N0126V3S1A23R2.avi,1,23,3,2,126
N0040V2S1A51R2.avi,1,51,2,2,40
N0076V2S1A03R2.avi,1,3,2,2,76
N0099V3S1A34R2.avi,1,34,3,2,99
N0217V3S1A19R2.avi,1,19,3,2,217
N0185V2S1A26R2.avi,1,26,2,2,185
N0240V3S1A03R2.avi,1,3,3,2,240
N0033V2S1A44R2.avi,1,44,2,2,33
N0050V2S1A47R2.avi,1,47,2,2,50
N0097V2S1A45R2.avi,1,45,2,2,97
N0221V2S1A35R2.avi,1,35,2,2,221
N0341V1S1A28R2.avi,1,28,1,2,341
N0173V2S1A13R2.avi,1,13,2,2,173
N0081V3S1A06R2.avi,1,6,3,2,81
N0253V2S1A38R2.avi,1,38,2,2,253
N0363V1S1A39R2.avi,1,39,1,2,363
N0262V3S1A01R2.avi,1,1,3,2,262
N0107V2S1A17R2.avi,1,17,2,2,107
N0187V1S1A23R2.avi,1,23,1,2,187
N0093V3S1A04R2.avi,1,4,3,2,93
N0119V2S1A32R2.avi,1,32,2,2,119
N0288V3S1A04R2.avi,1,4,3,2,288
N0096V1S1A46R2.avi,1,46,1,2,96
N0048V2S1A05R2.avi,1,5,2,2,48
N0006V1S1A37R2.avi,1,37,1,2,6
N0336V3S1A19R2.avi,1,19,3,2,336
N0198V2S1A51R2.avi,1,51,2,2,198
N0232V3S1A17R2.avi,1,17,3,2,232
N0363V3S1A46R2.avi,1,46,3,2,363
N0026V2S1A46R2.avi,1,46,2,2,26
N0023V1S1A22R2.avi,1,22,1,2,23
N0152V2S1A08R2.avi,1,8,2,2,152
N0282V2S1A01R2.avi,1,1,2,2,282
N0281V2S1A38R2.avi,1,38,2,2,281
N0271V1S1A26R2.avi,1,26,1,2,271
N0224V2S1A24R2.avi,1,24,2,2,224
N0097V3S1A36R2.avi,1,36,3,2,97
N0267V2S1A43R2.avi,1,43,2,2,267
N0096V3S1A07R2.avi,1,7,3,2,96
N0055V1S1A16R2.avi,1,16,1,2,55
N0144V2S1A27R2.avi,1,27,2,2,144
N0339V3S1A16R2.avi,1,16,3,2,339
N0278V2S1A02R2.avi,1,2,2,2,278
N0263V3S1A34R2.avi,1,34,3,2,263
N0108V1S1A49R2.avi,1,49,1,2,108
N0016V2S1A29R2.avi,1,29,2,2,16
N0038V3S1A51R2.avi,1,51,3,2,38
N0179V1S1A43R2.avi,1,43,1,2,179
N0069V1S1A19R2.avi,1,19,1,2,69
N0098V3S1A43R2.avi,1,43,3,2,98
N0196V2S1A23R2.avi,1,23,2,2,196
N0286V2S1A29R2.avi,1,29,2,2,286
N0024V1S1A18R2.avi,1,18,1,2,24
N0049V1S1A04R2.avi,1,4,1,2,49
N0338V2S1A18R2.avi,1,18,2,2,338
N0022V2S1A34R2.avi,1,34,2,2,22
N0350V2S1A20R2.avi,1,20,2,2,350
N0054V3S1A26R2.avi,1,26,3,2,54
N0289V3S1A44R2.avi,1,44,3,2,289
N0197V1S1A31R2.avi,1,31,1,2,197
N0119V3S1A47R2.avi,1,47,3,2,119
N0031V3S1A44R2.avi,1,44,3,2,31
N0334V2S1A38R2.avi,1,38,2,2,334
N0092V2S1A01R2.avi,1,1,2,2,92
N0050V1S1A19R2.avi,1,19,1,2,50
N0267V1S1A32R2.avi,1,32,1,2,267
N0161V3S1A45R2.avi,1,45,3,2,161
N0079V1S1A38R2.avi,1,38,1,2,79
N0241V1S1A47R2.avi,1,47,1,2,241
N0154V2S1A16R2.avi,1,16,2,2,154
N0352V3S1A05R2.avi,1,5,3,2,352
N0070V1S1A23R1.avi,1,23,1,1,70
N0127V1S1A23R2.avi,1,23,1,2,127
N0100V1S1A29R2.avi,1,29,1,2,100
N0131V2S1A50R2.avi,1,50,2,2,131
N0071V3S1A22R2.avi,1,22,3,2,71
N0217V2S1A33R2.avi,1,33,2,2,217
N0142V2S1A25R2.avi,1,25,2,2,142
N0222V2S1A10R2.avi,1,10,2,2,222
N0102V3S1A15R2.avi,1,15,3,2,102
N0012V1S1A03R2.avi,1,3,1,2,12
N0180V1S1A30R2.avi,1,30,1,2,180
N0087V3S1A32R2.avi,1,32,3,2,87
N0010V3S1A23R2.avi,1,23,3,2,10
N0117V3S1A20R2.avi,1,20,3,2,117
N0172V1S1A34R2.avi,1,34,1,2,172
N0348V1S1A24R2.avi,1,24,1,2,348
N0259V2S1A08R2.avi,1,8,2,2,259
N0019V3S1A09R2.avi,1,9,3,2,19
N0105V3S1A24R2.avi,1,24,3,2,105
N0346V2S1A04R2.avi,1,4,2,2,346
N0119V1S1A20R2.avi,1,20,1,2,119
N0237V1S1A30R2.avi,1,30,1,2,237
N0337V2S1A25R2.avi,1,25,2,2,337
N0183V1S1A20R2.avi,1,20,1,2,183
N0340V3S1A20R2.avi,1,20,3,2,340
N0199V3S1A28R1.avi,1,28,3,1,199
N0182V3S1A03R2.avi,1,3,3,2,182
N0152V2S1A10R2.avi,1,10,2,2,152
N0345V3S1A33R2.avi,1,33,3,2,345
N0355V1S1A23R2.avi,1,23,1,2,355
N0233V1S1A06R2.avi,1,6,1,2,233
N0011V1S1A43R2.avi,1,43,1,2,11
N0070V3S1A34R2.avi,1,34,3,2,70
N0012V1S1A06R1.avi,1,6,1,1,12
N0252V3S1A06R2.avi,1,6,3,2,252
N0017V1S1A44R1.avi,1,44,1,1,17
N0159V3S1A44R2.avi,1,44,3,2,159
N0006V3S1A47R2.avi,1,47,3,2,6
N0241V1S1A17R2.avi,1,17,1,2,241
N0157V3S1A43R2.avi,1,43,3,2,157
N0159V1S1A40R2.avi,1,40,1,2,159
N0186V1S1A35R2.avi,1,35,1,2,186
N0343V1S1A01R2.avi,1,1,1,2,343
N0025V2S1A26R2.avi,1,26,2,2,25
N0102V1S1A30R2.avi,1,30,1,2,102
N0152V2S1A02R2.avi,1,2,2,2,152
N0226V1S1A51R2.avi,1,51,1,2,226
N0078V1S1A33R2.avi,1,33,1,2,78
N0336V2S1A29R2.avi,1,29,2,2,336
N0154V3S1A14R2.avi,1,14,3,2,154
N0236V2S1A22R2.avi,1,22,2,2,236
N0351V3S1A46R2.avi,1,46,3,2,351
N0356V1S1A34R2.avi,1,34,1,2,356
N0044V1S1A14R2.avi,1,14,1,2,44
N0012V2S1A17R2.avi,1,17,2,2,12
N0062V2S1A35R2.avi,1,35,2,2,62
N0109V3S1A44R2.avi,1,44,3,2,109
N0167V1S1A22R2.avi,1,22,1,2,167
N0163V2S1A31R2.avi,1,31,2,2,163
N0075V3S1A26R2.avi,1,26,3,2,75
N0013V3S1A42R1.avi,1,42,3,1,13
N0286V2S1A35R2.avi,1,35,2,2,286
N0273V1S1A25R2.avi,1,25,1,2,273
N0071V1S1A45R2.avi,1,45,1,2,71
N0276V1S1A33R2.avi,1,33,1,2,276
N0116V1S1A33R2.avi,1,33,1,2,116
N0070V3S1A47R2.avi,1,47,3,2,70
N0007V3S1A09R2.avi,1,9,3,2,7
N0133V2S1A39R2.avi,1,39,2,2,133
N0063V1S1A23R2.avi,1,23,1,2,63
N0143V1S1A02R2.avi,1,2,1,2,143
N0169V3S1A29R2.avi,1,29,3,2,169
N0028V2S1A47R2.avi,1,47,2,2,28
N0163V2S1A42R2.avi,1,42,2,2,163
N0197V1S1A10R2.avi,1,10,1,2,197
N0158V3S1A28R2.avi,1,28,3,2,158
N0138V2S1A02R2.avi,1,2,2,2,138
N0337V3S1A35R2.avi,1,35,3,2,337
N0150V2S1A45R2.avi,1,45,2,2,150
N0116V2S1A34R2.avi,1,34,2,2,116
N0090V1S1A39R2.avi,1,39,1,2,90
N0168V1S1A25R2.avi,1,25,1,2,168
N0232V3S1A51R2.avi,1,51,3,2,232
N0224V2S1A27R2.avi,1,27,2,2,224
N0221V1S1A05R2.avi,1,5,1,2,221
N0013V3S1A19R2.avi,1,19,3,2,13
N0045V1S1A14R2.avi,1,14,1,2,45
N0202V3S1A07R2.avi,1,7,3,2,202
N0162V2S1A34R2.avi,1,34,2,2,162
N0167V2S1A41R2.avi,1,41,2,2,167
N0342V2S1A48R2.avi,1,48,2,2,342
N0006V3S1A50R1.avi,1,50,3,1,6
N0347V3S1A31R2.avi,1,31,3,2,347
N0090V2S1A37R2.avi,1,37,2,2,90
N0111V1S1A08R2.avi,1,8,1,2,111
N0272V2S1A01R2.avi,1,1,2,2,272
N0199V1S1A37R2.avi,1,37,1,2,199
N0150V3S1A06R1.avi,1,6,3,1,150
N0216V2S1A11R2.avi,1,11,2,2,216
N0230V1S1A31R2.avi,1,31,1,2,230
N0357V2S1A51R2.avi,1,51,2,2,357
N0252V2S1A51R2.avi,1,51,2,2,252
N0122V2S1A08R2.avi,1,8,2,2,122
N0277V1S1A44R2.avi,1,44,1,2,277
N0062V1S1A13R2.avi,1,13,1,2,62
N0027V2S1A32R2.avi,1,32,2,2,27
N0277V1S1A39R2.avi,1,39,1,2,277
N0259V3S1A25R2.avi,1,25,3,2,259
N0129V2S1A46R2.avi,1,46,2,2,129
N0232V2S1A04R2.avi,1,4,2,2,232
N0022V3S1A05R2.avi,1,5,3,2,22
N0230V1S1A04R2.avi,1,4,1,2,230
N0013V3S1A11R2.avi,1,11,3,2,13
N0019V3S1A22R2.avi,1,22,3,2,19
N0101V1S1A32R2.avi,1,32,1,2,101
N0196V2S1A01R2.avi,1,1,2,2,196
N0213V3S1A11R2.avi,1,11,3,2,213
N0250V3S1A02R2.avi,1,2,3,2,250
N0080V3S1A29R2.avi,1,29,3,2,80
N0159V2S1A13R2.avi,1,13,2,2,159
N0243V1S1A33R2.avi,1,33,1,2,243
N0281V1S1A15R2.avi,1,15,1,2,281
N0129V3S1A13R2.avi,1,13,3,2,129
N0013V3S1A07R2.avi,1,7,3,2,13
N0182V3S1A33R2.avi,1,33,3,2,182
N0355V1S1A35R2.avi,1,35,1,2,355
N0056V3S1A34R2.avi,1,34,3,2,56
N0009V1S1A17R2.avi,1,17,1,2,9
N0123V3S1A30R2.avi,1,30,3,2,123
N0267V3S1A32R2.avi,1,32,3,2,267
N0047V2S1A44R2.avi,1,44,2,2,47
N0036V1S1A25R2.avi,1,25,1,2,36
N0240V1S1A37R2.avi,1,37,1,2,240
N0120V2S1A50R1.avi,1,50,2,1,120
N0156V3S1A35R2.avi,1,35,3,2,156
N0058V1S1A28R2.avi,1,28,1,2,58
N0090V1S1A36R2.avi,1,36,1,2,90
N0112V1S1A22R2.avi,1,22,1,2,112
N0253V3S1A30R2.avi,1,30,3,2,253
N0279V3S1A22R2.avi,1,22,3,2,279
N0104V3S1A14R2.avi,1,14,3,2,104
N0347V2S1A08R2.avi,1,8,2,2,347
N0189V3S1A43R2.avi,1,43,3,2,189
N0021V3S1A11R2.avi,1,11,3,2,21
N0250V2S1A41R2.avi,1,41,2,2,250
N0199V2S1A25R2.avi,1,25,2,2,199
N0101V3S1A44R2.avi,1,44,3,2,101
N0200V1S1A10R2.avi,1,10,1,2,200
N0153V2S1A43R2.avi,1,43,2,2,153
N0274V2S1A09R2.avi,1,9,2,2,274
N0186V2S1A36R2.avi,1,36,2,2,186
N0089V1S1A43R2.avi,1,43,1,2,89
N0347V2S1A46R2.avi,1,46,2,2,347
N0241V3S1A08R2.avi,1,8,3,2,241
N0237V3S1A35R2.avi,1,35,3,2,237
N0341V3S1A23R2.avi,1,23,3,2,341
N0347V3S1A29R2.avi,1,29,3,2,347
N0150V2S1A42R1.avi,1,42,2,1,150
N0129V2S1A39R2.avi,1,39,2,2,129
N0123V3S1A46R2.avi,1,46,3,2,123
N0163V2S1A15R2.avi,1,15,2,2,163
N0066V2S1A51R2.avi,1,51,2,2,66
N0230V1S1A48R2.avi,1,48,1,2,230
N0186V3S1A23R2.avi,1,23,3,2,186
N0360V2S1A09R2.avi,1,9,2,2,360
N0336V2S1A34R2.avi,1,34,2,2,336
N0363V1S1A38R2.avi,1,38,1,2,363
N0193V2S1A09R2.avi,1,9,2,2,193
N0090V1S1A03R2.avi,1,3,1,2,90
N0211V1S1A34R2.avi,1,34,1,2,211
N0138V1S1A50R2.avi,1,50,1,2,138
N0112V2S1A04R2.avi,1,4,2,2,112
N0160V2S1A40R1.avi,1,40,2,1,160
N0063V3S1A42R2.avi,1,42,3,2,63
N0111V3S1A13R2.avi,1,13,3,2,111
N0137V3S1A09R2.avi,1,9,3,2,137
N0237V1S1A48R2.avi,1,48,1,2,237
N0053V2S1A31R2.avi,1,31,2,2,53
N0106V1S1A28R2.avi,1,28,1,2,106
N0355V3S1A28R2.avi,1,28,3,2,355
N0160V2S1A28R2.avi,1,28,2,2,160
N0239V1S1A30R2.avi,1,30,1,2,239
N0335V1S1A37R2.avi,1,37,1,2,335
N0052V1S1A25R2.avi,1,25,1,2,52
N0140V2S1A46R2.avi,1,46,2,2,140
N0011V1S1A09R2.avi,1,9,1,2,11
N0028V2S1A17R2.avi,1,17,2,2,28
N0152V3S1A30R2.avi,1,30,3,2,152
N0160V2S1A23R2.avi,1,23,2,2,160
N0203V1S1A49R2.avi,1,49,1,2,203
N0168V1S1A38R2.avi,1,38,1,2,168
N0197V2S1A28R0.avi,1,28,2,0,197
N0139V1S1A07R2.avi,1,7,1,2,139
N0279V1S1A46R2.avi,1,46,1,2,279
N0181V1S1A17R2.avi,1,17,1,2,181
N0091V2S1A15R2.avi,1,15,2,2,91
N0041V2S1A41R2.avi,1,41,2,2,41
N0264V3S1A31R2.avi,1,31,3,2,264
N0016V1S1A25R2.avi,1,25,1,2,16
N0099V3S1A02R2.avi,1,2,3,2,99
N0251V3S1A30R2.avi,1,30,3,2,251
N0232V3S1A08R2.avi,1,8,3,2,232
N0335V3S1A13R2.avi,1,13,3,2,335
N0044V2S1A24R2.avi,1,24,2,2,44
N0050V2S1A30R2.avi,1,30,2,2,50
N0181V2S1A42R2.avi,1,42,2,2,181
N0275V2S1A29R2.avi,1,29,2,2,275
N0221V3S1A37R2.avi,1,37,3,2,221
N0363V3S1A25R2.avi,1,25,3,2,363
N0098V1S1A06R2.avi,1,6,1,2,98
N0126V1S1A41R2.avi,1,41,1,2,126
N0071V2S1A05R2.avi,1,5,2,2,71
N0073V1S1A20R2.avi,1,20,1,2,73
N0080V2S1A35R2.avi,1,35,2,2,80
N0043V3S1A42R2.avi,1,42,3,2,43
N0063V2S1A10R2.avi,1,10,2,2,63
N0343V3S1A35R2.avi,1,35,3,2,343
N0049V3S1A04R2.avi,1,4,3,2,49
N0048V1S1A36R2.avi,1,36,1,2,48
N0361V3S1A31R2.avi,1,31,3,2,361
N0182V2S1A25R2.avi,1,25,2,2,182
N0010V2S1A47R2.avi,1,47,2,2,10
N0100V1S1A46R2.avi,1,46,1,2,100
N0096V2S1A08R2.avi,1,8,2,2,96
N0167V2S1A17R2.avi,1,17,2,2,167
N0337V3S1A15R2.avi,1,15,3,2,337
N0214V3S1A16R2.avi,1,16,3,2,214
N0232V3S1A34R2.avi,1,34,3,2,232
N0091V2S1A42R2.avi,1,42,2,2,91
N0030V2S1A28R1.avi,1,28,2,1,30
N0271V3S1A21R2.avi,1,21,3,2,271
N0100V3S1A10R2.avi,1,10,3,2,100
N0066V1S1A19R2.avi,1,19,1,2,66
N0020V2S1A29R2.avi,1,29,2,2,20
N0227V2S1A37R2.avi,1,37,2,2,227
N0264V3S1A23R2.avi,1,23,3,2,264
N0010V1S1A30R2.avi,1,30,1,2,10
N0011V3S1A41R2.avi,1,41,3,2,11
N0142V1S1A28R2.avi,1,28,1,2,142
N0176V1S1A46R2.avi,1,46,1,2,176
N0098V3S1A32R2.avi,1,32,3,2,98
N0083V2S1A39R2.avi,1,39,2,2,83
N0067V1S1A40R2.avi,1,40,1,2,67
N0141V1S1A07R2.avi,1,7,1,2,141
N0261V1S1A24R2.avi,1,24,1,2,261
N0016V3S1A19R2.avi,1,19,3,2,16
N0341V3S1A39R2.avi,1,39,3,2,341
N0097V3S1A15R2.avi,1,15,3,2,97
N0198V1S1A17R2.avi,1,17,1,2,198
N0211V2S1A30R2.avi,1,30,2,2,211
N0013V1S1A39R2.avi,1,39,1,2,13
N0341V3S1A47R2.avi,1,47,3,2,341
N0163V2S1A07R2.avi,1,7,2,2,163
N0038V2S1A36R2.avi,1,36,2,2,38
N0129V3S1A06R2.avi,1,6,3,2,129
N0209V3S1A36R2.avi,1,36,3,2,209
N0008V3S1A10R2.avi,1,10,3,2,8
N0013V3S1A31R2.avi,1,31,3,2,13
N0273V3S1A36R2.avi,1,36,3,2,273
N0002V3S1A13R2.avi,1,13,3,2,2
N0262V2S1A29R2.avi,1,29,2,2,262
N0139V1S1A19R2.avi,1,19,1,2,139
N0205V3S1A21R2.avi,1,21,3,2,205
N0269V1S1A36R2.avi,1,36,1,2,269
N0055V2S1A14R2.avi,1,14,2,2,55
N0220V3S1A22R2.avi,1,22,3,2,220
N0346V2S1A32R2.avi,1,32,2,2,346
N0258V1S1A06R2.avi,1,6,1,2,258
N0018V2S1A49R2.avi,1,49,2,2,18
N0033V2S1A23R2.avi,1,23,2,2,33
N0214V2S1A14R2.avi,1,14,2,2,214
N0053V1S1A19R2.avi,1,19,1,2,53
N0098V2S1A42R2.avi,1,42,2,2,98
N0286V2S1A38R2.avi,1,38,2,2,286
N0342V2S1A20R2.avi,1,20,2,2,342
N0169V2S1A11R2.avi,1,11,2,2,169
N0058V2S1A07R2.avi,1,7,2,2,58
N0039V3S1A45R2.avi,1,45,3,2,39
N0116V3S1A50R2.avi,1,50,3,2,116
N0269V2S1A09R2.avi,1,9,2,2,269
N0198V1S1A30R2.avi,1,30,1,2,198
N0114V2S1A24R2.avi,1,24,2,2,114
N0264V1S1A29R2.avi,1,29,1,2,264
N0160V2S1A38R2.avi,1,38,2,2,160
N0090V2S1A23R2.avi,1,23,2,2,90
N0053V1S1A20R2.avi,1,20,1,2,53
N0129V3S1A07R2.avi,1,7,3,2,129
N0129V1S1A10R2.avi,1,10,1,2,129
N0259V2S1A48R2.avi,1,48,2,2,259
N0288V3S1A32R2.avi,1,32,3,2,288
N0166V2S1A46R2.avi,1,46,2,2,166
N0185V3S1A24R2.avi,1,24,3,2,185
N0218V1S1A44R2.avi,1,44,1,2,218
N0103V3S1A45R2.avi,1,45,3,2,103
N0103V1S1A42R1.avi,1,42,1,1,103
N0147V2S1A41R2.avi,1,41,2,2,147
N0153V1S1A29R2.avi,1,29,1,2,153
N0353V3S1A34R2.avi,1,34,3,2,353
N0237V1S1A36R2.avi,1,36,1,2,237
N0177V3S1A11R2.avi,1,11,3,2,177
N0076V3S1A36R2.avi,1,36,3,2,76
N0360V3S1A38R2.avi,1,38,3,2,360
N0348V2S1A12R2.avi,1,12,2,2,348
N0256V1S1A35R2.avi,1,35,1,2,256
N0112V3S1A35R2.avi,1,35,3,2,112
N0132V2S1A28R1.avi,1,28,2,1,132
N0127V2S1A17R2.avi,1,17,2,2,127
N0186V2S1A10R2.avi,1,10,2,2,186
N0007V3S1A31R2.avi,1,31,3,2,7
N0257V1S1A08R2.avi,1,8,1,2,257
N0112V2S1A44R2.avi,1,44,2,2,112
N0281V3S1A44R2.avi,1,44,3,2,281
N0082V2S1A25R2.avi,1,25,2,2,82
N0079V3S1A22R2.avi,1,22,3,2,79
N0160V2S1A46R2.avi,1,46,2,2,160
N0222V1S1A38R2.avi,1,38,1,2,222
N0357V2S1A47R2.avi,1,47,2,2,357
N0033V3S1A20R2.avi,1,20,3,2,33
N0192V3S1A04R2.avi,1,4,3,2,192
N0266V2S1A25R2.avi,1,25,2,2,266
N0262V1S1A01R2.avi,1,1,1,2,262
N0190V1S1A40R1.avi,1,40,1,1,190
N0089V2S1A31R2.avi,1,31,2,2,89
N0036V2S1A08R2.avi,1,8,2,2,36
N0056V2S1A08R2.avi,1,8,2,2,56
N0203V3S1A30R2.avi,1,30,3,2,203
N0119V2S1A20R2.avi,1,20,2,2,119
N0069V2S1A20R2.avi,1,20,2,2,69
N0172V1S1A38R2.avi,1,38,1,2,172
N0027V2S1A15R2.avi,1,15,2,2,27
N0163V2S1A04R2.avi,1,4,2,2,163
N0041V1S1A13R2.avi,1,13,1,2,41
N0136V2S1A08R2.avi,1,8,2,2,136
N0223V1S1A05R2.avi,1,5,1,2,223
N0198V2S1A41R2.avi,1,41,2,2,198
N0104V1S1A12R2.avi,1,12,1,2,104
N0120V2S1A03R2.avi,1,3,2,2,120
N0080V1S1A10R2.avi,1,10,1,2,80
N0178V2S1A48R2.avi,1,48,2,2,178
N0190V2S1A34R2.avi,1,34,2,2,190
N0259V1S1A44R2.avi,1,44,1,2,259
N0033V2S1A42R2.avi,1,42,2,2,33
N0188V2S1A51R2.avi,1,51,2,2,188
N0242V3S1A29R2.avi,1,29,3,2,242
N0252V2S1A50R2.avi,1,50,2,2,252
N0351V1S1A15R2.avi,1,15,1,2,351
N0157V1S1A06R2.avi,1,6,1,2,157
N0175V3S1A27R2.avi,1,27,3,2,175
N0104V3S1A24R2.avi,1,24,3,2,104
N0191V3S1A33R2.avi,1,33,3,2,191
N0040V1S1A02R2.avi,1,2,1,2,40
N0135V3S1A26R2.avi,1,26,3,2,135
N0039V3S1A29R2.avi,1,29,3,2,39
N0354V3S1A08R2.avi,1,8,3,2,354
N0066V2S1A38R2.avi,1,38,2,2,66
N0266V3S1A39R2.avi,1,39,3,2,266
N0258V1S1A47R2.avi,1,47,1,2,258
N0106V2S1A30R2.avi,1,30,2,2,106
N0257V1S1A51R2.avi,1,51,1,2,257
N0156V2S1A36R2.avi,1,36,2,2,156
N0362V3S1A04R2.avi,1,4,3,2,362
N0265V1S1A50R2.avi,1,50,1,2,265
N0168V1S1A50R2.avi,1,50,1,2,168
N0245V2S1A18R2.avi,1,18,2,2,245
N0014V3S1A14R2.avi,1,14,3,2,14
N0231V1S1A17R2.avi,1,17,1,2,231
N0182V1S1A47R2.avi,1,47,1,2,182
N0218V2S1A10R2.avi,1,10,2,2,218
N0131V2S1A37R2.avi,1,37,2,2,131
N0031V1S1A29R2.avi,1,29,1,2,31
N0257V1S1A33R2.avi,1,33,1,2,257
N0231V3S1A17R2.avi,1,17,3,2,231
N0222V3S1A46R2.avi,1,46,3,2,222
N0126V1S1A20R2.avi,1,20,1,2,126
N0354V3S1A05R2.avi,1,5,3,2,354
N0177V3S1A01R2.avi,1,1,3,2,177
N0076V1S1A35R2.avi,1,35,1,2,76
N0048V2S1A28R2.avi,1,28,2,2,48
N0340V1S1A05R2.avi,1,5,1,2,340
N0110V1S1A28R2.avi,1,28,1,2,110
N0192V2S1A42R2.avi,1,42,2,2,192
N0033V1S1A41R2.avi,1,41,1,2,33
N0040V3S1A01R2.avi,1,1,3,2,40
N0096V1S1A50R2.avi,1,50,1,2,96
N0138V1S1A01R2.avi,1,1,1,2,138
N0262V1S1A22R2.avi,1,22,1,2,262
N0193V1S1A51R2.avi,1,51,1,2,193
N0274V1S1A02R2.avi,1,2,1,2,274
N0279V3S1A11R2.avi,1,11,3,2,279
N0206V3S1A36R2.avi,1,36,3,2,206
N0174V2S1A18R2.avi,1,18,2,2,174
N0168V2S1A30R2.avi,1,30,2,2,168
N0171V2S1A41R0.avi,1,41,2,0,171
N0335V1S1A36R2.avi,1,36,1,2,335
N0112V1S1A29R2.avi,1,29,1,2,112
N0031V1S1A43R1.avi,1,43,1,1,31
N0195V3S1A16R2.avi,1,16,3,2,195
N0049V3S1A19R2.avi,1,19,3,2,49
N0220V3S1A29R2.avi,1,29,3,2,220
N0072V1S1A49R2.avi,1,49,1,2,72
N0171V3S1A04R2.avi,1,4,3,2,171
N0347V2S1A38R2.avi,1,38,2,2,347
N0138V1S1A41R2.avi,1,41,1,2,138
N0083V1S1A41R2.avi,1,41,1,2,83
N0258V2S1A17R2.avi,1,17,2,2,258
N0052V1S1A05R2.avi,1,5,1,2,52
N0212V2S1A25R2.avi,1,25,2,2,212
N0022V1S1A47R2.avi,1,47,1,2,22
N0018V2S1A37R2.avi,1,37,2,2,18
N0232V2S1A08R2.avi,1,8,2,2,232
N0219V1S1A17R2.avi,1,17,1,2,219
N0360V2S1A07R2.avi,1,7,2,2,360
N0022V2S1A17R2.avi,1,17,2,2,22
N0264V1S1A51R2.avi,1,51,1,2,264
N0188V1S1A01R2.avi,1,1,1,2,188
N0190V2S1A41R2.avi,1,41,2,2,190
N0240V1S1A41R1.avi,1,41,1,1,240
N0016V1S1A02R2.avi,1,2,1,2,16
N0099V1S1A01R2.avi,1,1,1,2,99
N0133V1S1A44R2.avi,1,44,1,2,133
N0015V1S1A12R2.avi,1,12,1,2,15
N0278V1S1A34R2.avi,1,34,1,2,278
N0001V2S1A08R2.avi,1,8,2,2,1
N0012V1S1A28R0.avi,1,28,1,0,12
N0352V2S1A38R2.avi,1,38,2,2,352
N0063V3S1A39R2.avi,1,39,3,2,63
N0108V3S1A05R2.avi,1,5,3,2,108
N0279V1S1A19R2.avi,1,19,1,2,279
N0064V2S1A27R2.avi,1,27,2,2,64
N0253V3S1A38R2.avi,1,38,3,2,253
N0236V2S1A40R2.avi,1,40,2,2,236
N0074V3S1A26R2.avi,1,26,3,2,74
N0239V2S1A39R2.avi,1,39,2,2,239
N0148V1S1A23R2.avi,1,23,1,2,148
N0237V3S1A31R2.avi,1,31,3,2,237
N0182V2S1A28R2.avi,1,28,2,2,182
N0268V1S1A13R2.avi,1,13,1,2,268
N0112V2S1A01R2.avi,1,1,2,2,112
N0189V2S1A31R2.avi,1,31,2,2,189
N0278V1S1A39R2.avi,1,39,1,2,278
N0278V3S1A17R2.avi,1,17,3,2,278
N0337V2S1A30R2.avi,1,30,2,2,337
N0191V1S1A43R2.avi,1,43,1,2,191
N0145V1S1A27R2.avi,1,27,1,2,145
N0120V2S1A47R2.avi,1,47,2,2,120
N0117V1S1A20R2.avi,1,20,1,2,117
N0076V1S1A37R2.avi,1,37,1,2,76
N0251V3S1A47R2.avi,1,47,3,2,251
N0212V2S1A36R2.avi,1,36,2,2,212
N0168V1S1A08R2.avi,1,8,1,2,168
N0090V3S1A46R2.avi,1,46,3,2,90
N0078V3S1A01R2.avi,1,1,3,2,78
N0017V2S1A43R2.avi,1,43,2,2,17
N0199V2S1A03R2.avi,1,3,2,2,199
N0062V1S1A30R2.avi,1,30,1,2,62
N0188V2S1A10R2.avi,1,10,2,2,188
N0146V2S1A49R2.avi,1,49,2,2,146
N0058V2S1A40R2.avi,1,40,2,2,58
N0201V1S1A32R2.avi,1,32,1,2,201
N0362V1S1A03R2.avi,1,3,1,2,362
N0341V3S1A13R2.avi,1,13,3,2,341
N0268V2S1A47R2.avi,1,47,2,2,268
N0052V3S1A34R2.avi,1,34,3,2,52
N0071V3S1A42R2.avi,1,42,3,2,71
N0351V1S1A11R2.avi,1,11,1,2,351
N0078V2S1A01R2.avi,1,1,2,2,78
N0081V2S1A40R2.avi,1,40,2,2,81
N0278V3S1A43R2.avi,1,43,3,2,278
N0354V3S1A19R2.avi,1,19,3,2,354
N0180V3S1A29R2.avi,1,29,3,2,180
N0195V3S1A12R2.avi,1,12,3,2,195
N0080V3S1A03R2.avi,1,3,3,2,80
N0015V1S1A21R2.avi,1,21,1,2,15
N0340V3S1A02R2.avi,1,2,3,2,340
N0269V1S1A15R2.avi,1,15,1,2,269
N0020V1S1A25R2.avi,1,25,1,2,20
N0051V3S1A29R2.avi,1,29,3,2,51
N0001V1S1A38R2.avi,1,38,1,2,1
N0032V1S1A05R1.avi,1,5,1,1,32
N0088V3S1A48R2.avi,1,48,3,2,88
N0250V3S1A38R2.avi,1,38,3,2,250
N0353V2S1A46R2.avi,1,46,2,2,353
N0078V2S1A28R2.avi,1,28,2,2,78
N0195V1S1A21R1.avi,1,21,1,1,195
N0085V3S1A16R2.avi,1,16,3,2,85
N0141V2S1A45R2.avi,1,45,2,2,141
N0281V1S1A43R2.avi,1,43,1,2,281
N0217V2S1A09R2.avi,1,9,2,2,217
N0187V2S1A22R2.avi,1,22,2,2,187
N0007V2S1A17R2.avi,1,17,2,2,7
N0123V2S1A02R2.avi,1,2,2,2,123
N0035V2S1A16R2.avi,1,16,2,2,35
N0068V2S1A06R2.avi,1,6,2,2,68
N0213V3S1A30R2.avi,1,30,3,2,213
N0347V1S1A34R2.avi,1,34,1,2,347
N0230V2S1A25R2.avi,1,25,2,2,230
N0354V1S1A40R2.avi,1,40,1,2,354
N0262V2S1A17R2.avi,1,17,2,2,262
N0252V2S1A13R2.avi,1,13,2,2,252
N0084V3S1A24R2.avi,1,24,3,2,84
N0017V1S1A22R2.avi,1,22,1,2,17
N0048V2S1A34R2.avi,1,34,2,2,48
N0162V2S1A25R2.avi,1,25,2,2,162
N0266V2S1A22R2.avi,1,22,2,2,266
N0242V3S1A03R2.avi,1,3,3,2,242
N0003V2S1A02R2.avi,1,2,2,2,3
N0031V1S1A15R2.avi,1,15,1,2,31
N0178V2S1A19R2.avi,1,19,2,2,178
N0347V2S1A29R2.avi,1,29,2,2,347
N0282V1S1A28R2.avi,1,28,1,2,282
N0193V2S1A41R2.avi,1,41,2,2,193
N0102V3S1A47R2.avi,1,47,3,2,102
N0191V2S1A49R2.avi,1,49,2,2,191
N0092V3S1A02R2.avi,1,2,3,2,92
N0116V1S1A23R2.avi,1,23,1,2,116
N0356V1S1A22R2.avi,1,22,1,2,356
N0360V3S1A41R2.avi,1,41,3,2,360
N0186V2S1A34R2.avi,1,34,2,2,186
N0354V1S1A42R2.avi,1,42,1,2,354
N0037V1S1A05R2.avi,1,5,1,2,37
N0064V3S1A26R1.avi,1,26,3,1,64
N0186V1S1A48R2.avi,1,48,1,2,186
N0172V3S1A01R2.avi,1,1,3,2,172
N0007V2S1A31R2.avi,1,31,2,2,7
N0123V2S1A29R2.avi,1,29,2,2,123
N0207V1S1A38R2.avi,1,38,1,2,207
N0120V3S1A23R2.avi,1,23,3,2,120
N0066V3S1A49R2.avi,1,49,3,2,66
N0137V2S1A25R2.avi,1,25,2,2,137
N0258V2S1A31R2.avi,1,31,2,2,258
N0111V2S1A45R2.avi,1,45,2,2,111
N0089V1S1A19R2.avi,1,19,1,2,89
N0193V3S1A22R2.avi,1,22,3,2,193
N0067V3S1A15R2.avi,1,15,3,2,67
N0058V3S1A49R2.avi,1,49,3,2,58
N0074V3S1A16R2.avi,1,16,3,2,74
N0102V2S1A36R2.avi,1,36,2,2,102
N0350V1S1A06R2.avi,1,6,1,2,350
N0176V3S1A46R2.avi,1,46,3,2,176
N0012V1S1A36R2.avi,1,36,1,2,12
N0340V1S1A09R2.avi,1,9,1,2,340
N0206V3S1A38R2.avi,1,38,3,2,206
N0041V2S1A11R2.avi,1,11,2,2,41
N0010V3S1A02R2.avi,1,2,3,2,10
N0139V1S1A38R2.avi,1,38,1,2,139
N0281V3S1A13R2.avi,1,13,3,2,281
N0152V1S1A25R2.avi,1,25,1,2,152
N0036V2S1A23R2.avi,1,23,2,2,36
N0265V1S1A49R2.avi,1,49,1,2,265
N0265V3S1A11R2.avi,1,11,3,2,265
N0093V1S1A04R2.avi,1,4,1,2,93
N0343V2S1A11R2.avi,1,11,2,2,343
N0199V1S1A23R2.avi,1,23,1,2,199
N0231V3S1A40R2.avi,1,40,3,2,231
N0202V1S1A45R2.avi,1,45,1,2,202
N0155V2S1A24R2.avi,1,24,2,2,155
N0099V2S1A28R2.avi,1,28,2,2,99
N0289V1S1A33R2.avi,1,33,1,2,289
N0362V3S1A38R2.avi,1,38,3,2,362
N0050V2S1A01R2.avi,1,1,2,2,50
N0189V3S1A31R2.avi,1,31,3,2,189
N0041V2S1A42R2.avi,1,42,2,2,41
N0013V1S1A04R2.avi,1,4,1,2,13
N0355V3S1A11R2.avi,1,11,3,2,355
N0362V1S1A34R2.avi,1,34,1,2,362
N0207V1S1A40R2.avi,1,40,1,2,207
N0240V2S1A04R2.avi,1,4,2,2,240
N0098V2S1A13R2.avi,1,13,2,2,98
N0088V3S1A50R2.avi,1,50,3,2,88
N0100V2S1A34R2.avi,1,34,2,2,100
N0076V2S1A37R2.avi,1,37,2,2,76
N0064V3S1A24R2.avi,1,24,3,2,64
N0072V2S1A37R2.avi,1,37,2,2,72
N0156V2S1A29R2.avi,1,29,2,2,156
N0341V2S1A36R2.avi,1,36,2,2,341
N0335V3S1A28R2.avi,1,28,3,2,335
N0182V2S1A01R2.avi,1,1,2,2,182
N0080V3S1A19R2.avi,1,19,3,2,80
N0156V2S1A49R2.avi,1,49,2,2,156
N0051V2S1A04R2.avi,1,4,2,2,51
N0107V1S1A04R2.avi,1,4,1,2,107
N0351V2S1A44R2.avi,1,44,2,2,351
N0218V1S1A46R2.avi,1,46,1,2,218
N0239V1S1A51R2.avi,1,51,1,2,239
N0073V2S1A42R2.avi,1,42,2,2,73
N0287V1S1A44R2.avi,1,44,1,2,287
N0210V1S1A22R2.avi,1,22,1,2,210
N0220V3S1A40R2.avi,1,40,3,2,220
N0101V2S1A29R2.avi,1,29,2,2,101
N0262V3S1A31R2.avi,1,31,3,2,262
N0007V3S1A17R2.avi,1,17,3,2,7
N0169V2S1A05R2.avi,1,5,2,2,169
N0228V3S1A47R2.avi,1,47,3,2,228
N0069V3S1A20R2.avi,1,20,3,2,69
N0334V1S1A38R2.avi,1,38,1,2,334
N0028V1S1A33R2.avi,1,33,1,2,28
N0215V3S1A14R2.avi,1,14,3,2,215
N0104V1S1A21R2.avi,1,21,1,2,104
N0093V3S1A39R2.avi,1,39,3,2,93
N0055V1S1A26R2.avi,1,26,1,2,55
N0033V3S1A39R2.avi,1,39,3,2,33
N0031V2S1A22R2.avi,1,22,2,2,31
N0220V1S1A45R2.avi,1,45,1,2,220
N0005V3S1A26R2.avi,1,26,3,2,5
N0338V1S1A12R2.avi,1,12,1,2,338
N0335V3S1A46R0.avi,1,46,3,0,335
N0264V1S1A33R2.avi,1,33,1,2,264
N0265V2S1A09R2.avi,1,9,2,2,265
N0053V2S1A08R2.avi,1,8,2,2,53
N0159V2S1A22R2.avi,1,22,2,2,159
N0218V3S1A38R2.avi,1,38,3,2,218
N0049V1S1A15R2.avi,1,15,1,2,49
N0155V1S1A16R2.avi,1,16,1,2,155
N0046V2S1A19R2.avi,1,19,2,2,46
N0206V3S1A34R2.avi,1,34,3,2,206
N0046V3S1A10R2.avi,1,10,3,2,46
N0099V2S1A45R2.avi,1,45,2,2,99
N0028V3S1A34R2.avi,1,34,3,2,28
N0166V2S1A29R2.avi,1,29,2,2,166
N0024V3S1A18R2.avi,1,18,3,2,24
N0056V1S1A28R2.avi,1,28,1,2,56
N0221V3S1A32R2.avi,1,32,3,2,221
N0166V1S1A25R2.avi,1,25,1,2,166
N0107V2S1A06R2.avi,1,6,2,2,107
N0090V1S1A28R2.avi,1,28,1,2,90
N0264V1S1A45R2.avi,1,45,1,2,264
N0146V3S1A48R2.avi,1,48,3,2,146
N0027V2S1A44R2.avi,1,44,2,2,27
N0181V3S1A44R2.avi,1,44,3,2,181
N0142V2S1A51R2.avi,1,51,2,2,142
N0288V3S1A40R2.avi,1,40,3,2,288
N0001V1S1A08R2.avi,1,8,1,2,1
N0103V3S1A31R2.avi,1,31,3,2,103
N0167V2S1A20R2.avi,1,20,2,2,167
N0110V1S1A47R2.avi,1,47,1,2,110
N0355V1S1A48R2.avi,1,48,1,2,355
N0126V2S1A19R2.avi,1,19,2,2,126
N0087V1S1A31R2.avi,1,31,1,2,87
N0244V3S1A27R1.avi,1,27,3,1,244
N0161V2S1A43R2.avi,1,43,2,2,161
N0100V2S1A02R2.avi,1,2,2,2,100
N0102V1S1A06R2.avi,1,6,1,2,102
N0115V2S1A16R2.avi,1,16,2,2,115
N0218V2S1A42R2.avi,1,42,2,2,218
N0212V1S1A28R1.avi,1,28,1,1,212
N0038V3S1A01R2.avi,1,1,3,2,38
N0339V2S1A24R2.avi,1,24,2,2,339
N0029V3S1A32R2.avi,1,32,3,2,29
N0128V2S1A38R2.avi,1,38,2,2,128
N0129V2S1A13R2.avi,1,13,2,2,129
N0257V1S1A23R2.avi,1,23,1,2,257
N0334V1S1A04R2.avi,1,4,1,2,334
N0256V1S1A51R2.avi,1,51,1,2,256
N0113V3S1A47R2.avi,1,47,3,2,113
N0338V3S1A26R2.avi,1,26,3,2,338
N0263V2S1A13R2.avi,1,13,2,2,263
N0337V2S1A38R2.avi,1,38,2,2,337
N0163V3S1A38R2.avi,1,38,3,2,163
N0250V3S1A39R2.avi,1,39,3,2,250
N0265V2S1A36R2.avi,1,36,2,2,265
N0209V2S1A28R2.avi,1,28,2,2,209
N0159V2S1A44R2.avi,1,44,2,2,159
N0042V2S1A05R2.avi,1,5,2,2,42
N0236V2S1A01R2.avi,1,1,2,2,236
N0238V3S1A33R2.avi,1,33,3,2,238
N0288V1S1A35R2.avi,1,35,1,2,288
N0264V3S1A28R2.avi,1,28,3,2,264
N0004V3S1A14R2.avi,1,14,3,2,4
N0029V2S1A29R2.avi,1,29,2,2,29
N0050V3S1A28R2.avi,1,28,3,2,50
N0137V1S1A39R2.avi,1,39,1,2,137
N0224V2S1A16R2.avi,1,16,2,2,224
N0120V1S1A10R2.avi,1,10,1,2,120
N0220V1S1A41R2.avi,1,41,1,2,220
N0006V2S1A37R2.avi,1,37,2,2,6
N0281V1S1A19R2.avi,1,19,1,2,281
N0178V1S1A46R2.avi,1,46,1,2,178
N0097V1S1A28R2.avi,1,28,1,2,97
N0108V1S1A33R2.avi,1,33,1,2,108
N0023V2S1A20R2.avi,1,20,2,2,23
N0342V3S1A34R2.avi,1,34,3,2,342
N0061V3S1A09R2.avi,1,9,3,2,61
N0087V1S1A43R2.avi,1,43,1,2,87
N0007V2S1A41R2.avi,1,41,2,2,7
N0143V2S1A44R2.avi,1,44,2,2,143
N0198V3S1A30R2.avi,1,30,3,2,198
N0211V3S1A37R2.avi,1,37,3,2,211
N0112V2S1A33R2.avi,1,33,2,2,112
N0182V2S1A35R2.avi,1,35,2,2,182
N0127V1S1A29R2.avi,1,29,1,2,127
N0241V2S1A30R2.avi,1,30,2,2,241
N0237V3S1A15R2.avi,1,15,3,2,237
N0186V1S1A46R2.avi,1,46,1,2,186
N0158V1S1A01R2.avi,1,1,1,2,158
N0222V3S1A29R2.avi,1,29,3,2,222
N0279V1S1A09R2.avi,1,9,1,2,279
N0351V2S1A15R2.avi,1,15,2,2,351
N0058V1S1A35R2.avi,1,35,1,2,58
N0141V3S1A31R2.avi,1,31,3,2,141
N0362V1S1A49R2.avi,1,49,1,2,362
N0012V3S1A35R0.avi,1,35,3,0,12
N0336V2S1A36R2.avi,1,36,2,2,336
N0048V2S1A07R2.avi,1,7,2,2,48
N0258V2S1A35R2.avi,1,35,2,2,258
N0150V1S1A32R2.avi,1,32,1,2,150
N0060V1S1A36R2.avi,1,36,1,2,60
N0283V2S1A38R2.avi,1,38,2,2,283
N0286V1S1A01R2.avi,1,1,1,2,286
N0230V3S1A25R2.avi,1,25,3,2,230
N0170V1S1A51R2.avi,1,51,1,2,170
N0073V2S1A43R2.avi,1,43,2,2,73
N0183V3S1A07R2.avi,1,7,3,2,183
N0212V2S1A02R2.avi,1,2,2,2,212
N0262V2S1A02R2.avi,1,2,2,2,262
N0001V1S1A29R2.avi,1,29,1,2,1
N0123V3S1A25R2.avi,1,25,3,2,123
N0120V1S1A01R2.avi,1,1,1,2,120
N0199V2S1A38R2.avi,1,38,2,2,199
N0206V3S1A02R2.avi,1,2,3,2,206
N0265V3S1A41R2.avi,1,41,3,2,265
N0358V2S1A26R2.avi,1,26,2,2,358
N0009V2S1A42R2.avi,1,42,2,2,9
N0012V3S1A40R1.avi,1,40,3,1,12
N0146V2S1A25R2.avi,1,25,2,2,146
N0343V2S1A15R2.avi,1,15,2,2,343
N0183V2S1A09R2.avi,1,9,2,2,183
N0163V1S1A42R2.avi,1,42,1,2,163
N0070V2S1A28R2.avi,1,28,2,2,70
N0238V2S1A48R2.avi,1,48,2,2,238
N0028V2S1A28R2.avi,1,28,2,2,28
N0076V1S1A10R2.avi,1,10,1,2,76
N0154V2S1A24R2.avi,1,24,2,2,154
N0038V2S1A05R2.avi,1,5,2,2,38
N0286V2S1A40R2.avi,1,40,2,2,286
N0195V1S1A12R2.avi,1,12,1,2,195
N0228V2S1A08R2.avi,1,8,2,2,228
N0037V2S1A05R2.avi,1,5,2,2,37
N0274V1S1A33R2.avi,1,33,1,2,274
N0223V3S1A41R2.avi,1,41,3,2,223
N0266V2S1A48R2.avi,1,48,2,2,266
N0285V3S1A24R2.avi,1,24,3,2,285
N0041V2S1A20R2.avi,1,20,2,2,41
N0180V1S1A47R2.avi,1,47,1,2,180
N0038V2S1A35R2.avi,1,35,2,2,38
N0107V3S1A43R2.avi,1,43,3,2,107
N0062V1S1A17R2.avi,1,17,1,2,62
N0097V1S1A17R2.avi,1,17,1,2,97
N0176V1S1A30R2.avi,1,30,1,2,176
N0128V3S1A49R2.avi,1,49,3,2,128
N0014V2S1A21R2.avi,1,21,2,2,14
N0098V1S1A33R2.avi,1,33,1,2,98
N0172V3S1A39R2.avi,1,39,3,2,172
N0337V1S1A09R2.avi,1,9,1,2,337
N0026V2S1A51R2.avi,1,51,2,2,26
N0161V2S1A31R2.avi,1,31,2,2,161
N0136V1S1A35R2.avi,1,35,1,2,136
N0125V2S1A16R2.avi,1,16,2,2,125
N0076V2S1A46R2.avi,1,46,2,2,76
N0077V3S1A29R2.avi,1,29,3,2,77
N0118V2S1A02R2.avi,1,2,2,2,118
N0114V1S1A12R2.avi,1,12,1,2,114
N0245V2S1A12R2.avi,1,12,2,2,245
N0258V1S1A40R2.avi,1,40,1,2,258
N0110V3S1A28R2.avi,1,28,3,2,110
N0143V2S1A31R2.avi,1,31,2,2,143
N0021V2S1A04R2.avi,1,4,2,2,21
N0060V3S1A02R2.avi,1,2,3,2,60
N0138V1S1A19R2.avi,1,19,1,2,138
N0250V2S1A09R1.avi,1,9,2,1,250
N0251V1S1A47R2.avi,1,47,1,2,251
N0020V1S1A10R2.avi,1,10,1,2,20
N0097V2S1A23R2.avi,1,23,2,2,97
N0106V3S1A49R2.avi,1,49,3,2,106
N0088V1S1A33R2.avi,1,33,1,2,88
N0161V1S1A11R2.avi,1,11,1,2,161
N0116V3S1A01R2.avi,1,1,3,2,116
N0180V1S1A36R2.avi,1,36,1,2,180
N0139V3S1A25R2.avi,1,25,3,2,139
N0195V2S1A24R2.avi,1,24,2,2,195
N0275V1S1A06R2.avi,1,6,1,2,275
N0273V2S1A13R2.avi,1,13,2,2,273
N0086V1S1A10R2.avi,1,10,1,2,86
N0276V1S1A29R2.avi,1,29,1,2,276
N0032V1S1A25R2.avi,1,25,1,2,32
N0344V2S1A43R2.avi,1,43,2,2,344
N0253V3S1A22R2.avi,1,22,3,2,253
N0063V3S1A08R2.avi,1,8,3,2,63
N0001V1S1A11R2.avi,1,11,1,2,1
N0026V3S1A47R2.avi,1,47,3,2,26
N0103V1S1A10R2.avi,1,10,1,2,103
N0354V1S1A51R2.avi,1,51,1,2,354
N0133V3S1A08R2.avi,1,8,3,2,133
N0161V3S1A15R2.avi,1,15,3,2,161
N0288V1S1A45R2.avi,1,45,1,2,288
N0129V3S1A47R2.avi,1,47,3,2,129
N0087V3S1A07R2.avi,1,7,3,2,87
N0167V3S1A41R2.avi,1,41,3,2,167
N0079V2S1A10R2.avi,1,10,2,2,79
N0273V1S1A43R1.avi,1,43,1,1,273
N0191V1S1A31R1.avi,1,31,1,1,191
N0357V3S1A15R2.avi,1,15,3,2,357
N0243V3S1A48R2.avi,1,48,3,2,243
N0225V1S1A27R2.avi,1,27,1,2,225
N0058V3S1A30R2.avi,1,30,3,2,58
N0211V3S1A43R2.avi,1,43,3,2,211
N0073V2S1A15R2.avi,1,15,2,2,73
N0218V3S1A31R2.avi,1,31,3,2,218
N0022V1S1A02R2.avi,1,2,1,2,22
N0065V3S1A24R2.avi,1,24,3,2,65
N0140V3S1A47R2.avi,1,47,3,2,140
N0164V2S1A16R2.avi,1,16,2,2,164
N0272V1S1A40R2.avi,1,40,1,2,272
N0047V1S1A06R2.avi,1,6,1,2,47
N0114V1S1A14R2.avi,1,14,1,2,114
N0085V2S1A12R2.avi,1,12,2,2,85
N0360V1S1A38R2.avi,1,38,1,2,360
N0091V3S1A11R2.avi,1,11,3,2,91
N0031V3S1A05R2.avi,1,5,3,2,31
N0289V1S1A39R2.avi,1,39,1,2,289
N0288V3S1A02R2.avi,1,2,3,2,288
N0210V3S1A01R2.avi,1,1,3,2,210
N0189V1S1A38R2.avi,1,38,1,2,189
N0115V2S1A27R2.avi,1,27,2,2,115
N0266V3S1A35R2.avi,1,35,3,2,266
N0267V2S1A07R2.avi,1,7,2,2,267
N0072V1S1A06R2.avi,1,6,1,2,72
N0077V1S1A13R2.avi,1,13,1,2,77
N0018V3S1A13R2.avi,1,13,3,2,18
N0106V3S1A33R2.avi,1,33,3,2,106
N0170V2S1A50R2.avi,1,50,2,2,170
N0003V3S1A23R2.avi,1,23,3,2,3
N0337V2S1A46R0.avi,1,46,2,0,337
N0199V3S1A03R2.avi,1,3,3,2,199
N0179V1S1A20R2.avi,1,20,1,2,179
N0230V3S1A23R2.avi,1,23,3,2,230
N0142V3S1A37R2.avi,1,37,3,2,142
N0030V2S1A19R2.avi,1,19,2,2,30
N0352V1S1A33R2.avi,1,33,1,2,352
N0282V3S1A34R2.avi,1,34,3,2,282
N0133V3S1A20R2.avi,1,20,3,2,133
N0126V1S1A38R2.avi,1,38,1,2,126
N0263V1S1A45R2.avi,1,45,1,2,263
N0257V3S1A47R2.avi,1,47,3,2,257
N0173V2S1A31R2.avi,1,31,2,2,173
N0025V3S1A18R2.avi,1,18,3,2,25
N0063V3S1A32R2.avi,1,32,3,2,63
N0337V1S1A30R2.avi,1,30,1,2,337
N0053V2S1A32R2.avi,1,32,2,2,53
N0176V3S1A02R2.avi,1,2,3,2,176
N0233V2S1A50R2.avi,1,50,2,2,233
N0044V1S1A21R2.avi,1,21,1,2,44
N0022V2S1A40R2.avi,1,40,2,2,22
N0166V3S1A33R2.avi,1,33,3,2,166
N0072V1S1A01R2.avi,1,1,1,2,72
N0133V1S1A25R2.avi,1,25,1,2,133
N0220V3S1A50R2.avi,1,50,3,2,220
N0222V2S1A50R2.avi,1,50,2,2,222
N0020V1S1A03R2.avi,1,3,1,2,20
N0359V2S1A18R2.avi,1,18,2,2,359
N0026V1S1A49R1.avi,1,49,1,1,26
N0266V1S1A17R2.avi,1,17,1,2,266
N0169V2S1A41R2.avi,1,41,2,2,169
N0197V2S1A10R2.avi,1,10,2,2,197
N0119V3S1A42R2.avi,1,42,3,2,119
N0192V3S1A02R2.avi,1,2,3,2,192
N0112V2S1A40R2.avi,1,40,2,2,112
N0153V1S1A15R2.avi,1,15,1,2,153
N0070V2S1A02R2.avi,1,2,2,2,70
N0256V3S1A10R2.avi,1,10,3,2,256
N0263V1S1A23R2.avi,1,23,1,2,263
N0063V2S1A11R2.avi,1,11,2,2,63
N0048V2S1A47R2.avi,1,47,2,2,48
N0287V1S1A39R2.avi,1,39,1,2,287
N0212V2S1A43R2.avi,1,43,2,2,212
N0027V1S1A11R2.avi,1,11,1,2,27
N0217V1S1A09R2.avi,1,9,1,2,217
N0101V3S1A42R2.avi,1,42,3,2,101
N0222V2S1A34R2.avi,1,34,2,2,222
N0040V1S1A51R2.avi,1,51,1,2,40
N0057V1S1A05R2.avi,1,5,1,2,57
N0188V1S1A48R2.avi,1,48,1,2,188
N0160V3S1A34R2.avi,1,34,3,2,160
N0161V1S1A45R2.avi,1,45,1,2,161
N0280V3S1A31R2.avi,1,31,3,2,280
N0098V1S1A37R2.avi,1,37,1,2,98
N0049V3S1A42R2.avi,1,42,3,2,49
N0147V2S1A32R2.avi,1,32,2,2,147
N0082V3S1A05R2.avi,1,5,3,2,82
N0202V1S1A22R2.avi,1,22,1,2,202
N0154V1S1A14R2.avi,1,14,1,2,154
N0077V3S1A43R2.avi,1,43,3,2,77
N0172V2S1A49R2.avi,1,49,2,2,172
N0102V1S1A47R2.avi,1,47,1,2,102
N0016V1S1A37R2.avi,1,37,1,2,16
N0188V3S1A25R2.avi,1,25,3,2,188
N0012V3S1A50R2.avi,1,50,3,2,12
N0279V2S1A44R1.avi,1,44,2,1,279
N0162V3S1A23R2.avi,1,23,3,2,162
N0350V3S1A20R2.avi,1,20,3,2,350
N0179V2S1A05R2.avi,1,5,2,2,179
N0034V2S1A12R2.avi,1,12,2,2,34
N0150V1S1A43R2.avi,1,43,1,2,150
N0107V3S1A04R2.avi,1,4,3,2,107
N0127V2S1A44R2.avi,1,44,2,2,127
N0067V1S1A04R2.avi,1,4,1,2,67
N0183V3S1A45R2.avi,1,45,3,2,183
N0058V1S1A30R2.avi,1,30,1,2,58
N0343V3S1A15R2.avi,1,15,3,2,343
N0057V3S1A15R2.avi,1,15,3,2,57
N0257V1S1A15R2.avi,1,15,1,2,257
N0206V1S1A49R2.avi,1,49,1,2,206
N0062V2S1A13R2.avi,1,13,2,2,62
N0180V3S1A51R2.avi,1,51,3,2,180
N0043V3S1A10R2.avi,1,10,3,2,43
N0240V1S1A51R2.avi,1,51,1,2,240
N0354V3S1A09R2.avi,1,9,3,2,354
N0278V2S1A32R2.avi,1,32,2,2,278
N0264V1S1A02R2.avi,1,2,1,2,264
N0220V1S1A44R2.avi,1,44,1,2,220
N0173V3S1A44R2.avi,1,44,3,2,173
N0286V1S1A25R2.avi,1,25,1,2,286
N0039V2S1A31R2.avi,1,31,2,2,39
N0203V2S1A50R2.avi,1,50,2,2,203
N0242V1S1A03R2.avi,1,3,1,2,242
N0097V2S1A17R2.avi,1,17,2,2,97
N0033V2S1A31R2.avi,1,31,2,2,33
N0158V1S1A10R2.avi,1,10,1,2,158
N0141V2S1A41R2.avi,1,41,2,2,141
N0250V1S1A02R2.avi,1,2,1,2,250
N0094V3S1A24R2.avi,1,24,3,2,94
N0181V2S1A13R2.avi,1,13,2,2,181
N0113V2S1A39R2.avi,1,39,2,2,113
N0132V2S1A20R2.avi,1,20,2,2,132
N0161V3S1A29R2.avi,1,29,3,2,161
N0008V3S1A25R2.avi,1,25,3,2,8
N0210V1S1A07R2.avi,1,7,1,2,210
N0340V1S1A02R2.avi,1,2,1,2,340
N0227V2S1A15R2.avi,1,15,2,2,227
N0258V3S1A22R2.avi,1,22,3,2,258
N0273V1S1A05R2.avi,1,5,1,2,273
N0041V2S1A32R2.avi,1,32,2,2,41
N0230V2S1A38R2.avi,1,38,2,2,230
N0253V2S1A25R2.avi,1,25,2,2,253
N0202V1S1A40R2.avi,1,40,1,2,202
N0123V2S1A30R2.avi,1,30,2,2,123
N0043V2S1A42R2.avi,1,42,2,2,43
N0173V2S1A22R2.avi,1,22,2,2,173
N0161V1S1A13R2.avi,1,13,1,2,161
N0270V2S1A26R2.avi,1,26,2,2,270
N0182V2S1A48R2.avi,1,48,2,2,182
N0027V3S1A17R2.avi,1,17,3,2,27
N0123V3S1A23R2.avi,1,23,3,2,123
N0115V1S1A12R2.avi,1,12,1,2,115
N0350V1S1A05R2.avi,1,5,1,2,350
N0351V1S1A23R2.avi,1,23,1,2,351
N0276V3S1A01R2.avi,1,1,3,2,276
N0268V3S1A03R2.avi,1,3,3,2,268
N0203V2S1A06R2.avi,1,6,2,2,203
N0079V3S1A31R2.avi,1,31,3,2,79
N0081V2S1A09R2.avi,1,9,2,2,81
N0099V3S1A30R2.avi,1,30,3,2,99
N0346V1S1A38R2.avi,1,38,1,2,346
N0274V3S1A38R2.avi,1,38,3,2,274
N0287V2S1A08R2.avi,1,8,2,2,287
N0061V2S1A45R2.avi,1,45,2,2,61
N0008V1S1A01R2.avi,1,1,1,2,8
N0040V2S1A39R2.avi,1,39,2,2,40
N0160V2S1A03R2.avi,1,3,2,2,160
N0040V1S1A48R2.avi,1,48,1,2,40
N0279V2S1A15R2.avi,1,15,2,2,279
N0078V3S1A13R2.avi,1,13,3,2,78
N0067V2S1A44R2.avi,1,44,2,2,67
N0081V2S1A17R2.avi,1,17,2,2,81
N0242V2S1A40R2.avi,1,40,2,2,242
N0240V2S1A49R2.avi,1,49,2,2,240
N0088V2S1A36R2.avi,1,36,2,2,88
N0138V1S1A40R2.avi,1,40,1,2,138
N0093V3S1A15R2.avi,1,15,3,2,93
N0068V1S1A49R2.avi,1,49,1,2,68
N0009V2S1A04R2.avi,1,4,2,2,9
N0129V1S1A25R2.avi,1,25,1,2,129
N0023V2S1A29R2.avi,1,29,2,2,23
N0134V2S1A12R2.avi,1,12,2,2,134
N0344V2S1A07R2.avi,1,7,2,2,344
N0135V2S1A27R2.avi,1,27,2,2,135
N0152V1S1A09R2.avi,1,9,1,2,152
N0227V1S1A42R2.avi,1,42,1,2,227
N0006V1S1A13R2.avi,1,13,1,2,6
N0221V2S1A34R2.avi,1,34,2,2,221
N0262V1S1A50R2.avi,1,50,1,2,262
N0263V3S1A42R2.avi,1,42,3,2,263
N0264V2S1A34R2.avi,1,34,2,2,264
N0094V1S1A12R2.avi,1,12,1,2,94
N0125V3S1A16R2.avi,1,16,3,2,125
N0167V1S1A31R2.avi,1,31,1,2,167
N0181V2S1A22R2.avi,1,22,2,2,181
N0287V1S1A47R2.avi,1,47,1,2,287
N0250V2S1A25R2.avi,1,25,2,2,250
N0069V1S1A32R2.avi,1,32,1,2,69
N0186V1S1A49R2.avi,1,49,1,2,186
N0363V1S1A35R2.avi,1,35,1,2,363
N0130V2S1A37R2.avi,1,37,2,2,130
N0189V2S1A22R2.avi,1,22,2,2,189
N0002V2S1A49R2.avi,1,49,2,2,2
N0089V2S1A43R2.avi,1,43,2,2,89
N0019V3S1A15R2.avi,1,15,3,2,19
N0049V1S1A43R2.avi,1,43,1,2,49
N0202V1S1A50R2.avi,1,50,1,2,202
N0222V1S1A49R2.avi,1,49,1,2,222
N0265V3S1A46R2.avi,1,46,3,2,265
N0023V2S1A44R2.avi,1,44,2,2,23
N0062V3S1A36R2.avi,1,36,3,2,62
N0052V3S1A03R2.avi,1,3,3,2,52
N0180V1S1A48R2.avi,1,48,1,2,180
N0072V2S1A07R2.avi,1,7,2,2,72
N0029V1S1A38R2.avi,1,38,1,2,29
N0127V2S1A29R2.avi,1,29,2,2,127
N0025V3S1A24R2.avi,1,24,3,2,25
N0137V1S1A11R2.avi,1,11,1,2,137
N0337V2S1A51R2.avi,1,51,2,2,337
N0006V1S1A07R2.avi,1,7,1,2,6
N0137V1S1A20R2.avi,1,20,1,2,137
N0204V1S1A12R2.avi,1,12,1,2,204
N0212V3S1A10R2.avi,1,10,3,2,212
N0288V2S1A06R2.avi,1,6,2,2,288
N0051V1S1A17R2.avi,1,17,1,2,51
N0078V2S1A40R2.avi,1,40,2,2,78
N0344V3S1A25R2.avi,1,25,3,2,344
N0225V2S1A27R2.avi,1,27,2,2,225
N0189V3S1A38R2.avi,1,38,3,2,189
N0093V1S1A23R2.avi,1,23,1,2,93
N0031V3S1A29R2.avi,1,29,3,2,31
N0039V1S1A04R2.avi,1,4,1,2,39
N0146V1S1A40R2.avi,1,40,1,2,146
N0351V1S1A32R2.avi,1,32,1,2,351
N0033V1S1A45R2.avi,1,45,1,2,33
N0074V2S1A16R2.avi,1,16,2,2,74
N0251V3S1A51R2.avi,1,51,3,2,251
N0100V3S1A48R2.avi,1,48,3,2,100
N0141V1S1A01R2.avi,1,1,1,2,141
N0355V3S1A13R2.avi,1,13,3,2,355
N0199V2S1A42R2.avi,1,42,2,2,199
N0250V3S1A29R2.avi,1,29,3,2,250
N0243V1S1A09R2.avi,1,9,1,2,243
N0080V2S1A49R1.avi,1,49,2,1,80
N0336V1S1A36R2.avi,1,36,1,2,336
N0126V3S1A11R2.avi,1,11,3,2,126
N0230V3S1A43R2.avi,1,43,3,2,230
N0052V3S1A36R2.avi,1,36,3,2,52
N0060V1S1A03R2.avi,1,3,1,2,60
N0258V2S1A43R2.avi,1,43,2,2,258
N0345V2S1A37R2.avi,1,37,2,2,345
N0250V2S1A29R2.avi,1,29,2,2,250
N0362V1S1A22R2.avi,1,22,1,2,362
N0078V1S1A13R2.avi,1,13,1,2,78
N0231V1S1A06R2.avi,1,6,1,2,231
N0156V2S1A50R2.avi,1,50,2,2,156
N0269V2S1A30R2.avi,1,30,2,2,269
N0256V1S1A25R2.avi,1,25,1,2,256
N0226V3S1A44R2.avi,1,44,3,2,226
N0336V1S1A05R2.avi,1,5,1,2,336
N0123V2S1A38R2.avi,1,38,2,2,123
N0176V3S1A37R2.avi,1,37,3,2,176
N0336V1S1A38R2.avi,1,38,1,2,336
N0201V1S1A11R2.avi,1,11,1,2,201
N0070V3S1A39R2.avi,1,39,3,2,70
N0183V3S1A44R2.avi,1,44,3,2,183
N0022V1S1A34R2.avi,1,34,1,2,22
N0342V3S1A42R2.avi,1,42,3,2,342
N0256V2S1A10R2.avi,1,10,2,2,256
N0125V2S1A27R2.avi,1,27,2,2,125
N0261V3S1A12R2.avi,1,12,3,2,261
N0035V3S1A24R2.avi,1,24,3,2,35
N0082V3S1A01R2.avi,1,1,3,2,82
N0036V1S1A19R2.avi,1,19,1,2,36
N0278V1S1A17R2.avi,1,17,1,2,278
N0137V2S1A31R2.avi,1,31,2,2,137
N0267V3S1A45R2.avi,1,45,3,2,267
N0116V2S1A07R2.avi,1,7,2,2,116
N0030V1S1A36R2.avi,1,36,1,2,30
N0001V3S1A20R2.avi,1,20,3,2,1
N0264V1S1A03R2.avi,1,3,1,2,264
N0197V1S1A30R2.avi,1,30,1,2,197
N0233V2S1A49R2.avi,1,49,2,2,233
N0109V2S1A39R2.avi,1,39,2,2,109
N0196V2S1A22R2.avi,1,22,2,2,196
N0082V1S1A33R2.avi,1,33,1,2,82
N0151V1S1A33R2.avi,1,33,1,2,151
N0178V1S1A02R2.avi,1,2,1,2,178
N0239V2S1A51R2.avi,1,51,2,2,239
N0086V1S1A46R2.avi,1,46,1,2,86
N0149V2S1A22R2.avi,1,22,2,2,149
N0286V1S1A10R2.avi,1,10,1,2,286
N0209V3S1A34R2.avi,1,34,3,2,209
N0017V1S1A20R2.avi,1,20,1,2,17
N0036V1S1A01R2.avi,1,1,1,2,36
N0343V1S1A11R2.avi,1,11,1,2,343
N0251V2S1A30R2.avi,1,30,2,2,251
N0083V2S1A29R2.avi,1,29,2,2,83
N0060V1S1A33R2.avi,1,33,1,2,60
N0074V1S1A24R2.avi,1,24,1,2,74
N0162V3S1A34R2.avi,1,34,3,2,162
N0277V3S1A25R2.avi,1,25,3,2,277
N0228V1S1A13R2.avi,1,13,1,2,228
N0337V3S1A28R2.avi,1,28,3,2,337
N0198V1S1A20R2.avi,1,20,1,2,198
N0088V3S1A02R2.avi,1,2,3,2,88
N0095V3S1A12R2.avi,1,12,3,2,95
N0179V1S1A04R2.avi,1,4,1,2,179
N0256V3S1A41R2.avi,1,41,3,2,256
N0028V1S1A02R2.avi,1,2,1,2,28
N0076V2S1A23R2.avi,1,23,2,2,76
N0124V2S1A12R2.avi,1,12,2,2,124
N0191V1S1A03R2.avi,1,3,1,2,191
N0084V1S1A12R2.avi,1,12,1,2,84
N0023V3S1A20R2.avi,1,20,3,2,23
N0239V2S1A20R2.avi,1,20,2,2,239
N0104V1S1A26R2.avi,1,26,1,2,104
N0118V2S1A45R2.avi,1,45,2,2,118
N0131V2S1A07R2.avi,1,7,2,2,131
N0110V1S1A38R2.avi,1,38,1,2,110
N0082V2S1A17R2.avi,1,17,2,2,82
N0334V1S1A08R2.avi,1,8,1,2,334
N0161V2S1A29R2.avi,1,29,2,2,161
N0265V1S1A46R2.avi,1,46,1,2,265
N0017V2S1A38R2.avi,1,38,2,2,17
N0032V3S1A02R2.avi,1,2,3,2,32
N0256V3S1A29R2.avi,1,29,3,2,256
N0229V2S1A06R2.avi,1,6,2,2,229
N0113V3S1A20R2.avi,1,20,3,2,113
N0341V3S1A33R2.avi,1,33,3,2,341
N0203V2S1A15R2.avi,1,15,2,2,203
N0231V1S1A30R2.avi,1,30,1,2,231
N0053V3S1A08R2.avi,1,8,3,2,53
N0121V2S1A44R1.avi,1,44,2,1,121
N0050V3S1A47R2.avi,1,47,3,2,50
N0002V1S1A13R2.avi,1,13,1,2,2
N0250V3S1A01R2.avi,1,1,3,2,250
N0068V2S1A36R2.avi,1,36,2,2,68
N0056V3S1A39R2.avi,1,39,3,2,56
N0067V2S1A07R2.avi,1,7,2,2,67
N0352V2S1A42R2.avi,1,42,2,2,352
N0133V3S1A38R2.avi,1,38,3,2,133
N0037V1S1A04R2.avi,1,4,1,2,37
N0362V2S1A32R2.avi,1,32,2,2,362
N0192V1S1A23R2.avi,1,23,1,2,192
N0161V2S1A11R2.avi,1,11,2,2,161
N0228V2S1A46R2.avi,1,46,2,2,228
N0342V1S1A49R2.avi,1,49,1,2,342
N0193V3S1A29R2.avi,1,29,3,2,193
N0106V3S1A10R2.avi,1,10,3,2,106
N0226V1S1A41R2.avi,1,41,1,2,226
N0073V3S1A31R1.avi,1,31,3,1,73
N0174V3S1A21R2.avi,1,21,3,2,174
N0239V1S1A05R2.avi,1,5,1,2,239
N0163V2S1A29R2.avi,1,29,2,2,163
N0128V2S1A45R2.avi,1,45,2,2,128
N0092V2S1A34R2.avi,1,34,2,2,92
N0139V1S1A35R2.avi,1,35,1,2,139
N0051V3S1A45R2.avi,1,45,3,2,51
N0342V1S1A13R2.avi,1,13,1,2,342
N0266V1S1A33R2.avi,1,33,1,2,266
N0111V3S1A42R2.avi,1,42,3,2,111
N0167V1S1A04R2.avi,1,4,1,2,167
N0216V2S1A45R2.avi,1,45,2,2,216
N0175V1S1A27R2.avi,1,27,1,2,175
N0080V1S1A36R2.avi,1,36,1,2,80
N0013V3S1A39R2.avi,1,39,3,2,13
N0268V3S1A50R2.avi,1,50,3,2,268
N0218V1S1A03R2.avi,1,3,1,2,218
N0072V2S1A51R2.avi,1,51,2,2,72
N0006V2S1A01R2.avi,1,1,2,2,6
N0242V2S1A17R2.avi,1,17,2,2,242
N0066V2S1A19R2.avi,1,19,2,2,66
N0102V3S1A07R2.avi,1,7,3,2,102
N0337V1S1A25R2.avi,1,25,1,2,337
N0057V1S1A42R2.avi,1,42,1,2,57
N0278V3S1A13R2.avi,1,13,3,2,278
N0169V3S1A44R2.avi,1,44,3,2,169
N0261V3S1A27R2.avi,1,27,3,2,261
N0181V1S1A11R2.avi,1,11,1,2,181
N0177V3S1A05R2.avi,1,5,3,2,177
N0132V1S1A07R2.avi,1,7,1,2,132
N0178V3S1A10R2.avi,1,10,3,2,178
N0043V2S1A11R2.avi,1,11,2,2,43
N0131V1S1A25R2.avi,1,25,1,2,131
N0283V3S1A25R2.avi,1,25,3,2,283
N0168V1S1A30R2.avi,1,30,1,2,168
N0352V3S1A34R2.avi,1,34,3,2,352
N0054V2S1A24R2.avi,1,24,2,2,54
N0127V2S1A13R2.avi,1,13,2,2,127
N0273V2S1A25R2.avi,1,25,2,2,273
N0172V1S1A30R2.avi,1,30,1,2,172
N0146V2S1A50R2.avi,1,50,2,2,146
N0209V3S1A05R2.avi,1,5,3,2,209
N0093V3S1A19R2.avi,1,19,3,2,93
N0347V3S1A51R2.avi,1,51,3,2,347
N0032V3S1A03R2.avi,1,3,3,2,32
N0270V1S1A12R2.avi,1,12,1,2,270
N0192V2S1A35R1.avi,1,35,2,1,192
N0139V1S1A06R2.avi,1,6,1,2,139
N0288V3S1A29R2.avi,1,29,3,2,288
N0283V3S1A36R2.avi,1,36,3,2,283
N0343V2S1A08R2.avi,1,8,2,2,343
N0191V1S1A06R2.avi,1,6,1,2,191
N0240V2S1A39R2.avi,1,39,2,2,240
N0339V2S1A27R2.avi,1,27,2,2,339
N0262V2S1A28R2.avi,1,28,2,2,262
N0210V3S1A47R2.avi,1,47,3,2,210
N0015V2S1A24R2.avi,1,24,2,2,15
N0129V2S1A38R2.avi,1,38,2,2,129
N0012V2S1A36R2.avi,1,36,2,2,12
N0264V3S1A22R2.avi,1,22,3,2,264
N0352V1S1A41R2.avi,1,41,1,2,352
N0130V1S1A08R2.avi,1,8,1,2,130
N0089V3S1A11R2.avi,1,11,3,2,89
N0283V1S1A30R2.avi,1,30,1,2,283
N0266V1S1A39R2.avi,1,39,1,2,266
N0052V2S1A46R2.avi,1,46,2,2,52
N0169V2S1A42R2.avi,1,42,2,2,169
N0221V3S1A38R2.avi,1,38,3,2,221
N0132V3S1A40R2.avi,1,40,3,2,132
N0072V2S1A48R2.avi,1,48,2,2,72
N0221V3S1A46R2.avi,1,46,3,2,221
N0130V1S1A48R2.avi,1,48,1,2,130
N0341V1S1A34R2.avi,1,34,1,2,341
N0091V2S1A31R2.avi,1,31,2,2,91
N0147V3S1A32R2.avi,1,32,3,2,147
N0361V3S1A48R2.avi,1,48,3,2,361
N0092V1S1A36R2.avi,1,36,1,2,92
N0001V1S1A43R2.avi,1,43,1,2,1
N0363V2S1A31R2.avi,1,31,2,2,363
N0145V3S1A27R2.avi,1,27,3,2,145
N0017V3S1A50R2.avi,1,50,3,2,17
N0038V3S1A50R1.avi,1,50,3,1,38
N0337V1S1A31R2.avi,1,31,1,2,337
N0090V1S1A25R2.avi,1,25,1,2,90
N0252V2S1A28R2.avi,1,28,2,2,252
N0353V2S1A31R2.avi,1,31,2,2,353
N0040V2S1A01R2.avi,1,1,2,2,40
N0117V3S1A43R2.avi,1,43,3,2,117
N0118V2S1A01R2.avi,1,1,2,2,118
N0027V3S1A41R2.avi,1,41,3,2,27
N0166V2S1A10R2.avi,1,10,2,2,166
N0192V2S1A48R2.avi,1,48,2,2,192
N0264V1S1A40R2.avi,1,40,1,2,264
N0342V1S1A34R2.avi,1,34,1,2,342
N0199V3S1A50R2.avi,1,50,3,2,199
N0077V3S1A13R2.avi,1,13,3,2,77
N0053V2S1A43R2.avi,1,43,2,2,53
N0345V3S1A46R2.avi,1,46,3,2,345
N0288V1S1A31R2.avi,1,31,1,2,288
N0360V1S1A25R2.avi,1,25,1,2,360
N0167V3S1A19R2.avi,1,19,3,2,167
N0256V3S1A28R2.avi,1,28,3,2,256
N0099V1S1A34R2.avi,1,34,1,2,99
N0009V3S1A29R2.avi,1,29,3,2,9
N0251V3S1A45R2.avi,1,45,3,2,251
N0143V3S1A37R2.avi,1,37,3,2,143
N0191V1S1A17R2.avi,1,17,1,2,191
N0139V3S1A28R2.avi,1,28,3,2,139
N0078V3S1A28R2.avi,1,28,3,2,78
N0240V3S1A37R2.avi,1,37,3,2,240
N0213V1S1A06R2.avi,1,6,1,2,213
N0051V2S1A15R2.avi,1,15,2,2,51
N0289V1S1A50R2.avi,1,50,1,2,289
N0190V2S1A04R2.avi,1,4,2,2,190
N0099V1S1A09R2.avi,1,9,1,2,99
N0034V2S1A16R2.avi,1,16,2,2,34
N0010V1S1A08R2.avi,1,8,1,2,10
N0216V1S1A04R2.avi,1,4,1,2,216
N0190V3S1A44R2.avi,1,44,3,2,190
N0178V3S1A39R2.avi,1,39,3,2,178
N0191V2S1A19R2.avi,1,19,2,2,191
N0342V3S1A36R2.avi,1,36,3,2,342
N0068V1S1A47R2.avi,1,47,1,2,68
N0077V1S1A41R2.avi,1,41,1,2,77
N0177V1S1A31R2.avi,1,31,1,2,177
N0074V3S1A27R2.avi,1,27,3,2,74
N0123V2S1A23R2.avi,1,23,2,2,123
N0240V2S1A38R2.avi,1,38,2,2,240
N0273V2S1A31R2.avi,1,31,2,2,273
N0019V1S1A42R0.avi,1,42,1,0,19
N0232V1S1A23R2.avi,1,23,1,2,232
N0124V1S1A26R2.avi,1,26,1,2,124
N0356V3S1A36R2.avi,1,36,3,2,356
N0178V3S1A32R2.avi,1,32,3,2,178
N0362V2S1A22R2.avi,1,22,2,2,362
N0088V2S1A49R2.avi,1,49,2,2,88
N0096V2S1A02R2.avi,1,2,2,2,96
N0013V1S1A22R2.avi,1,22,1,2,13
N0028V2S1A03R2.avi,1,3,2,2,28
N0070V3S1A51R2.avi,1,51,3,2,70
N0158V3S1A02R2.avi,1,2,3,2,158
N0030V3S1A48R2.avi,1,48,3,2,30
N0096V2S1A43R2.avi,1,43,2,2,96
N0264V1S1A17R2.avi,1,17,1,2,264
N0103V3S1A20R2.avi,1,20,3,2,103
N0159V2S1A07R2.avi,1,7,2,2,159
N0192V3S1A08R2.avi,1,8,3,2,192
N0140V2S1A50R2.avi,1,50,2,2,140
N0145V2S1A21R2.avi,1,21,2,2,145
N0344V2S1A03R2.avi,1,3,2,2,344
N0278V2S1A34R2.avi,1,34,2,2,278
N0132V1S1A28R2.avi,1,28,1,2,132
N0356V3S1A43R2.avi,1,43,3,2,356
N0168V3S1A36R2.avi,1,36,3,2,168
N0030V1S1A10R2.avi,1,10,1,2,30
N0267V1S1A43R2.avi,1,43,1,2,267
N0156V1S1A25R2.avi,1,25,1,2,156
N0257V3S1A30R2.avi,1,30,3,2,257
N0232V3S1A23R2.avi,1,23,3,2,232
N0273V3S1A51R2.avi,1,51,3,2,273
N0190V1S1A04R2.avi,1,4,1,2,190
N0062V2S1A03R2.avi,1,3,2,2,62
N0032V1S1A13R2.avi,1,13,1,2,32
N0071V3S1A44R2.avi,1,44,3,2,71
N0134V1S1A27R2.avi,1,27,1,2,134
N0142V3S1A03R2.avi,1,3,3,2,142
N0278V1S1A43R2.avi,1,43,1,2,278
N0256V2S1A11R2.avi,1,11,2,2,256
N0132V1S1A50R2.avi,1,50,1,2,132
N0266V3S1A40R2.avi,1,40,3,2,266
N0361V2S1A29R2.avi,1,29,2,2,361
N0126V2S1A48R2.avi,1,48,2,2,126
N0355V2S1A29R2.avi,1,29,2,2,355
N0041V1S1A45R2.avi,1,45,1,2,41
N0153V2S1A29R2.avi,1,29,2,2,153
N0007V1S1A43R2.avi,1,43,1,2,7
N0067V3S1A20R2.avi,1,20,3,2,67
N0061V1S1A45R2.avi,1,45,1,2,61
N0335V2S1A37R2.avi,1,37,2,2,335
N0198V2S1A05R2.avi,1,5,2,2,198
N0128V1S1A38R2.avi,1,38,1,2,128
N0196V3S1A33R2.avi,1,33,3,2,196
N0279V3S1A07R2.avi,1,7,3,2,279
N0350V2S1A30R2.avi,1,30,2,2,350
N0230V1S1A03R2.avi,1,3,1,2,230
N0128V2S1A01R2.avi,1,1,2,2,128
N0007V3S1A42R2.avi,1,42,3,2,7
N0217V2S1A28R2.avi,1,28,2,2,217
N0061V3S1A42R2.avi,1,42,3,2,61
N0153V1S1A13R2.avi,1,13,1,2,153
N0002V2S1A37R2.avi,1,37,2,2,2
N0066V1S1A37R2.avi,1,37,1,2,66
N0134V1S1A14R2.avi,1,14,1,2,134
N0044V1S1A26R2.avi,1,26,1,2,44
N0191V2S1A13R2.avi,1,13,2,2,191
N0354V2S1A38R2.avi,1,38,2,2,354
N0081V3S1A05R2.avi,1,5,3,2,81
N0119V1S1A15R2.avi,1,15,1,2,119
N0096V3S1A03R2.avi,1,3,3,2,96
N0052V3S1A25R2.avi,1,25,3,2,52
N0346V2S1A44R2.avi,1,44,2,2,346
N0335V1S1A31R2.avi,1,31,1,2,335
N0033V2S1A20R2.avi,1,20,2,2,33
N0341V2S1A28R2.avi,1,28,2,2,341
N0179V1S1A40R2.avi,1,40,1,2,179
N0188V1S1A28R1.avi,1,28,1,1,188
N0289V2S1A50R2.avi,1,50,2,2,289
N0232V2S1A44R2.avi,1,44,2,2,232
N0286V3S1A02R2.avi,1,2,3,2,286
N0343V1S1A46R0.avi,1,46,1,0,343
N0361V2S1A36R2.avi,1,36,2,2,361
N0117V2S1A29R2.avi,1,29,2,2,117
N0343V3S1A17R2.avi,1,17,3,2,343
N0016V3S1A10R2.avi,1,10,3,2,16
N0240V1S1A36R2.avi,1,36,1,2,240
N0038V1S1A33R2.avi,1,33,1,2,38
N0277V1S1A05R2.avi,1,5,1,2,277
N0202V1S1A39R2.avi,1,39,1,2,202
N0060V3S1A03R2.avi,1,3,3,2,60
N0099V3S1A46R2.avi,1,46,3,2,99
N0072V3S1A01R2.avi,1,1,3,2,72
N0218V1S1A31R2.avi,1,31,1,2,218
N0005V1S1A24R2.avi,1,24,1,2,5
N0207V2S1A29R2.avi,1,29,2,2,207
N0033V1S1A10R2.avi,1,10,1,2,33
N0266V3S1A02R2.avi,1,2,3,2,266
N0030V1S1A49R2.avi,1,49,1,2,30
N0200V1S1A38R2.avi,1,38,1,2,200
N0048V3S1A03R2.avi,1,3,3,2,48
N0273V3S1A48R2.avi,1,48,3,2,273
N0281V1S1A38R2.avi,1,38,1,2,281
N0264V3S1A51R2.avi,1,51,3,2,264
N0277V2S1A47R2.avi,1,47,2,2,277
N0250V1S1A03R2.avi,1,3,1,2,250
N0022V2S1A28R2.avi,1,28,2,2,22
N0221V3S1A30R2.avi,1,30,3,2,221
N0019V2S1A22R2.avi,1,22,2,2,19
N0256V2S1A36R2.avi,1,36,2,2,256
N0043V1S1A32R2.avi,1,32,1,2,43
N0135V2S1A14R2.avi,1,14,2,2,135
N0335V3S1A33R2.avi,1,33,3,2,335
N0106V2S1A36R2.avi,1,36,2,2,106
N0003V3S1A01R2.avi,1,1,3,2,3
N0088V2S1A25R1.avi,1,25,2,1,88
N0058V2S1A05R2.avi,1,5,2,2,58
N0012V2S1A35R0.avi,1,35,2,0,12
N0197V3S1A49R2.avi,1,49,3,2,197
N0038V2S1A02R2.avi,1,2,2,2,38
N0282V1S1A32R2.avi,1,32,1,2,282
N0193V1S1A09R2.avi,1,9,1,2,193
N0125V1S1A27R2.avi,1,27,1,2,125
N0173V3S1A11R2.avi,1,11,3,2,173
N0146V1S1A23R2.avi,1,23,1,2,146
N0092V1S1A40R2.avi,1,40,1,2,92
N0206V1S1A31R2.avi,1,31,1,2,206
N0058V3S1A02R2.avi,1,2,3,2,58
N0335V1S1A32R2.avi,1,32,1,2,335
N0232V1S1A17R2.avi,1,17,1,2,232
N0043V2S1A39R2.avi,1,39,2,2,43
N0125V2S1A14R2.avi,1,14,2,2,125
N0088V3S1A06R2.avi,1,6,3,2,88
N0043V1S1A39R2.avi,1,39,1,2,43
N0206V2S1A37R2.avi,1,37,2,2,206
N0204V3S1A21R2.avi,1,21,3,2,204
N0086V2S1A28R2.avi,1,28,2,2,86
N0132V3S1A01R2.avi,1,1,3,2,132
N0262V2S1A23R2.avi,1,23,2,2,262
N0143V3S1A44R2.avi,1,44,3,2,143
N0057V1S1A07R2.avi,1,7,1,2,57
N0009V3S1A09R2.avi,1,9,3,2,9
N0354V3S1A40R2.avi,1,40,3,2,354
N0018V3S1A34R2.avi,1,34,3,2,18
N0243V2S1A49R2.avi,1,49,2,2,243
N0160V2S1A29R2.avi,1,29,2,2,160
N0280V1S1A02R2.avi,1,2,1,2,280
N0342V2S1A37R2.avi,1,37,2,2,342
N0142V2S1A47R2.avi,1,47,2,2,142
N0240V3S1A11R2.avi,1,11,3,2,240
N0242V3S1A38R2.avi,1,38,3,2,242
N0223V2S1A51R2.avi,1,51,2,2,223
N0079V1S1A22R2.avi,1,22,1,2,79
N0176V1S1A03R2.avi,1,3,1,2,176
N0119V3S1A15R2.avi,1,15,3,2,119
N0023V3S1A43R2.avi,1,43,3,2,23
N0047V1S1A43R2.avi,1,43,1,2,47
N0362V3S1A03R2.avi,1,3,3,2,362
N0176V1S1A38R2.avi,1,38,1,2,176
N0078V3S1A02R2.avi,1,2,3,2,78
N0111V2S1A32R2.avi,1,32,2,2,111
N0028V2S1A05R2.avi,1,5,2,2,28
N0166V1S1A30R2.avi,1,30,1,2,166
N0020V2S1A01R2.avi,1,1,2,2,20
N0240V2S1A41R1.avi,1,41,2,1,240
N0170V3S1A51R2.avi,1,51,3,2,170
N0335V1S1A48R2.avi,1,48,1,2,335
N0021V1S1A06R2.avi,1,6,1,2,21
N0170V2S1A51R2.avi,1,51,2,2,170
N0007V3S1A44R1.avi,1,44,3,1,7
N0218V3S1A46R2.avi,1,46,3,2,218
N0345V1S1A36R2.avi,1,36,1,2,345
N0281V1S1A17R2.avi,1,17,1,2,281
N0195V1S1A24R2.avi,1,24,1,2,195
N0357V3S1A35R2.avi,1,35,3,2,357
N0019V1S1A22R2.avi,1,22,1,2,19
N0277V3S1A13R2.avi,1,13,3,2,277
N0067V1S1A22R2.avi,1,22,1,2,67
N0288V3S1A35R2.avi,1,35,3,2,288
N0356V1S1A43R2.avi,1,43,1,2,356
N0360V2S1A08R2.avi,1,8,2,2,360
N0269V2S1A46R2.avi,1,46,2,2,269
N0138V3S1A19R2.avi,1,19,3,2,138
N0149V2S1A05R2.avi,1,5,2,2,149
N0069V1S1A15R2.avi,1,15,1,2,69
N0062V3S1A13R2.avi,1,13,3,2,62
N0136V1S1A23R2.avi,1,23,1,2,136
N0175V2S1A12R2.avi,1,12,2,2,175
N0202V3S1A45R2.avi,1,45,3,2,202
N0280V2S1A39R2.avi,1,39,2,2,280
N0056V1S1A46R2.avi,1,46,1,2,56
N0258V1S1A23R2.avi,1,23,1,2,258
N0228V1S1A31R2.avi,1,31,1,2,228
N0336V3S1A41R2.avi,1,41,3,2,336
N0155V2S1A14R2.avi,1,14,2,2,155
N0161V2S1A17R2.avi,1,17,2,2,161
N0089V3S1A41R2.avi,1,41,3,2,89
N0283V1S1A46R2.avi,1,46,1,2,283
N0064V2S1A21R2.avi,1,21,2,2,64
N0267V1S1A13R2.avi,1,13,1,2,267
N0259V2S1A44R2.avi,1,44,2,2,259
N0266V2S1A34R2.avi,1,34,2,2,266
N0128V3S1A23R2.avi,1,23,3,2,128
N0189V3S1A20R2.avi,1,20,3,2,189
N0282V1S1A01R2.avi,1,1,1,2,282
N0265V1S1A38R2.avi,1,38,1,2,265
N0288V3S1A51R2.avi,1,51,3,2,288
N0257V3S1A33R2.avi,1,33,3,2,257
N0088V3S1A33R2.avi,1,33,3,2,88
N0340V2S1A04R2.avi,1,4,2,2,340
N0080V3S1A49R1.avi,1,49,3,1,80
N0068V2S1A28R2.avi,1,28,2,2,68
N0363V2S1A46R2.avi,1,46,2,2,363
N0190V1S1A08R2.avi,1,8,1,2,190
N0164V1S1A16R2.avi,1,16,1,2,164
N0051V3S1A22R2.avi,1,22,3,2,51
N0075V2S1A24R2.avi,1,24,2,2,75
N0003V2S1A15R2.avi,1,15,2,2,3
N0190V3S1A45R2.avi,1,45,3,2,190
N0217V3S1A36R2.avi,1,36,3,2,217
N0282V2S1A17R2.avi,1,17,2,2,282
N0129V2S1A17R2.avi,1,17,2,2,129
N0158V2S1A32R2.avi,1,32,2,2,158
N0021V2S1A31R1.avi,1,31,2,1,21
N0179V3S1A29R2.avi,1,29,3,2,179
N0286V2S1A11R2.avi,1,11,2,2,286
N0201V3S1A51R2.avi,1,51,3,2,201
N0042V1S1A46R2.avi,1,46,1,2,42
N0164V1S1A14R2.avi,1,14,1,2,164
N0128V1S1A36R2.avi,1,36,1,2,128
N0350V1S1A01R2.avi,1,1,1,2,350
N0360V1S1A50R2.avi,1,50,1,2,360
N0181V2S1A01R2.avi,1,1,2,2,181
N0182V3S1A34R2.avi,1,34,3,2,182
N0254V1S1A27R2.avi,1,27,1,2,254
N0257V2S1A32R2.avi,1,32,2,2,257
N0153V3S1A07R2.avi,1,7,3,2,153
N0079V2S1A20R2.avi,1,20,2,2,79
N0250V1S1A34R2.avi,1,34,1,2,250
N0276V1S1A23R2.avi,1,23,1,2,276
N0002V3S1A51R2.avi,1,51,3,2,2
N0149V3S1A45R2.avi,1,45,3,2,149
N0199V3S1A45R2.avi,1,45,3,2,199
N0341V2S1A15R2.avi,1,15,2,2,341
N0267V3S1A17R2.avi,1,17,3,2,267
N0046V1S1A28R2.avi,1,28,1,2,46
N0171V3S1A20R2.avi,1,20,3,2,171
N0019V1S1A31R2.avi,1,31,1,2,19
N0167V1S1A43R2.avi,1,43,1,2,167
N0216V2S1A41R2.avi,1,41,2,2,216
N0352V1S1A34R2.avi,1,34,1,2,352
N0108V2S1A50R2.avi,1,50,2,2,108
N0056V3S1A01R2.avi,1,1,3,2,56
N0057V3S1A06R2.avi,1,6,3,2,57
N0117V2S1A25R2.avi,1,25,2,2,117
N0179V3S1A31R2.avi,1,31,3,2,179
N0131V1S1A02R2.avi,1,2,1,2,131
N0119V1S1A48R2.avi,1,48,1,2,119
N0093V2S1A19R2.avi,1,19,2,2,93
N0033V2S1A15R2.avi,1,15,2,2,33
N0089V2S1A08R2.avi,1,8,2,2,89
N0207V3S1A32R2.avi,1,32,3,2,207
N0060V3S1A10R2.avi,1,10,3,2,60
N0253V3S1A07R2.avi,1,7,3,2,253
N0120V1S1A20R2.avi,1,20,1,2,120
N0145V3S1A21R2.avi,1,21,3,2,145
N0043V1S1A29R2.avi,1,29,1,2,43
N0040V1S1A35R2.avi,1,35,1,2,40
N0102V3S1A28R2.avi,1,28,3,2,102
N0200V2S1A36R2.avi,1,36,2,2,200
N0123V2S1A39R2.avi,1,39,2,2,123
N0051V1S1A40R2.avi,1,40,1,2,51
N0021V1S1A07R2.avi,1,7,1,2,21
N0182V3S1A30R2.avi,1,30,3,2,182
N0355V2S1A15R2.avi,1,15,2,2,355
N0094V2S1A24R2.avi,1,24,2,2,94
N0172V1S1A22R2.avi,1,22,1,2,172
N0027V3S1A22R2.avi,1,22,3,2,27
N0153V3S1A01R2.avi,1,1,3,2,153
N0190V2S1A50R2.avi,1,50,2,2,190
N0098V3S1A34R2.avi,1,34,3,2,98
N0363V1S1A29R2.avi,1,29,1,2,363
N0077V1S1A17R2.avi,1,17,1,2,77
N0341V2S1A38R2.avi,1,38,2,2,341
N0131V2S1A51R2.avi,1,51,2,2,131
N0165V2S1A18R2.avi,1,18,2,2,165
N0106V3S1A37R2.avi,1,37,3,2,106
N0361V1S1A17R2.avi,1,17,1,2,361
N0043V3S1A09R2.avi,1,9,3,2,43
N0240V3S1A22R2.avi,1,22,3,2,240
N0076V3S1A28R2.avi,1,28,3,2,76
N0220V2S1A33R2.avi,1,33,2,2,220
N0083V2S1A38R2.avi,1,38,2,2,83
N0076V3S1A23R2.avi,1,23,3,2,76
N0152V3S1A08R2.avi,1,8,3,2,152
N0062V1S1A28R2.avi,1,28,1,2,62
N0341V2S1A33R2.avi,1,33,2,2,341
N0106V1S1A08R2.avi,1,8,1,2,106
N0275V3S1A47R2.avi,1,47,3,2,275
N0164V1S1A18R2.avi,1,18,1,2,164
N0068V1S1A30R2.avi,1,30,1,2,68
N0344V2S1A09R2.avi,1,9,2,2,344
N0232V2S1A17R2.avi,1,17,2,2,232
N0120V1S1A29R2.avi,1,29,1,2,120
N0186V1S1A02R2.avi,1,2,1,2,186
N0083V2S1A10R2.avi,1,10,2,2,83
N0157V3S1A13R2.avi,1,13,3,2,157
N0361V3S1A28R2.avi,1,28,3,2,361
N0281V3S1A47R2.avi,1,47,3,2,281
N0272V2S1A50R2.avi,1,50,2,2,272
N0118V3S1A22R2.avi,1,22,3,2,118
N0201V2S1A07R1.avi,1,7,2,1,201
N0068V2S1A33R2.avi,1,33,2,2,68
N0162V2S1A19R2.avi,1,19,2,2,162
N0337V3S1A51R2.avi,1,51,3,2,337
N0088V1S1A23R1.avi,1,23,1,1,88
N0081V3S1A04R2.avi,1,4,3,2,81
N0235V3S1A14R2.avi,1,14,3,2,235
N0038V2S1A06R2.avi,1,6,2,2,38
N0262V3S1A44R2.avi,1,44,3,2,262
N0153V3S1A05R2.avi,1,5,3,2,153
N0134V2S1A24R2.avi,1,24,2,2,134
N0167V3S1A06R2.avi,1,6,3,2,167
N0263V1S1A44R2.avi,1,44,1,2,263
N0134V3S1A12R2.avi,1,12,3,2,134
N0208V3S1A07R2.avi,1,7,3,2,208
N0133V1S1A42R2.avi,1,42,1,2,133
N0037V3S1A32R2.avi,1,32,3,2,37
N0052V3S1A05R2.avi,1,5,3,2,52
N0090V2S1A19R2.avi,1,19,2,2,90
N0132V1S1A08R2.avi,1,8,1,2,132
N0161V2S1A02R2.avi,1,2,2,2,161
N0006V3S1A51R2.avi,1,51,3,2,6
N0146V2S1A48R2.avi,1,48,2,2,146
N0068V3S1A36R2.avi,1,36,3,2,68
N0250V1S1A37R2.avi,1,37,1,2,250
N0139V2S1A45R2.avi,1,45,2,2,139
N0267V1S1A33R2.avi,1,33,1,2,267
N0180V2S1A23R2.avi,1,23,2,2,180
N0078V2S1A36R2.avi,1,36,2,2,78
N0227V3S1A13R2.avi,1,13,3,2,227
N0146V2S1A10R2.avi,1,10,2,2,146
N0042V2S1A01R2.avi,1,1,2,2,42
N0200V2S1A28R0.avi,1,28,2,0,200
N0338V3S1A27R2.avi,1,27,3,2,338
N0147V1S1A29R2.avi,1,29,1,2,147
N0079V3S1A44R2.avi,1,44,3,2,79
N0212V1S1A37R2.avi,1,37,1,2,212
N0097V2S1A28R2.avi,1,28,2,2,97
N0096V2S1A05R2.avi,1,5,2,2,96
N0279V2S1A49R2.avi,1,49,2,2,279
N0245V3S1A24R2.avi,1,24,3,2,245
N0103V1S1A29R2.avi,1,29,1,2,103
N0223V1S1A09R2.avi,1,9,1,2,223
N0148V1S1A06R2.avi,1,6,1,2,148
N0149V1S1A17R2.avi,1,17,1,2,149
N0340V3S1A03R2.avi,1,3,3,2,340
N0016V1S1A23R2.avi,1,23,1,2,16
N0218V3S1A23R2.avi,1,23,3,2,218
N0281V3S1A23R2.avi,1,23,3,2,281
N0158V1S1A29R2.avi,1,29,1,2,158
N0121V2S1A20R2.avi,1,20,2,2,121
N0260V2S1A16R2.avi,1,16,2,2,260
N0069V3S1A43R2.avi,1,43,3,2,69
N0027V2S1A11R2.avi,1,11,2,2,27
N0160V3S1A38R2.avi,1,38,3,2,160
N0013V1S1A38R2.avi,1,38,1,2,13
N0117V1S1A25R2.avi,1,25,1,2,117
N0039V2S1A43R2.avi,1,43,2,2,39
N0107V2S1A20R2.avi,1,20,2,2,107
N0265V1S1A10R2.avi,1,10,1,2,265
N0278V2S1A17R2.avi,1,17,2,2,278
N0219V2S1A11R2.avi,1,11,2,2,219
N0343V1S1A02R2.avi,1,2,1,2,343
N0050V3S1A19R2.avi,1,19,3,2,50
N0173V1S1A45R2.avi,1,45,1,2,173
N0342V2S1A19R2.avi,1,19,2,2,342
N0222V2S1A49R2.avi,1,49,2,2,222
N0101V2S1A15R2.avi,1,15,2,2,101
N0021V1S1A05R2.avi,1,5,1,2,21
N0262V2S1A36R2.avi,1,36,2,2,262
N0097V2S1A15R2.avi,1,15,2,2,97
N0272V1S1A03R2.avi,1,3,1,2,272
N0099V1S1A47R2.avi,1,47,1,2,99
N0156V1S1A35R2.avi,1,35,1,2,156
N0352V3S1A29R2.avi,1,29,3,2,352
N0157V3S1A20R2.avi,1,20,3,2,157
N0226V3S1A34R2.avi,1,34,3,2,226
N0216V3S1A08R2.avi,1,8,3,2,216
N0090V3S1A10R2.avi,1,10,3,2,90
N0012V1S1A02R2.avi,1,2,1,2,12
N0162V3S1A48R2.avi,1,48,3,2,162
N0199V2S1A04R2.avi,1,4,2,2,199
N0269V3S1A48R2.avi,1,48,3,2,269
N0132V2S1A50R2.avi,1,50,2,2,132
N0288V1S1A02R2.avi,1,2,1,2,288
N0182V2S1A38R2.avi,1,38,2,2,182
N0121V2S1A25R2.avi,1,25,2,2,121
N0341V2S1A49R2.avi,1,49,2,2,341
N0363V3S1A10R2.avi,1,10,3,2,363
N0278V2S1A48R2.avi,1,48,2,2,278
N0256V1S1A28R2.avi,1,28,1,2,256
N0341V3S1A35R2.avi,1,35,3,2,341
N0251V1S1A46R2.avi,1,46,1,2,251
N0050V2S1A35R2.avi,1,35,2,2,50
N0022V3S1A34R2.avi,1,34,3,2,22
N0063V3S1A38R2.avi,1,38,3,2,63
N0150V1S1A13R2.avi,1,13,1,2,150
N0128V2S1A36R2.avi,1,36,2,2,128
N0050V1S1A46R2.avi,1,46,1,2,50
N0209V1S1A02R2.avi,1,2,1,2,209
N0183V1S1A22R2.avi,1,22,1,2,183
N0233V3S1A42R2.avi,1,42,3,2,233
N0218V1S1A29R2.avi,1,29,1,2,218
N0159V1S1A13R2.avi,1,13,1,2,159
N0259V1S1A37R2.avi,1,37,1,2,259
N0353V1S1A30R2.avi,1,30,1,2,353
N0256V1S1A01R2.avi,1,1,1,2,256
N0126V1S1A08R2.avi,1,8,1,2,126
N0357V2S1A09R2.avi,1,9,2,2,357
N0347V3S1A25R2.avi,1,25,3,2,347
N0239V2S1A29R2.avi,1,29,2,2,239
N0068V2S1A01R2.avi,1,1,2,2,68
N0135V2S1A12R2.avi,1,12,2,2,135
N0031V1S1A09R2.avi,1,9,1,2,31
N0198V1S1A40R2.avi,1,40,1,2,198
N0356V3S1A41R2.avi,1,41,3,2,356
N0251V2S1A22R2.avi,1,22,2,2,251
N0097V3S1A45R2.avi,1,45,3,2,97
N0056V1S1A02R2.avi,1,2,1,2,56
N0038V1S1A09R2.avi,1,9,1,2,38
N0102V1S1A51R2.avi,1,51,1,2,102
N0149V2S1A07R2.avi,1,7,2,2,149
N0257V3S1A06R2.avi,1,6,3,2,257
N0230V3S1A28R0.avi,1,28,3,0,230
N0187V1S1A42R2.avi,1,42,1,2,187
N0136V2S1A28R2.avi,1,28,2,2,136
N0118V3S1A29R2.avi,1,29,3,2,118
N0083V1S1A43R2.avi,1,43,1,2,83
N0257V2S1A33R2.avi,1,33,2,2,257
N0198V3S1A38R2.avi,1,38,3,2,198
N0279V2S1A33R2.avi,1,33,2,2,279
N0281V3S1A39R2.avi,1,39,3,2,281
N0132V3S1A33R2.avi,1,33,3,2,132
N0232V1S1A05R2.avi,1,5,1,2,232
N0096V1S1A03R2.avi,1,3,1,2,96
N0267V1S1A06R2.avi,1,6,1,2,267
N0025V2S1A12R2.avi,1,12,2,2,25
N0272V2S1A22R2.avi,1,22,2,2,272
N0251V2S1A38R2.avi,1,38,2,2,251
N0176V1S1A08R2.avi,1,8,1,2,176
N0004V1S1A18R2.avi,1,18,1,2,4
N0084V1S1A18R2.avi,1,18,1,2,84
N0086V2S1A34R2.avi,1,34,2,2,86
N0088V1S1A25R1.avi,1,25,1,1,88
N0192V1S1A04R2.avi,1,4,1,2,192
N0139V1S1A20R2.avi,1,20,1,2,139
N0062V2S1A02R2.avi,1,2,2,2,62
N0107V1S1A13R2.avi,1,13,1,2,107
N0243V1S1A36R2.avi,1,36,1,2,243
N0263V2S1A42R2.avi,1,42,2,2,263
N0078V1S1A02R2.avi,1,2,1,2,78
N0046V2S1A02R2.avi,1,2,2,2,46
N0272V2S1A04R2.avi,1,4,2,2,272
N0230V3S1A35R0.avi,1,35,3,0,230
N0253V1S1A15R2.avi,1,15,1,2,253
N0288V1S1A03R2.avi,1,3,1,2,288
N0013V3S1A23R2.avi,1,23,3,2,13
N0135V1S1A18R2.avi,1,18,1,2,135
N0158V3S1A35R2.avi,1,35,3,2,158
N0068V2S1A25R2.avi,1,25,2,2,68
N0102V1S1A37R2.avi,1,37,1,2,102
N0028V1S1A48R2.avi,1,48,1,2,28
N0116V2S1A02R2.avi,1,2,2,2,116
N0164V3S1A26R2.avi,1,26,3,2,164
N0251V1S1A30R2.avi,1,30,1,2,251
N0009V1S1A22R2.avi,1,22,1,2,9
N0334V3S1A51R2.avi,1,51,3,2,334
N0156V1S1A49R2.avi,1,49,1,2,156
N0269V3S1A23R2.avi,1,23,3,2,269
N0226V1S1A07R2.avi,1,7,1,2,226
N0037V1S1A13R2.avi,1,13,1,2,37
N0067V1S1A41R2.avi,1,41,1,2,67
N0161V3S1A48R2.avi,1,48,3,2,161
N0257V1S1A22R2.avi,1,22,1,2,257
N0163V2S1A22R2.avi,1,22,2,2,163
N0061V1S1A42R2.avi,1,42,1,2,61
N0172V2S1A28R2.avi,1,28,2,2,172
N0105V3S1A26R2.avi,1,26,3,2,105
N0171V1S1A19R2.avi,1,19,1,2,171
N0340V1S1A08R2.avi,1,8,1,2,340
N0123V1S1A50R2.avi,1,50,1,2,123
N0355V2S1A48R2.avi,1,48,2,2,355
N0162V2S1A48R2.avi,1,48,2,2,162
N0180V3S1A39R2.avi,1,39,3,2,180
N0340V3S1A22R2.avi,1,22,3,2,340
N0241V2S1A29R2.avi,1,29,2,2,241
N0282V2S1A50R2.avi,1,50,2,2,282
N0015V2S1A27R0.avi,1,27,2,0,15
N0037V1S1A41R2.avi,1,41,1,2,37
N0067V2S1A20R2.avi,1,20,2,2,67
N0235V3S1A26R2.avi,1,26,3,2,235
N0277V1S1A30R2.avi,1,30,1,2,277
N0026V2S1A47R2.avi,1,47,2,2,26
N0233V2S1A28R0.avi,1,28,2,0,233
N0278V1S1A28R2.avi,1,28,1,2,278
N0258V1S1A37R2.avi,1,37,1,2,258
N0350V1S1A29R2.avi,1,29,1,2,350
N0119V2S1A09R2.avi,1,9,2,2,119
N0013V3S1A08R2.avi,1,8,3,2,13
N0088V2S1A51R2.avi,1,51,2,2,88
N0284V2S1A27R2.avi,1,27,2,2,284
N0197V3S1A13R2.avi,1,13,3,2,197
N0130V2S1A01R2.avi,1,1,2,2,130
N0139V3S1A19R2.avi,1,19,3,2,139
N0011V2S1A43R2.avi,1,43,2,2,11
N0217V1S1A36R2.avi,1,36,1,2,217
N0344V1S1A30R2.avi,1,30,1,2,344
N0242V3S1A37R2.avi,1,37,3,2,242
N0187V1S1A17R2.avi,1,17,1,2,187
N0341V3S1A15R2.avi,1,15,3,2,341
N0230V1S1A25R2.avi,1,25,1,2,230
N0335V3S1A10R2.avi,1,10,3,2,335
N0150V2S1A41R2.avi,1,41,2,2,150
N0122V1S1A44R2.avi,1,44,1,2,122
N0174V2S1A12R2.avi,1,12,2,2,174
N0106V1S1A47R2.avi,1,47,1,2,106
N0036V1S1A37R2.avi,1,37,1,2,36
N0016V3S1A37R2.avi,1,37,3,2,16
N0066V3S1A34R2.avi,1,34,3,2,66
N0123V3S1A51R2.avi,1,51,3,2,123
N0191V1S1A42R2.avi,1,42,1,2,191
N0209V2S1A13R2.avi,1,13,2,2,209
N0277V1S1A29R2.avi,1,29,1,2,277
N0267V3S1A44R2.avi,1,44,3,2,267
N0282V1S1A40R2.avi,1,40,1,2,282
N0008V1S1A34R2.avi,1,34,1,2,8
N0138V1S1A07R2.avi,1,7,1,2,138
N0234V1S1A21R2.avi,1,21,1,2,234
N0250V1S1A22R2.avi,1,22,1,2,250
N0192V1S1A34R2.avi,1,34,1,2,192
N0119V1S1A37R2.avi,1,37,1,2,119
N0222V1S1A42R2.avi,1,42,1,2,222
N0082V3S1A06R2.avi,1,6,3,2,82
N0088V2S1A50R2.avi,1,50,2,2,88
N0239V3S1A48R2.avi,1,48,3,2,239
N0198V1S1A32R2.avi,1,32,1,2,198
N0287V1S1A46R2.avi,1,46,1,2,287
N0105V2S1A27R2.avi,1,27,2,2,105
N0260V2S1A24R2.avi,1,24,2,2,260
N0168V2S1A36R2.avi,1,36,2,2,168
N0160V2S1A34R2.avi,1,34,2,2,160
N0343V1S1A08R2.avi,1,8,1,2,343
N0112V2S1A36R2.avi,1,36,2,2,112
N0252V1S1A38R2.avi,1,38,1,2,252
N0036V2S1A46R2.avi,1,46,2,2,36
N0111V2S1A15R2.avi,1,15,2,2,111
N0177V2S1A41R2.avi,1,41,2,2,177
N0162V3S1A29R2.avi,1,29,3,2,162
N0181V2S1A29R2.avi,1,29,2,2,181
N0264V1S1A22R2.avi,1,22,1,2,264
N0117V1S1A15R2.avi,1,15,1,2,117
N0266V2S1A50R2.avi,1,50,2,2,266
N0195V3S1A24R2.avi,1,24,3,2,195
N0011V2S1A20R2.avi,1,20,2,2,11
N0215V1S1A26R2.avi,1,26,1,2,215
N0039V2S1A11R2.avi,1,11,2,2,39
N0151V2S1A06R2.avi,1,6,2,2,151
N0340V3S1A40R2.avi,1,40,3,2,340
N0050V1S1A37R2.avi,1,37,1,2,50
N0232V1S1A40R2.avi,1,40,1,2,232
N0046V2S1A36R2.avi,1,36,2,2,46
N0019V1S1A44R2.avi,1,44,1,2,19
N0139V3S1A17R2.avi,1,17,3,2,139
N0176V2S1A25R2.avi,1,25,2,2,176
N0250V3S1A17R2.avi,1,17,3,2,250
N0176V3S1A33R2.avi,1,33,3,2,176
N0209V2S1A06R2.avi,1,6,2,2,209
N0087V1S1A07R2.avi,1,7,1,2,87
N0121V2S1A32R2.avi,1,32,2,2,121
N0282V1S1A22R2.avi,1,22,1,2,282
N0124V2S1A14R2.avi,1,14,2,2,124
N0102V2S1A01R2.avi,1,1,2,2,102
N0188V3S1A03R2.avi,1,3,3,2,188
N0218V2S1A34R2.avi,1,34,2,2,218
N0355V2S1A23R2.avi,1,23,2,2,355
N0207V1S1A17R2.avi,1,17,1,2,207
N0205V3S1A27R2.avi,1,27,3,2,205
N0066V3S1A35R2.avi,1,35,3,2,66
N0048V1S1A50R2.avi,1,50,1,2,48
N0041V1S1A31R2.avi,1,31,1,2,41
N0081V3S1A45R2.avi,1,45,3,2,81
N0346V1S1A48R2.avi,1,48,1,2,346
N0149V2S1A20R2.avi,1,20,2,2,149
N0030V3S1A46R2.avi,1,46,3,2,30
N0188V2S1A03R2.avi,1,3,2,2,188
N0243V3S1A36R2.avi,1,36,3,2,243
N0350V1S1A22R2.avi,1,22,1,2,350
N0177V1S1A19R2.avi,1,19,1,2,177
N0277V1S1A42R2.avi,1,42,1,2,277
N0176V2S1A39R2.avi,1,39,2,2,176
N0187V1S1A01R2.avi,1,1,1,2,187
N0275V2S1A46R2.avi,1,46,2,2,275
N0053V3S1A09R2.avi,1,9,3,2,53
N0353V3S1A33R2.avi,1,33,3,2,353
N0082V2S1A07R2.avi,1,7,2,2,82
N0011V2S1A11R2.avi,1,11,2,2,11
N0137V2S1A46R2.avi,1,46,2,2,137
N0227V1S1A30R2.avi,1,30,1,2,227
N0066V1S1A34R2.avi,1,34,1,2,66
N0265V3S1A44R2.avi,1,44,3,2,265
N0107V2S1A07R2.avi,1,7,2,2,107
N0169V1S1A22R2.avi,1,22,1,2,169
N0090V2S1A03R2.avi,1,3,2,2,90
N0099V3S1A17R2.avi,1,17,3,2,99
N0363V2S1A08R2.avi,1,8,2,2,363
N0030V1S1A02R2.avi,1,2,1,2,30
N0243V2S1A44R2.avi,1,44,2,2,243
N0180V1S1A03R2.avi,1,3,1,2,180
N0024V3S1A14R2.avi,1,14,3,2,24
N0091V2S1A41R2.avi,1,41,2,2,91
N0221V1S1A49R2.avi,1,49,1,2,221
N0151V3S1A37R2.avi,1,37,3,2,151
N0236V2S1A45R2.avi,1,45,2,2,236
N0143V1S1A15R2.avi,1,15,1,2,143
N0147V1S1A02R2.avi,1,2,1,2,147
N0002V1S1A46R2.avi,1,46,1,2,2
N0003V2S1A46R2.avi,1,46,2,2,3
N0251V1S1A34R2.avi,1,34,1,2,251
N0096V3S1A41R2.avi,1,41,3,2,96
N0243V2S1A19R1.avi,1,19,2,1,243
N0346V2S1A40R2.avi,1,40,2,2,346
N0202V1S1A47R2.avi,1,47,1,2,202
N0067V3S1A31R2.avi,1,31,3,2,67
N0139V2S1A25R2.avi,1,25,2,2,139
N0040V3S1A02R2.avi,1,2,3,2,40
N0206V1S1A02R2.avi,1,2,1,2,206
N0148V1S1A29R2.avi,1,29,1,2,148
N0109V1S1A41R2.avi,1,41,1,2,109
N0343V1S1A17R2.avi,1,17,1,2,343
N0226V2S1A25R2.avi,1,25,2,2,226
N0212V3S1A47R1.avi,1,47,3,1,212
N0251V2S1A45R2.avi,1,45,2,2,251
N0196V3S1A44R2.avi,1,44,3,2,196
N0070V3S1A30R2.avi,1,30,3,2,70
N0166V2S1A37R2.avi,1,37,2,2,166
N0279V2S1A36R2.avi,1,36,2,2,279
N0112V2S1A38R2.avi,1,38,2,2,112
N0093V2S1A45R2.avi,1,45,2,2,93
N0232V2S1A47R2.avi,1,47,2,2,232
N0266V3S1A34R2.avi,1,34,3,2,266
N0109V3S1A43R2.avi,1,43,3,2,109
N0198V1S1A22R2.avi,1,22,1,2,198
N0132V2S1A29R2.avi,1,29,2,2,132
N0066V1S1A36R2.avi,1,36,1,2,66
N0118V1S1A36R2.avi,1,36,1,2,118
N0340V2S1A29R2.avi,1,29,2,2,340
N0229V2S1A41R2.avi,1,41,2,2,229
N0207V2S1A09R2.avi,1,9,2,2,207
N0339V2S1A26R2.avi,1,26,2,2,339
N0001V1S1A45R1.avi,1,45,1,1,1
N0227V3S1A03R2.avi,1,3,3,2,227
N0110V3S1A01R2.avi,1,1,3,2,110
N0337V1S1A11R2.avi,1,11,1,2,337
N0341V2S1A37R2.avi,1,37,2,2,341
N0362V2S1A41R2.avi,1,41,2,2,362
N0172V1S1A37R2.avi,1,37,1,2,172
N0186V3S1A02R2.avi,1,2,3,2,186
N0043V1S1A11R2.avi,1,11,1,2,43
N0099V2S1A08R2.avi,1,8,2,2,99
N0234V3S1A27R2.avi,1,27,3,2,234
N0013V1S1A43R2.avi,1,43,1,2,13
N0112V3S1A33R2.avi,1,33,3,2,112
N0189V2S1A29R2.avi,1,29,2,2,189
N0148V2S1A39R2.avi,1,39,2,2,148
N0057V3S1A07R2.avi,1,7,3,2,57
N0099V3S1A11R1.avi,1,11,3,1,99
N0147V2S1A03R2.avi,1,3,2,2,147
N0020V2S1A28R2.avi,1,28,2,2,20
N0087V2S1A22R2.avi,1,22,2,2,87
N0277V1S1A23R2.avi,1,23,1,2,277
N0253V1S1A11R2.avi,1,11,1,2,253
N0282V3S1A43R2.avi,1,43,3,2,282
N0220V2S1A08R2.avi,1,8,2,2,220
N0206V1S1A45R2.avi,1,45,1,2,206
N0068V3S1A47R2.avi,1,47,3,2,68
N0186V2S1A23R2.avi,1,23,2,2,186
N0036V2S1A33R2.avi,1,33,2,2,36
N0046V2S1A08R2.avi,1,8,2,2,46
N0086V3S1A35R2.avi,1,35,3,2,86
N0147V3S1A39R2.avi,1,39,3,2,147
N0216V1S1A17R2.avi,1,17,1,2,216
N0113V3S1A11R2.avi,1,11,3,2,113
N0131V2S1A32R2.avi,1,32,2,2,131
N0033V1S1A31R2.avi,1,31,1,2,33
N0243V2S1A10R2.avi,1,10,2,2,243
N0102V1S1A02R2.avi,1,2,1,2,102
N0129V1S1A47R2.avi,1,47,1,2,129
N0197V3S1A36R2.avi,1,36,3,2,197
N0146V3S1A35R2.avi,1,35,3,2,146
N0111V3S1A49R2.avi,1,49,3,2,111
N0182V3S1A36R2.avi,1,36,3,2,182
N0047V3S1A44R2.avi,1,44,3,2,47
N0001V2S1A42R2.avi,1,42,2,2,1
N0006V2S1A49R2.avi,1,49,2,2,6
N0113V3S1A32R2.avi,1,32,3,2,113
N0242V2S1A50R2.avi,1,50,2,2,242
N0185V1S1A27R2.avi,1,27,1,2,185
N0252V3S1A13R2.avi,1,13,3,2,252
N0076V2S1A47R2.avi,1,47,2,2,76
N0166V2S1A33R2.avi,1,33,2,2,166
N0173V2S1A15R2.avi,1,15,2,2,173
N0066V3S1A37R2.avi,1,37,3,2,66
N0169V1S1A29R2.avi,1,29,1,2,169
N0241V1S1A42R1.avi,1,42,1,1,241
N0288V2S1A23R2.avi,1,23,2,2,288
N0092V2S1A02R2.avi,1,2,2,2,92
N0198V1S1A39R2.avi,1,39,1,2,198
N0086V2S1A33R2.avi,1,33,2,2,86
N0029V3S1A23R2.avi,1,23,3,2,29
N0126V1S1A09R2.avi,1,9,1,2,126
N0164V3S1A21R2.avi,1,21,3,2,164
N0110V2S1A50R2.avi,1,50,2,2,110
N0071V1S1A32R2.avi,1,32,1,2,71
N0101V3S1A29R2.avi,1,29,3,2,101
N0269V3S1A22R2.avi,1,22,3,2,269
N0243V2S1A33R2.avi,1,33,2,2,243
N0009V1S1A45R2.avi,1,45,1,2,9
N0346V3S1A41R1.avi,1,41,3,1,346
N0171V3S1A17R2.avi,1,17,3,2,171
N0178V2S1A51R2.avi,1,51,2,2,178
N0227V1S1A33R2.avi,1,33,1,2,227
N0020V2S1A10R2.avi,1,10,2,2,20
N0039V3S1A38R2.avi,1,38,3,2,39
N0197V1S1A42R2.avi,1,42,1,2,197
N0191V2S1A05R2.avi,1,5,2,2,191
N0007V1S1A38R2.avi,1,38,1,2,7
N0031V2S1A50R2.avi,1,50,2,2,31
N0357V3S1A46R2.avi,1,46,3,2,357
N0121V1S1A23R2.avi,1,23,1,2,121
N0259V2S1A37R2.avi,1,37,2,2,259
N0022V2S1A49R1.avi,1,49,2,1,22
N0288V3S1A48R2.avi,1,48,3,2,288
N0258V1S1A33R2.avi,1,33,1,2,258
N0072V3S1A03R2.avi,1,3,3,2,72
N0279V3S1A39R2.avi,1,39,3,2,279
N0342V1S1A36R2.avi,1,36,1,2,342
N0344V1S1A03R2.avi,1,3,1,2,344
N0288V2S1A02R2.avi,1,2,2,2,288
N0107V2S1A13R2.avi,1,13,2,2,107
N0027V3S1A15R2.avi,1,15,3,2,27
N0166V1S1A47R2.avi,1,47,1,2,166
N0154V1S1A16R2.avi,1,16,1,2,154
N0258V1S1A31R2.avi,1,31,1,2,258
N0095V1S1A14R2.avi,1,14,1,2,95
N0096V2S1A03R2.avi,1,3,2,2,96
N0131V3S1A25R2.avi,1,25,3,2,131
N0019V2S1A20R2.avi,1,20,2,2,19
N0076V1S1A23R2.avi,1,23,1,2,76
N0250V3S1A49R2.avi,1,49,3,2,250
N0026V1S1A19R2.avi,1,19,1,2,26
N0023V3S1A19R2.avi,1,19,3,2,23
N0230V2S1A08R2.avi,1,8,2,2,230
N0210V3S1A33R2.avi,1,33,3,2,210
N0176V3S1A34R2.avi,1,34,3,2,176
N0362V2S1A48R2.avi,1,48,2,2,362
N0280V3S1A40R2.avi,1,40,3,2,280
N0251V2S1A05R2.avi,1,5,2,2,251
N0048V3S1A48R2.avi,1,48,3,2,48
N0161V1S1A39R2.avi,1,39,1,2,161
N0178V2S1A01R2.avi,1,1,2,2,178
N0031V2S1A32R2.avi,1,32,2,2,31
N0187V1S1A31R2.avi,1,31,1,2,187
N0037V2S1A17R2.avi,1,17,2,2,37
N0072V3S1A33R2.avi,1,33,3,2,72
N0036V2S1A30R2.avi,1,30,2,2,36
N0070V1S1A30R2.avi,1,30,1,2,70
N0110V1S1A07R2.avi,1,7,1,2,110
N0196V1S1A01R2.avi,1,1,1,2,196
N0181V1S1A15R2.avi,1,15,1,2,181
N0278V1S1A38R2.avi,1,38,1,2,278
N0103V2S1A10R2.avi,1,10,2,2,103
N0050V2S1A48R2.avi,1,48,2,2,50
N0179V2S1A42R2.avi,1,42,2,2,179
N0056V3S1A23R2.avi,1,23,3,2,56
N0276V3S1A29R2.avi,1,29,3,2,276
N0218V3S1A28R2.avi,1,28,3,2,218
N0233V1S1A30R2.avi,1,30,1,2,233
N0343V1S1A07R2.avi,1,7,1,2,343
N0130V3S1A19R2.avi,1,19,3,2,130
N0190V1S1A23R2.avi,1,23,1,2,190
N0356V2S1A03R2.avi,1,3,2,2,356
N0019V1S1A29R2.avi,1,29,1,2,19
N0179V2S1A31R2.avi,1,31,2,2,179
N0201V1S1A09R2.avi,1,9,1,2,201
N0090V3S1A28R2.avi,1,28,3,2,90
N0014V3S1A26R2.avi,1,26,3,2,14
N0283V1S1A08R2.avi,1,8,1,2,283
N0054V1S1A24R2.avi,1,24,1,2,54
N0240V2S1A37R2.avi,1,37,2,2,240
N0286V2S1A25R2.avi,1,25,2,2,286
N0155V1S1A24R2.avi,1,24,1,2,155
N0259V1S1A15R2.avi,1,15,1,2,259
N0093V1S1A15R2.avi,1,15,1,2,93
N0092V1S1A49R2.avi,1,49,1,2,92
N0244V2S1A12R2.avi,1,12,2,2,244
N0241V1S1A15R2.avi,1,15,1,2,241
N0088V2S1A40R2.avi,1,40,2,2,88
N0057V3S1A44R2.avi,1,44,3,2,57
N0183V3S1A43R2.avi,1,43,3,2,183
N0068V3S1A37R2.avi,1,37,3,2,68
N0165V3S1A12R2.avi,1,12,3,2,165
N0083V3S1A23R2.avi,1,23,3,2,83
N0360V2S1A38R2.avi,1,38,2,2,360
N0132V2S1A37R2.avi,1,37,2,2,132
N0251V3S1A42R2.avi,1,42,3,2,251
N0334V3S1A04R2.avi,1,4,3,2,334
N0081V3S1A32R2.avi,1,32,3,2,81
N0258V3S1A28R2.avi,1,28,3,2,258
N0136V2S1A40R2.avi,1,40,2,2,136
N0052V1S1A07R2.avi,1,7,1,2,52
N0019V1S1A19R2.avi,1,19,1,2,19
N0250V3S1A40R2.avi,1,40,3,2,250
N0141V3S1A32R2.avi,1,32,3,2,141
N0128V3S1A08R2.avi,1,8,3,2,128
N0032V2S1A37R2.avi,1,37,2,2,32
N0245V3S1A18R2.avi,1,18,3,2,245
N0075V1S1A24R2.avi,1,24,1,2,75
N0258V3S1A32R2.avi,1,32,3,2,258
N0139V3S1A49R2.avi,1,49,3,2,139
N0036V2S1A38R2.avi,1,38,2,2,36
N0172V3S1A37R2.avi,1,37,3,2,172
N0362V1S1A04R2.avi,1,4,1,2,362
N0013V2S1A10R2.avi,1,10,2,2,13
N0240V3S1A35R2.avi,1,35,3,2,240
N0288V1S1A40R2.avi,1,40,1,2,288
N0219V2S1A06R2.avi,1,6,2,2,219
N0206V3S1A10R2.avi,1,10,3,2,206
N0288V1S1A37R2.avi,1,37,1,2,288
N0008V3S1A38R2.avi,1,38,3,2,8
N0117V1S1A44R2.avi,1,44,1,2,117
N0259V3S1A08R2.avi,1,8,3,2,259
N0017V1S1A11R2.avi,1,11,1,2,17
N0250V2S1A28R2.avi,1,28,2,2,250
N0353V1S1A01R2.avi,1,1,1,2,353
N0289V2S1A33R2.avi,1,33,2,2,289
N0227V1S1A32R2.avi,1,32,1,2,227
N0048V3S1A05R2.avi,1,5,3,2,48
N0047V3S1A20R2.avi,1,20,3,2,47
N0041V1S1A07R2.avi,1,7,1,2,41
N0258V2S1A47R2.avi,1,47,2,2,258
N0095V2S1A24R2.avi,1,24,2,2,95
N0163V3S1A42R2.avi,1,42,3,2,163
N0191V2S1A48R2.avi,1,48,2,2,191
N0079V2S1A23R2.avi,1,23,2,2,79
N0136V1S1A44R2.avi,1,44,1,2,136
N0092V3S1A34R2.avi,1,34,3,2,92
N0170V3S1A35R2.avi,1,35,3,2,170
N0036V3S1A30R2.avi,1,30,3,2,36
N0046V1S1A25R2.avi,1,25,1,2,46
N0178V2S1A34R2.avi,1,34,2,2,178
N0258V2S1A22R2.avi,1,22,2,2,258
N0113V3S1A05R2.avi,1,5,3,2,113
N0342V2S1A44R2.avi,1,44,2,2,342
N0196V2S1A38R2.avi,1,38,2,2,196
N0127V2S1A25R2.avi,1,25,2,2,127
N0150V3S1A13R2.avi,1,13,3,2,150
N0024V1S1A12R2.avi,1,12,1,2,24
N0344V3S1A38R2.avi,1,38,3,2,344
N0172V3S1A48R2.avi,1,48,3,2,172
N0126V3S1A01R2.avi,1,1,3,2,126
N0033V1S1A23R2.avi,1,23,1,2,33
N0273V3S1A38R2.avi,1,38,3,2,273
N0055V1S1A27R2.avi,1,27,1,2,55
N0128V2S1A35R2.avi,1,35,2,2,128
N0357V1S1A35R2.avi,1,35,1,2,357
N0050V3S1A29R2.avi,1,29,3,2,50
N0011V3S1A38R1.avi,1,38,3,1,11
N0340V1S1A06R2.avi,1,6,1,2,340
N0188V3S1A28R1.avi,1,28,3,1,188
N0341V1S1A33R2.avi,1,33,1,2,341
N0222V1S1A47R2.avi,1,47,1,2,222
N0027V3S1A29R2.avi,1,29,3,2,27
N0106V3S1A03R2.avi,1,3,3,2,106
N0251V2S1A46R2.avi,1,46,2,2,251
N0131V2S1A48R2.avi,1,48,2,2,131
N0110V1S1A20R2.avi,1,20,1,2,110
N0057V1S1A29R2.avi,1,29,1,2,57
N0111V2S1A38R2.avi,1,38,2,2,111
N0243V2S1A11R2.avi,1,11,2,2,243
N0152V2S1A25R2.avi,1,25,2,2,152
N0085V3S1A12R2.avi,1,12,3,2,85
N0077V2S1A43R2.avi,1,43,2,2,77
N0355V3S1A37R2.avi,1,37,3,2,355
N0189V1S1A15R2.avi,1,15,1,2,189
N0073V1S1A29R2.avi,1,29,1,2,73
N0088V2S1A47R2.avi,1,47,2,2,88
N0335V1S1A11R2.avi,1,11,1,2,335
N0356V2S1A38R2.avi,1,38,2,2,356
N0172V1S1A03R2.avi,1,3,1,2,172
N0043V1S1A31R2.avi,1,31,1,2,43
N0018V3S1A06R2.avi,1,6,3,2,18
N0071V2S1A11R2.avi,1,11,2,2,71
N0027V3S1A50R2.avi,1,50,3,2,27
N0142V3S1A47R2.avi,1,47,3,2,142
N0218V2S1A50R2.avi,1,50,2,2,218
N0223V3S1A30R2.avi,1,30,3,2,223
N0133V3S1A45R2.avi,1,45,3,2,133
N0027V1S1A05R2.avi,1,5,1,2,27
N0234V2S1A18R2.avi,1,18,2,2,234
N0062V1S1A03R2.avi,1,3,1,2,62
N0091V2S1A04R2.avi,1,4,2,2,91
N0033V2S1A04R2.avi,1,4,2,2,33
N0152V1S1A28R2.avi,1,28,1,2,152
N0198V3S1A20R2.avi,1,20,3,2,198
N0072V1S1A40R2.avi,1,40,1,2,72
N0276V2S1A11R2.avi,1,11,2,2,276
N0091V1S1A11R2.avi,1,11,1,2,91
N0357V2S1A33R2.avi,1,33,2,2,357
N0185V2S1A16R2.avi,1,16,2,2,185
N0221V2S1A49R2.avi,1,49,2,2,221
N0260V3S1A18R2.avi,1,18,3,2,260
N0133V1S1A38R2.avi,1,38,1,2,133
N0283V1S1A33R2.avi,1,33,1,2,283
N0238V2S1A37R2.avi,1,37,2,2,238
N0010V2S1A49R1.avi,1,49,2,1,10
N0030V2S1A49R2.avi,1,49,2,2,30
N0219V3S1A23R2.avi,1,23,3,2,219
N0109V1S1A10R2.avi,1,10,1,2,109
N0243V2S1A08R2.avi,1,8,2,2,243
N0006V3S1A01R2.avi,1,1,3,2,6
N0033V2S1A41R2.avi,1,41,2,2,33
N0165V3S1A16R2.avi,1,16,3,2,165
N0176V2S1A28R2.avi,1,28,2,2,176
N0008V2S1A33R2.avi,1,33,2,2,8
N0287V3S1A13R2.avi,1,13,3,2,287
N0340V2S1A41R2.avi,1,41,2,2,340
N0022V3S1A03R2.avi,1,3,3,2,22
N0070V2S1A34R2.avi,1,34,2,2,70
N0023V2S1A10R2.avi,1,10,2,2,23
N0102V3S1A34R2.avi,1,34,3,2,102
N0118V1S1A19R2.avi,1,19,1,2,118
N0023V2S1A15R2.avi,1,15,2,2,23
N0124V3S1A14R2.avi,1,14,3,2,124
N0273V2S1A49R2.avi,1,49,2,2,273
N0276V3S1A39R2.avi,1,39,3,2,276
N0062V2S1A50R2.avi,1,50,2,2,62
N0191V3S1A34R2.avi,1,34,3,2,191
N0116V2S1A50R2.avi,1,50,2,2,116
N0043V1S1A38R2.avi,1,38,1,2,43
N0118V1S1A01R2.avi,1,1,1,2,118
N0344V2S1A06R2.avi,1,6,2,2,344
N0165V2S1A12R2.avi,1,12,2,2,165
N0276V2S1A50R2.avi,1,50,2,2,276
N0225V3S1A27R2.avi,1,27,3,2,225
N0212V1S1A46R2.avi,1,46,1,2,212
N0192V3S1A36R2.avi,1,36,3,2,192
N0040V2S1A29R2.avi,1,29,2,2,40
N0268V1S1A37R2.avi,1,37,1,2,268
N0250V3S1A48R2.avi,1,48,3,2,250
N0276V1S1A17R2.avi,1,17,1,2,276
N0120V1S1A41R2.avi,1,41,1,2,120
N0225V2S1A24R2.avi,1,24,2,2,225
N0178V2S1A39R2.avi,1,39,2,2,178
N0223V3S1A09R2.avi,1,9,3,2,223
N0181V1S1A20R2.avi,1,20,1,2,181
N0252V1S1A06R2.avi,1,6,1,2,252
N0078V3S1A40R2.avi,1,40,3,2,78
N0042V3S1A28R2.avi,1,28,3,2,42
N0156V1S1A23R2.avi,1,23,1,2,156
N0251V3S1A23R2.avi,1,23,3,2,251
N0120V3S1A20R2.avi,1,20,3,2,120
N0149V2S1A47R2.avi,1,47,2,2,149
N0036V2S1A01R2.avi,1,1,2,2,36
N0031V1S1A13R2.avi,1,13,1,2,31
N0152V1S1A51R2.avi,1,51,1,2,152
N0010V1S1A29R2.avi,1,29,1,2,10
N0337V1S1A38R2.avi,1,38,1,2,337
N0126V2S1A11R2.avi,1,11,2,2,126
N0140V3S1A10R2.avi,1,10,3,2,140
N0054V1S1A27R2.avi,1,27,1,2,54
N0153V3S1A40R1.avi,1,40,3,1,153
N0100V1S1A02R2.avi,1,2,1,2,100
N0228V3S1A36R1.avi,1,36,3,1,228
N0357V1S1A09R2.avi,1,9,1,2,357
N0080V3S1A46R2.avi,1,46,3,2,80
N0239V3S1A39R2.avi,1,39,3,2,239
N0191V1S1A36R1.avi,1,36,1,1,191
N0053V3S1A43R2.avi,1,43,3,2,53
N0080V1S1A46R2.avi,1,46,1,2,80
N0273V1S1A36R2.avi,1,36,1,2,273
N0355V3S1A34R2.avi,1,34,3,2,355
N0183V2S1A13R2.avi,1,13,2,2,183
N0206V2S1A34R2.avi,1,34,2,2,206
N0176V1S1A39R2.avi,1,39,1,2,176
N0074V1S1A12R2.avi,1,12,1,2,74
N0278V2S1A05R2.avi,1,5,2,2,278
N0269V2S1A50R2.avi,1,50,2,2,269
N0213V1S1A29R2.avi,1,29,1,2,213
N0190V2S1A33R2.avi,1,33,2,2,190
N0160V1S1A35R2.avi,1,35,1,2,160
N0363V1S1A34R2.avi,1,34,1,2,363
N0029V2S1A04R2.avi,1,4,2,2,29
N0027V1S1A41R2.avi,1,41,1,2,27
N0177V3S1A04R2.avi,1,4,3,2,177
N0168V1S1A10R2.avi,1,10,1,2,168
N0139V2S1A49R2.avi,1,49,2,2,139
N0269V2S1A10R2.avi,1,10,2,2,269
N0061V3S1A06R2.avi,1,6,3,2,61
N0028V3S1A25R2.avi,1,25,3,2,28
N0165V3S1A24R2.avi,1,24,3,2,165
N0083V2S1A04R2.avi,1,4,2,2,83
N0288V3S1A34R2.avi,1,34,3,2,288
N0360V1S1A29R2.avi,1,29,1,2,360
N0143V3S1A43R2.avi,1,43,3,2,143
N0073V1S1A04R2.avi,1,4,1,2,73
N0212V3S1A42R2.avi,1,42,3,2,212
N0057V2S1A13R2.avi,1,13,2,2,57
N0263V2S1A51R2.avi,1,51,2,2,263
N0123V1S1A38R2.avi,1,38,1,2,123
N0268V3S1A35R2.avi,1,35,3,2,268
N0268V3S1A32R2.avi,1,32,3,2,268
N0287V2S1A32R2.avi,1,32,2,2,287
N0123V3S1A48R2.avi,1,48,3,2,123
N0286V3S1A28R2.avi,1,28,3,2,286
N0335V3S1A48R2.avi,1,48,3,2,335
N0167V2S1A13R2.avi,1,13,2,2,167
N0238V2S1A50R2.avi,1,50,2,2,238
N0186V2S1A40R2.avi,1,40,2,2,186
N0340V1S1A41R2.avi,1,41,1,2,340
N0340V3S1A38R2.avi,1,38,3,2,340
N0250V3S1A31R2.avi,1,31,3,2,250
N0239V1S1A29R2.avi,1,29,1,2,239
N0238V1S1A37R2.avi,1,37,1,2,238
N0286V1S1A49R2.avi,1,49,1,2,286
N0129V1S1A15R2.avi,1,15,1,2,129
N0245V2S1A26R2.avi,1,26,2,2,245
N0211V2S1A49R2.avi,1,49,2,2,211
N0132V2S1A38R2.avi,1,38,2,2,132
N0047V2S1A50R2.avi,1,50,2,2,47
N0108V3S1A01R2.avi,1,1,3,2,108
N0098V3S1A38R2.avi,1,38,3,2,98
N0337V1S1A17R2.avi,1,17,1,2,337
N0177V1S1A05R2.avi,1,5,1,2,177
N0103V2S1A23R2.avi,1,23,2,2,103
N0268V1S1A32R2.avi,1,32,1,2,268
N0032V3S1A46R2.avi,1,46,3,2,32
N0131V1S1A31R2.avi,1,31,1,2,131
N0113V1S1A10R2.avi,1,10,1,2,113
N0018V2S1A25R2.avi,1,25,2,2,18
N0268V2S1A33R2.avi,1,33,2,2,268
N0229V1S1A29R2.avi,1,29,1,2,229
N0018V3S1A01R2.avi,1,1,3,2,18
N0119V2S1A05R2.avi,1,5,2,2,119
N0168V3S1A06R2.avi,1,6,3,2,168
N0082V1S1A47R2.avi,1,47,1,2,82
N0244V3S1A26R1.avi,1,26,3,1,244
N0092V3S1A36R2.avi,1,36,3,2,92
N0116V3S1A33R2.avi,1,33,3,2,116
N0166V3S1A30R2.avi,1,30,3,2,166
N0216V3S1A07R2.avi,1,7,3,2,216
N0243V1S1A22R2.avi,1,22,1,2,243
N0117V2S1A31R2.avi,1,31,2,2,117
N0360V2S1A29R2.avi,1,29,2,2,360
N0192V2S1A33R2.avi,1,33,2,2,192
N0083V1S1A09R2.avi,1,9,1,2,83
N0221V3S1A13R2.avi,1,13,3,2,221
N0123V1S1A47R2.avi,1,47,1,2,123
N0218V3S1A08R2.avi,1,8,3,2,218
N0266V2S1A41R2.avi,1,41,2,2,266
N0287V1S1A51R2.avi,1,51,1,2,287
N0176V2S1A46R2.avi,1,46,2,2,176
N0252V2S1A43R2.avi,1,43,2,2,252
N0048V3S1A36R2.avi,1,36,3,2,48
N0063V1S1A04R2.avi,1,4,1,2,63
N0087V2S1A15R2.avi,1,15,2,2,87
N0237V1S1A10R2.avi,1,10,1,2,237
N0212V3S1A29R2.avi,1,29,3,2,212
N0233V2S1A31R2.avi,1,31,2,2,233
N0012V2S1A47R2.avi,1,47,2,2,12
N0033V1S1A38R2.avi,1,38,1,2,33
N0241V2S1A19R1.avi,1,19,2,1,241
N0335V3S1A39R2.avi,1,39,3,2,335
N0278V2S1A51R2.avi,1,51,2,2,278
N0014V1S1A27R2.avi,1,27,1,2,14
N0142V1S1A33R2.avi,1,33,1,2,142
N0171V3S1A29R2.avi,1,29,3,2,171
N0046V2S1A48R2.avi,1,48,2,2,46
N0240V3S1A41R1.avi,1,41,3,1,240
N0193V1S1A20R2.avi,1,20,1,2,193
N0153V3S1A11R2.avi,1,11,3,2,153
N0221V1S1A29R2.avi,1,29,1,2,221
N0109V1S1A31R2.avi,1,31,1,2,109
N0265V1S1A19R2.avi,1,19,1,2,265
N0192V2S1A36R2.avi,1,36,2,2,192
N0118V1S1A22R2.avi,1,22,1,2,118
N0134V2S1A26R2.avi,1,26,2,2,134
N0047V1S1A31R2.avi,1,31,1,2,47
N0250V2S1A38R2.avi,1,38,2,2,250
N0186V1S1A28R2.avi,1,28,1,2,186
N0169V2S1A29R2.avi,1,29,2,2,169
N0117V3S1A51R2.avi,1,51,3,2,117
N0111V2S1A06R2.avi,1,6,2,2,111
N0282V2S1A05R2.avi,1,5,2,2,282
N0279V3S1A30R2.avi,1,30,3,2,279
N0155V1S1A21R2.avi,1,21,1,2,155
N0022V3S1A13R2.avi,1,13,3,2,22
N0167V3S1A11R2.avi,1,11,3,2,167
N0005V2S1A26R2.avi,1,26,2,2,5
N0026V3S1A39R2.avi,1,39,3,2,26
N0092V3S1A03R2.avi,1,3,3,2,92
N0056V1S1A47R2.avi,1,47,1,2,56
N0350V3S1A07R2.avi,1,7,3,2,350
N0173V2S1A43R2.avi,1,43,2,2,173
N0136V3S1A33R2.avi,1,33,3,2,136
N0264V1S1A31R2.avi,1,31,1,2,264
N0219V2S1A29R2.avi,1,29,2,2,219
N0192V2S1A03R2.avi,1,3,2,2,192
N0260V1S1A21R2.avi,1,21,1,2,260
N0240V2S1A01R2.avi,1,1,2,2,240
N0142V3S1A49R2.avi,1,49,3,2,142
N0152V3S1A49R2.avi,1,49,3,2,152
N0147V3S1A17R2.avi,1,17,3,2,147
N0032V2S1A51R2.avi,1,51,2,2,32
N0335V2S1A13R2.avi,1,13,2,2,335
N0196V1S1A04R2.avi,1,4,1,2,196
N0063V1S1A32R2.avi,1,32,1,2,63
N0125V2S1A12R2.avi,1,12,2,2,125
N0240V2S1A22R2.avi,1,22,2,2,240
N0265V3S1A29R2.avi,1,29,3,2,265
N0098V3S1A33R2.avi,1,33,3,2,98
N0120V3S1A37R2.avi,1,37,3,2,120
N0058V2S1A48R2.avi,1,48,2,2,58
N0200V3S1A03R2.avi,1,3,3,2,200
N0363V1S1A47R2.avi,1,47,1,2,363
N0210V3S1A08R2.avi,1,8,3,2,210
N0078V1S1A35R2.avi,1,35,1,2,78
N0098V2S1A38R2.avi,1,38,2,2,98
N0039V1S1A32R2.avi,1,32,1,2,39
N0202V2S1A50R2.avi,1,50,2,2,202
N0258V3S1A47R2.avi,1,47,3,2,258
N0037V1S1A07R2.avi,1,7,1,2,37
N0221V1S1A42R2.avi,1,42,1,2,221
N0061V2S1A38R2.avi,1,38,2,2,61
N0190V1S1A51R2.avi,1,51,1,2,190
N0212V2S1A10R2.avi,1,10,2,2,212
N0266V2S1A29R2.avi,1,29,2,2,266
N0027V1S1A17R2.avi,1,17,1,2,27
N0024V2S1A26R2.avi,1,26,2,2,24
N0148V3S1A29R2.avi,1,29,3,2,148
N0106V1S1A35R2.avi,1,35,1,2,106
N0010V3S1A49R1.avi,1,49,3,1,10
N0081V3S1A44R2.avi,1,44,3,2,81
N0273V2S1A43R1.avi,1,43,2,1,273
N0129V1S1A29R2.avi,1,29,1,2,129
N0117V1S1A38R2.avi,1,38,1,2,117
N0191V2S1A02R2.avi,1,2,2,2,191
N0356V3S1A40R2.avi,1,40,3,2,356
N0148V3S1A10R2.avi,1,10,3,2,148
N0066V3S1A46R2.avi,1,46,3,2,66
N0288V1S1A48R2.avi,1,48,1,2,288
N0116V3S1A38R2.avi,1,38,3,2,116
N0203V3S1A48R2.avi,1,48,3,2,203
N0240V3S1A33R2.avi,1,33,3,2,240
N0021V3S1A41R2.avi,1,41,3,2,21
N0097V2S1A44R2.avi,1,44,2,2,97
N0243V3S1A41R1.avi,1,41,3,1,243
N0343V3S1A39R2.avi,1,39,3,2,343
N0140V1S1A09R2.avi,1,9,1,2,140
N0182V1S1A38R2.avi,1,38,1,2,182
N0264V2S1A23R2.avi,1,23,2,2,264
N0031V1S1A22R2.avi,1,22,1,2,31
N0279V2S1A46R2.avi,1,46,2,2,279
N0357V3S1A11R2.avi,1,11,3,2,357
N0139V2S1A06R2.avi,1,6,2,2,139
N0259V3S1A36R2.avi,1,36,3,2,259
N0190V3S1A04R2.avi,1,4,3,2,190
N0095V2S1A16R2.avi,1,16,2,2,95
N0131V3S1A17R2.avi,1,17,3,2,131
N0022V1S1A33R2.avi,1,33,1,2,22
N0197V2S1A37R2.avi,1,37,2,2,197
N0052V1S1A13R2.avi,1,13,1,2,52
N0051V2S1A42R2.avi,1,42,2,2,51
N0277V1S1A43R2.avi,1,43,1,2,277
N0102V2S1A51R2.avi,1,51,2,2,102
N0110V3S1A38R2.avi,1,38,3,2,110
N0001V1S1A23R2.avi,1,23,1,2,1
N0182V3S1A32R2.avi,1,32,3,2,182
N0007V1S1A31R2.avi,1,31,1,2,7
N0336V2S1A03R2.avi,1,3,2,2,336
N0172V3S1A10R2.avi,1,10,3,2,172
N0345V3S1A11R2.avi,1,11,3,2,345
N0219V2S1A38R2.avi,1,38,2,2,219
N0096V3S1A50R2.avi,1,50,3,2,96
N0147V2S1A17R2.avi,1,17,2,2,147
N0206V3S1A50R2.avi,1,50,3,2,206
N0041V1S1A32R2.avi,1,32,1,2,41
N0067V1S1A06R2.avi,1,6,1,2,67
N0160V3S1A49R2.avi,1,49,3,2,160
N0101V3S1A06R2.avi,1,6,3,2,101
N0197V2S1A19R2.avi,1,19,2,2,197
N0053V2S1A45R2.avi,1,45,2,2,53
N0013V3S1A41R2.avi,1,41,3,2,13
N0216V3S1A11R2.avi,1,11,3,2,216
N0220V1S1A29R2.avi,1,29,1,2,220
N0335V3S1A34R2.avi,1,34,3,2,335
N0132V3S1A48R2.avi,1,48,3,2,132
N0350V1S1A25R2.avi,1,25,1,2,350
N0195V1S1A14R2.avi,1,14,1,2,195
N0216V3S1A23R2.avi,1,23,3,2,216
N0210V3S1A51R2.avi,1,51,3,2,210
N0135V2S1A24R2.avi,1,24,2,2,135
N0027V3S1A07R2.avi,1,7,3,2,27
N0127V2S1A15R2.avi,1,15,2,2,127
N0177V2S1A32R2.avi,1,32,2,2,177
N0022V1S1A07R2.avi,1,7,1,2,22
N0028V1S1A06R2.avi,1,6,1,2,28
N0187V2S1A44R2.avi,1,44,2,2,187
N0011V1S1A11R2.avi,1,11,1,2,11
N0096V1S1A09R2.avi,1,9,1,2,96
N0067V1S1A11R2.avi,1,11,1,2,67
N0235V1S1A27R2.avi,1,27,1,2,235
N0056V3S1A08R2.avi,1,8,3,2,56
N0276V2S1A23R2.avi,1,23,2,2,276
N0216V2S1A47R2.avi,1,47,2,2,216
N0344V1S1A40R2.avi,1,40,1,2,344
N0089V1S1A23R2.avi,1,23,1,2,89
N0205V1S1A27R2.avi,1,27,1,2,205
N0351V3S1A37R2.avi,1,37,3,2,351
N0020V3S1A29R2.avi,1,29,3,2,20
N0166V2S1A23R2.avi,1,23,2,2,166
N0276V3S1A35R1.avi,1,35,3,1,276
N0238V3S1A48R2.avi,1,48,3,2,238
N0079V1S1A19R2.avi,1,19,1,2,79
N0232V1S1A39R2.avi,1,39,1,2,232
N0269V1S1A41R2.avi,1,41,1,2,269
N0022V1S1A05R2.avi,1,5,1,2,22
N0002V1S1A48R2.avi,1,48,1,2,2
N0277V3S1A29R2.avi,1,29,3,2,277
N0186V3S1A29R2.avi,1,29,3,2,186
N0086V2S1A02R2.avi,1,2,2,2,86
N0190V3S1A25R2.avi,1,25,3,2,190
N0113V3S1A51R2.avi,1,51,3,2,113
N0360V1S1A19R2.avi,1,19,1,2,360
N0228V1S1A28R2.avi,1,28,1,2,228
N0345V1S1A49R2.avi,1,49,1,2,345
N0098V1S1A44R2.avi,1,44,1,2,98
N0272V3S1A40R2.avi,1,40,3,2,272
N0192V2S1A49R2.avi,1,49,2,2,192
N0164V3S1A27R2.avi,1,27,3,2,164
N0110V2S1A10R2.avi,1,10,2,2,110
N0062V2S1A36R2.avi,1,36,2,2,62
N0289V3S1A33R2.avi,1,33,3,2,289
N0057V1S1A09R2.avi,1,9,1,2,57
N0021V3S1A20R2.avi,1,20,3,2,21
N0192V1S1A29R2.avi,1,29,1,2,192
N0092V1S1A46R2.avi,1,46,1,2,92
N0345V1S1A44R2.avi,1,44,1,2,345
N0200V2S1A33R2.avi,1,33,2,2,200
N0180V3S1A25R2.avi,1,25,3,2,180
N0051V2S1A39R2.avi,1,39,2,2,51
N0109V2S1A45R2.avi,1,45,2,2,109
N0182V3S1A28R2.avi,1,28,3,2,182
N0198V2S1A07R2.avi,1,7,2,2,198
N0341V1S1A44R2.avi,1,44,1,2,341
N0266V3S1A04R2.avi,1,4,3,2,266
N0111V3S1A46R2.avi,1,46,3,2,111
N0060V1S1A19R2.avi,1,19,1,2,60
N0042V2S1A50R2.avi,1,50,2,2,42
N0031V2S1A07R2.avi,1,7,2,2,31
N0334V2S1A22R2.avi,1,22,2,2,334
N0360V2S1A02R2.avi,1,2,2,2,360
N0272V2S1A02R2.avi,1,2,2,2,272
N0060V1S1A46R2.avi,1,46,1,2,60
N0281V2S1A51R2.avi,1,51,2,2,281
N0046V1S1A49R2.avi,1,49,1,2,46
N0276V1S1A01R2.avi,1,1,1,2,276
N0179V3S1A41R2.avi,1,41,3,2,179
N0178V3S1A28R2.avi,1,28,3,2,178
N0002V1S1A30R2.avi,1,30,1,2,2
N0055V1S1A14R2.avi,1,14,1,2,55
N0008V2S1A03R2.avi,1,3,2,2,8
N0163V3S1A29R2.avi,1,29,3,2,163
N0006V1S1A47R2.avi,1,47,1,2,6
N0007V1S1A19R2.avi,1,19,1,2,7
N0110V3S1A33R2.avi,1,33,3,2,110
N0229V2S1A51R2.avi,1,51,2,2,229
N0275V1S1A38R2.avi,1,38,1,2,275
N0188V1S1A49R2.avi,1,49,1,2,188
N0189V2S1A43R2.avi,1,43,2,2,189
N0237V1S1A42R2.avi,1,42,1,2,237
N0334V2S1A07R2.avi,1,7,2,2,334
N0201V2S1A38R2.avi,1,38,2,2,201
N0031V2S1A04R2.avi,1,4,2,2,31
N0129V1S1A07R2.avi,1,7,1,2,129
N0151V2S1A37R2.avi,1,37,2,2,151
N0242V1S1A48R2.avi,1,48,1,2,242
N0170V1S1A34R2.avi,1,34,1,2,170
N0077V1S1A44R2.avi,1,44,1,2,77
N0182V3S1A38R2.avi,1,38,3,2,182
N0269V1S1A19R2.avi,1,19,1,2,269
N0158V3S1A10R2.avi,1,10,3,2,158
N0345V2S1A23R2.avi,1,23,2,2,345
N0240V1S1A48R2.avi,1,48,1,2,240
N0341V2S1A48R2.avi,1,48,2,2,341
N0166V2S1A40R2.avi,1,40,2,2,166
N0185V3S1A16R2.avi,1,16,3,2,185
N0185V3S1A27R2.avi,1,27,3,2,185
N0032V2S1A36R2.avi,1,36,2,2,32
N0202V2S1A07R2.avi,1,7,2,2,202
N0207V3S1A15R2.avi,1,15,3,2,207
N0126V2S1A03R2.avi,1,3,2,2,126
N0212V2S1A29R2.avi,1,29,2,2,212
N0012V3S1A48R2.avi,1,48,3,2,12
N0120V1S1A02R2.avi,1,2,1,2,120
N0123V1S1A13R2.avi,1,13,1,2,123
N0011V3S1A40R2.avi,1,40,3,2,11
N0208V3S1A08R2.avi,1,8,3,2,208
N0334V2S1A02R2.avi,1,2,2,2,334
N0266V1S1A35R2.avi,1,35,1,2,266
N0138V1S1A37R2.avi,1,37,1,2,138
N0233V3S1A10R2.avi,1,10,3,2,233
N0098V3S1A36R2.avi,1,36,3,2,98
N0140V1S1A30R2.avi,1,30,1,2,140
N0212V3S1A13R2.avi,1,13,3,2,212
N0205V2S1A18R2.avi,1,18,2,2,205
N0345V1S1A46R2.avi,1,46,1,2,345
N0363V2S1A01R2.avi,1,1,2,2,363
N0201V2S1A30R2.avi,1,30,2,2,201
N0159V3S1A15R2.avi,1,15,3,2,159
N0028V3S1A13R2.avi,1,13,3,2,28
N0068V3S1A02R2.avi,1,2,3,2,68
N0221V2S1A33R2.avi,1,33,2,2,221
N0117V1S1A30R2.avi,1,30,1,2,117
N0252V3S1A23R2.avi,1,23,3,2,252
N0017V2S1A04R2.avi,1,4,2,2,17
N0081V1S1A44R2.avi,1,44,1,2,81
N0233V1S1A31R2.avi,1,31,1,2,233
N0251V1S1A19R2.avi,1,19,1,2,251
N0169V1S1A04R2.avi,1,4,1,2,169
N0070V1S1A49R2.avi,1,49,1,2,70
N0286V2S1A02R2.avi,1,2,2,2,286
N0347V3S1A30R2.avi,1,30,3,2,347
N0200V1S1A23R2.avi,1,23,1,2,200
N0206V1S1A44R2.avi,1,44,1,2,206
N0350V3S1A43R2.avi,1,43,3,2,350
N0206V3S1A37R2.avi,1,37,3,2,206
N0011V2S1A29R2.avi,1,29,2,2,11
N0120V2S1A11R1.avi,1,11,2,1,120
N0096V2S1A07R2.avi,1,7,2,2,96
N0020V3S1A51R2.avi,1,51,3,2,20
N0256V3S1A38R2.avi,1,38,3,2,256
N0028V3S1A03R2.avi,1,3,3,2,28
N0278V2S1A50R2.avi,1,50,2,2,278
N0050V3S1A34R2.avi,1,34,3,2,50
N0156V2S1A35R2.avi,1,35,2,2,156
N0212V2S1A34R2.avi,1,34,2,2,212
N0349V1S1A21R2.avi,1,21,1,2,349
N0002V3S1A40R2.avi,1,40,3,2,2
N0148V3S1A28R1.avi,1,28,3,1,148
N0029V1S1A04R2.avi,1,4,1,2,29
N0051V3S1A06R2.avi,1,6,3,2,51
N0033V1S1A20R2.avi,1,20,1,2,33
N0156V1S1A48R2.avi,1,48,1,2,156
N0147V3S1A15R2.avi,1,15,3,2,147
N0189V2S1A15R2.avi,1,15,2,2,189
N0088V1S1A29R2.avi,1,29,1,2,88
N0242V1S1A51R2.avi,1,51,1,2,242
N0191V3S1A03R2.avi,1,3,3,2,191
N0057V1S1A11R2.avi,1,11,1,2,57
N0033V2S1A19R2.avi,1,19,2,2,33
N0241V2S1A45R2.avi,1,45,2,2,241
N0032V3S1A17R2.avi,1,17,3,2,32
N0334V2S1A20R2.avi,1,20,2,2,334
N0051V1S1A38R2.avi,1,38,1,2,51
N0208V2S1A34R2.avi,1,34,2,2,208
N0274V3S1A49R2.avi,1,49,3,2,274
N0149V1S1A09R2.avi,1,9,1,2,149
N0351V2S1A32R2.avi,1,32,2,2,351
N0283V3S1A19R2.avi,1,19,3,2,283
N0106V1S1A36R2.avi,1,36,1,2,106
N0216V1S1A45R2.avi,1,45,1,2,216
N0036V2S1A37R2.avi,1,37,2,2,36
N0227V1S1A10R2.avi,1,10,1,2,227
N0081V3S1A42R2.avi,1,42,3,2,81
N0066V3S1A28R2.avi,1,28,3,2,66
N0280V2S1A48R2.avi,1,48,2,2,280
N0172V1S1A47R2.avi,1,47,1,2,172
N0335V2S1A48R2.avi,1,48,2,2,335
N0173V2S1A05R2.avi,1,5,2,2,173
N0182V1S1A03R2.avi,1,3,1,2,182
N0140V2S1A30R2.avi,1,30,2,2,140
N0102V1S1A48R2.avi,1,48,1,2,102
N0002V3S1A33R2.avi,1,33,3,2,2
N0225V1S1A14R2.avi,1,14,1,2,225
N0094V2S1A27R2.avi,1,27,2,2,94
N0341V2S1A35R2.avi,1,35,2,2,341
N0091V3S1A42R2.avi,1,42,3,2,91
N0102V3S1A49R2.avi,1,49,3,2,102
N0212V2S1A50R2.avi,1,50,2,2,212
N0033V3S1A09R2.avi,1,9,3,2,33
N0100V3S1A28R2.avi,1,28,3,2,100
N0334V3S1A42R2.avi,1,42,3,2,334
N0156V1S1A50R2.avi,1,50,1,2,156
N0222V3S1A43R2.avi,1,43,3,2,222
N0121V2S1A05R2.avi,1,5,2,2,121
N0279V1S1A39R2.avi,1,39,1,2,279
N0223V1S1A07R2.avi,1,7,1,2,223
N0028V2S1A34R2.avi,1,34,2,2,28
N0211V3S1A32R2.avi,1,32,3,2,211
N0074V3S1A12R2.avi,1,12,3,2,74
N0189V3S1A17R2.avi,1,17,3,2,189
N0092V1S1A28R2.avi,1,28,1,2,92
N0032V3S1A30R1.avi,1,30,3,1,32
N0005V3S1A21R2.avi,1,21,3,2,5
N0215V1S1A16R2.avi,1,16,1,2,215
N0137V3S1A25R2.avi,1,25,3,2,137
N0149V1S1A05R2.avi,1,5,1,2,149
N0152V3S1A29R2.avi,1,29,3,2,152
N0288V1S1A38R2.avi,1,38,1,2,288
N0336V2S1A32R2.avi,1,32,2,2,336
N0074V1S1A27R2.avi,1,27,1,2,74
N0263V3S1A32R2.avi,1,32,3,2,263
N0266V3S1A23R2.avi,1,23,3,2,266
N0022V1S1A49R1.avi,1,49,1,1,22
N0208V2S1A40R1.avi,1,40,2,1,208
N0355V2S1A35R2.avi,1,35,2,2,355
N0268V1S1A33R2.avi,1,33,1,2,268
N0201V3S1A38R2.avi,1,38,3,2,201
N0256V3S1A11R2.avi,1,11,3,2,256
N0349V2S1A24R2.avi,1,24,2,2,349
N0058V2S1A17R2.avi,1,17,2,2,58
N0254V3S1A14R2.avi,1,14,3,2,254
N0081V3S1A41R2.avi,1,41,3,2,81
N0054V2S1A16R2.avi,1,16,2,2,54
N0233V2S1A48R2.avi,1,48,2,2,233
N0030V2S1A39R2.avi,1,39,2,2,30
N0127V3S1A39R2.avi,1,39,3,2,127
N0280V1S1A35R2.avi,1,35,1,2,280
N0180V2S1A48R2.avi,1,48,2,2,180
N0097V2S1A35R2.avi,1,35,2,2,97
N0056V3S1A47R2.avi,1,47,3,2,56
N0214V1S1A16R2.avi,1,16,1,2,214
N0232V1S1A41R2.avi,1,41,1,2,232
N0268V1S1A23R2.avi,1,23,1,2,268
N0208V1S1A07R2.avi,1,7,1,2,208
N0268V2S1A05R2.avi,1,5,2,2,268
N0031V3S1A40R2.avi,1,40,3,2,31
N0071V3S1A38R2.avi,1,38,3,2,71
N0115V3S1A21R2.avi,1,21,3,2,115
N0103V2S1A42R1.avi,1,42,2,1,103
N0211V1S1A49R2.avi,1,49,1,2,211
N0155V1S1A12R2.avi,1,12,1,2,155
N0276V3S1A36R1.avi,1,36,3,1,276
N0112V3S1A36R2.avi,1,36,3,2,112
N0172V2S1A08R2.avi,1,8,2,2,172
N0273V3S1A42R2.avi,1,42,3,2,273
N0071V1S1A07R2.avi,1,7,1,2,71
N0157V3S1A06R2.avi,1,6,3,2,157
N0156V2S1A03R2.avi,1,3,2,2,156
N0076V1S1A28R2.avi,1,28,1,2,76
N0131V2S1A02R2.avi,1,2,2,2,131
N0226V3S1A01R2.avi,1,1,3,2,226
N0101V2S1A04R2.avi,1,4,2,2,101
N0128V3S1A03R2.avi,1,3,3,2,128
N0037V1S1A50R1.avi,1,50,1,1,37
N0072V3S1A07R2.avi,1,7,3,2,72
N0039V1S1A41R2.avi,1,41,1,2,39
N0048V1S1A49R2.avi,1,49,1,2,48
N0263V3S1A17R2.avi,1,17,3,2,263
N0362V1S1A19R2.avi,1,19,1,2,362
N0265V2S1A44R2.avi,1,44,2,2,265
N0091V1S1A40R2.avi,1,40,1,2,91
N0016V2S1A38R2.avi,1,38,2,2,16
N0016V1S1A46R2.avi,1,46,1,2,16
N0103V2S1A29R2.avi,1,29,2,2,103
N0212V1S1A23R2.avi,1,23,1,2,212
N0236V1S1A40R2.avi,1,40,1,2,236
N0078V2S1A34R2.avi,1,34,2,2,78
N0177V2S1A04R2.avi,1,4,2,2,177
N0344V3S1A30R2.avi,1,30,3,2,344
N0275V3S1A48R2.avi,1,48,3,2,275
N0077V2S1A31R2.avi,1,31,2,2,77
N0361V3S1A29R2.avi,1,29,3,2,361
N0346V2S1A33R2.avi,1,33,2,2,346
N0229V1S1A40R2.avi,1,40,1,2,229
N0032V3S1A50R2.avi,1,50,3,2,32
N0008V2S1A10R2.avi,1,10,2,2,8
N0018V1S1A13R2.avi,1,13,1,2,18
N0183V2S1A17R2.avi,1,17,2,2,183
N0250V3S1A51R2.avi,1,51,3,2,250
N0137V2S1A51R0.avi,1,51,2,0,137
N0199V3S1A46R2.avi,1,46,3,2,199
N0073V2S1A19R2.avi,1,19,2,2,73
N0243V2S1A25R2.avi,1,25,2,2,243
N0023V3S1A44R2.avi,1,44,3,2,23
N0218V2S1A49R2.avi,1,49,2,2,218
N0084V3S1A26R2.avi,1,26,3,2,84
N0021V1S1A22R2.avi,1,22,1,2,21
N0072V1S1A02R2.avi,1,2,1,2,72
N0113V1S1A09R2.avi,1,9,1,2,113
N0193V1S1A32R2.avi,1,32,1,2,193
N0068V2S1A30R2.avi,1,30,2,2,68
N0227V2S1A42R2.avi,1,42,2,2,227
N0042V2S1A03R2.avi,1,3,2,2,42
N0199V3S1A48R2.avi,1,48,3,2,199
N0019V3S1A43R2.avi,1,43,3,2,19
N0125V2S1A24R2.avi,1,24,2,2,125
N0219V2S1A32R2.avi,1,32,2,2,219
N0161V1S1A32R2.avi,1,32,1,2,161
N0053V2S1A29R2.avi,1,29,2,2,53
N0121V2S1A23R2.avi,1,23,2,2,121
N0193V2S1A32R2.avi,1,32,2,2,193
N0363V3S1A38R2.avi,1,38,3,2,363
N0181V3S1A31R2.avi,1,31,3,2,181
N0099V2S1A17R2.avi,1,17,2,2,99
N0268V3S1A37R2.avi,1,37,3,2,268
N0029V2S1A11R2.avi,1,11,2,2,29
N0182V2S1A32R2.avi,1,32,2,2,182
N0268V1S1A05R2.avi,1,5,1,2,268
N0180V1S1A35R2.avi,1,35,1,2,180
N0123V2S1A15R2.avi,1,15,2,2,123
N0157V3S1A41R2.avi,1,41,3,2,157
N0152V1S1A29R2.avi,1,29,1,2,152
N0240V3S1A40R2.avi,1,40,3,2,240
N0267V2S1A38R2.avi,1,38,2,2,267
N0232V1S1A38R2.avi,1,38,1,2,232
N0073V1S1A38R2.avi,1,38,1,2,73
N0031V2S1A15R2.avi,1,15,2,2,31
N0169V1S1A40R2.avi,1,40,1,2,169
N0254V2S1A24R2.avi,1,24,2,2,254
N0351V3S1A28R2.avi,1,28,3,2,351
N0117V1S1A06R2.avi,1,6,1,2,117
N0091V2S1A32R2.avi,1,32,2,2,91
N0102V2S1A07R2.avi,1,7,2,2,102
N0236V2S1A07R2.avi,1,7,2,2,236
N0357V2S1A31R2.avi,1,31,2,2,357
N0278V3S1A45R2.avi,1,45,3,2,278
N0165V1S1A14R2.avi,1,14,1,2,165
N0186V3S1A37R2.avi,1,37,3,2,186
N0220V3S1A08R2.avi,1,8,3,2,220
N0168V1S1A34R2.avi,1,34,1,2,168
N0058V3S1A17R2.avi,1,17,3,2,58
N0195V1S1A26R2.avi,1,26,1,2,195
N0067V3S1A38R2.avi,1,38,3,2,67
N0178V1S1A23R2.avi,1,23,1,2,178
N0158V3S1A29R2.avi,1,29,3,2,158
N0151V2S1A10R2.avi,1,10,2,2,151
N0238V2S1A34R2.avi,1,34,2,2,238
N0257V2S1A06R2.avi,1,6,2,2,257
N0145V3S1A12R2.avi,1,12,3,2,145
N0203V3S1A49R2.avi,1,49,3,2,203
N0147V3S1A46R2.avi,1,46,3,2,147
N0256V3S1A25R2.avi,1,25,3,2,256
N0104V1S1A27R2.avi,1,27,1,2,104
N0016V1S1A19R2.avi,1,19,1,2,16
N0030V2S1A03R2.avi,1,3,2,2,30
N0231V2S1A22R2.avi,1,22,2,2,231
N0283V1S1A07R2.avi,1,7,1,2,283
N0005V3S1A16R2.avi,1,16,3,2,5
N0242V2S1A13R2.avi,1,13,2,2,242
N0002V1S1A33R2.avi,1,33,1,2,2
N0029V3S1A11R2.avi,1,11,3,2,29
N0273V3S1A13R2.avi,1,13,3,2,273
N0334V3S1A07R2.avi,1,7,3,2,334
N0035V3S1A26R2.avi,1,26,3,2,35
N0006V3S1A49R2.avi,1,49,3,2,6
N0253V3S1A34R2.avi,1,34,3,2,253
N0212V2S1A23R2.avi,1,23,2,2,212
N0021V3S1A15R2.avi,1,15,3,2,21
N0041V1S1A38R2.avi,1,38,1,2,41
N0008V2S1A51R2.avi,1,51,2,2,8
N0158V2S1A01R2.avi,1,1,2,2,158
N0190V2S1A22R2.avi,1,22,2,2,190
N0344V3S1A02R2.avi,1,2,3,2,344
N0058V1S1A46R2.avi,1,46,1,2,58
N0288V3S1A38R2.avi,1,38,3,2,288
N0206V3S1A29R2.avi,1,29,3,2,206
N0086V1S1A08R2.avi,1,8,1,2,86
N0055V2S1A24R2.avi,1,24,2,2,55
N0081V1S1A06R2.avi,1,6,1,2,81
N0025V3S1A27R2.avi,1,27,3,2,25
N0070V1S1A39R2.avi,1,39,1,2,70
N0070V1S1A28R2.avi,1,28,1,2,70
N0339V1S1A27R2.avi,1,27,1,2,339
N0097V2S1A29R2.avi,1,29,2,2,97
N0107V3S1A38R2.avi,1,38,3,2,107
N0280V2S1A17R2.avi,1,17,2,2,280
N0267V2S1A22R2.avi,1,22,2,2,267
N0036V1S1A03R2.avi,1,3,1,2,36
N0110V2S1A47R2.avi,1,47,2,2,110
N0043V2S1A19R2.avi,1,19,2,2,43
N0282V2S1A38R2.avi,1,38,2,2,282
N0276V2S1A34R2.avi,1,34,2,2,276
N0166V3S1A37R2.avi,1,37,3,2,166
N0119V2S1A46R2.avi,1,46,2,2,119
N0079V3S1A10R2.avi,1,10,3,2,79
N0126V2S1A07R2.avi,1,7,2,2,126
N0138V2S1A22R2.avi,1,22,2,2,138
N0186V2S1A37R2.avi,1,37,2,2,186
N0274V3S1A28R2.avi,1,28,3,2,274
N0074V3S1A18R2.avi,1,18,3,2,74
N0278V1S1A40R2.avi,1,40,1,2,278
N0021V3S1A09R2.avi,1,9,3,2,21
N0018V2S1A05R2.avi,1,5,2,2,18
N0058V1S1A49R2.avi,1,49,1,2,58
N0040V2S1A35R2.avi,1,35,2,2,40
N0240V3S1A39R2.avi,1,39,3,2,240
N0007V3S1A32R2.avi,1,32,3,2,7
N0217V2S1A50R2.avi,1,50,2,2,217
N0257V1S1A44R2.avi,1,44,1,2,257
N0017V2S1A41R2.avi,1,41,2,2,17
N0032V1S1A51R2.avi,1,51,1,2,32
N0222V1S1A31R2.avi,1,31,1,2,222
N0199V2S1A33R2.avi,1,33,2,2,199
N0163V2S1A20R2.avi,1,20,2,2,163
N0341V3S1A38R2.avi,1,38,3,2,341
N0273V2S1A06R2.avi,1,6,2,2,273
N0007V1S1A32R2.avi,1,32,1,2,7
N0132V2S1A23R2.avi,1,23,2,2,132
N0361V1S1A45R2.avi,1,45,1,2,361
N0093V3S1A11R2.avi,1,11,3,2,93
N0083V2S1A19R2.avi,1,19,2,2,83
N0163V1S1A39R2.avi,1,39,1,2,163
N0047V3S1A32R2.avi,1,32,3,2,47
N0163V3S1A31R2.avi,1,31,3,2,163
N0348V3S1A14R2.avi,1,14,3,2,348
N0007V1S1A42R2.avi,1,42,1,2,7
N0209V3S1A48R2.avi,1,48,3,2,209
N0113V1S1A42R2.avi,1,42,1,2,113
N0119V2S1A39R2.avi,1,39,2,2,119
N0340V2S1A03R2.avi,1,3,2,2,340
N0092V1S1A05R2.avi,1,5,1,2,92
N0278V1S1A01R2.avi,1,1,1,2,278
N0066V2S1A02R2.avi,1,2,2,2,66
N0129V3S1A46R2.avi,1,46,3,2,129
N0088V2S1A17R2.avi,1,17,2,2,88
N0172V3S1A33R2.avi,1,33,3,2,172
N0259V1S1A50R2.avi,1,50,1,2,259
N0286V1S1A37R2.avi,1,37,1,2,286
N0198V3S1A29R2.avi,1,29,3,2,198
N0282V1S1A45R2.avi,1,45,1,2,282
N0070V2S1A23R1.avi,1,23,2,1,70
N0177V1S1A44R2.avi,1,44,1,2,177
N0274V3S1A09R2.avi,1,9,3,2,274
N0066V2S1A33R2.avi,1,33,2,2,66
N0166V3S1A02R2.avi,1,2,3,2,166
N0339V1S1A24R2.avi,1,24,1,2,339
N0158V1S1A51R2.avi,1,51,1,2,158
N0188V3S1A47R2.avi,1,47,3,2,188
N0229V2S1A32R2.avi,1,32,2,2,229
N0030V1S1A37R2.avi,1,37,1,2,30
N0122V2S1A03R2.avi,1,3,2,2,122
N0107V2S1A15R2.avi,1,15,2,2,107
N0083V3S1A20R2.avi,1,20,3,2,83
N0287V2S1A15R2.avi,1,15,2,2,287
N0045V3S1A12R2.avi,1,12,3,2,45
N0039V2S1A45R2.avi,1,45,2,2,39
N0028V3S1A51R2.avi,1,51,3,2,28
N0197V3S1A03R2.avi,1,3,3,2,197
N0118V3S1A41R2.avi,1,41,3,2,118
N0109V1S1A15R2.avi,1,15,1,2,109
N0177V3S1A19R2.avi,1,19,3,2,177
N0160V3S1A30R2.avi,1,30,3,2,160
N0071V3S1A05R2.avi,1,5,3,2,71
N0342V3S1A43R2.avi,1,43,3,2,342
N0355V3S1A23R2.avi,1,23,3,2,355
N0067V2S1A11R2.avi,1,11,2,2,67
N0030V2S1A34R2.avi,1,34,2,2,30
N0202V2S1A25R2.avi,1,25,2,2,202
N0222V3S1A08R2.avi,1,8,3,2,222
N0357V3S1A09R2.avi,1,9,3,2,357
N0345V2S1A36R2.avi,1,36,2,2,345
N0199V2S1A43R2.avi,1,43,2,2,199
N0200V3S1A34R2.avi,1,34,3,2,200
N0156V3S1A28R2.avi,1,28,3,2,156
N0040V1S1A39R2.avi,1,39,1,2,40
N0001V3S1A10R2.avi,1,10,3,2,1
N0118V2S1A36R2.avi,1,36,2,2,118
N0127V1S1A42R2.avi,1,42,1,2,127
N0189V3S1A13R2.avi,1,13,3,2,189
N0002V2S1A48R2.avi,1,48,2,2,2
N0228V2S1A38R2.avi,1,38,2,2,228
N0116V3S1A02R2.avi,1,2,3,2,116
N0016V1S1A39R2.avi,1,39,1,2,16
N0197V2S1A02R2.avi,1,2,2,2,197
N0265V2S1A11R2.avi,1,11,2,2,265
N0123V3S1A06R2.avi,1,6,3,2,123
N0087V2S1A11R2.avi,1,11,2,2,87
N0115V2S1A21R2.avi,1,21,2,2,115
N0045V1S1A21R2.avi,1,21,1,2,45
N0334V3S1A19R2.avi,1,19,3,2,334
N0277V2S1A29R2.avi,1,29,2,2,277
N0236V3S1A08R2.avi,1,8,3,2,236
N0012V1S1A50R2.avi,1,50,1,2,12
N0050V1S1A28R2.avi,1,28,1,2,50
N0132V3S1A37R2.avi,1,37,3,2,132
N0346V2S1A22R2.avi,1,22,2,2,346
N0053V3S1A39R2.avi,1,39,3,2,53
N0113V2S1A15R2.avi,1,15,2,2,113
N0269V1S1A37R2.avi,1,37,1,2,269
N0119V2S1A02R2.avi,1,2,2,2,119
N0157V1S1A13R2.avi,1,13,1,2,157
N0347V1S1A01R2.avi,1,1,1,2,347
N0187V3S1A38R2.avi,1,38,3,2,187
N0343V1S1A30R2.avi,1,30,1,2,343
N0086V3S1A38R2.avi,1,38,3,2,86
N0030V3S1A23R2.avi,1,23,3,2,30
N0067V1S1A13R2.avi,1,13,1,2,67
N0346V3S1A43R2.avi,1,43,3,2,346
N0250V1S1A49R2.avi,1,49,1,2,250
N0264V1S1A13R2.avi,1,13,1,2,264
N0231V2S1A51R2.avi,1,51,2,2,231
N0102V3S1A48R2.avi,1,48,3,2,102
N0244V3S1A18R2.avi,1,18,3,2,244
N0019V1S1A10R2.avi,1,10,1,2,19
N0223V1S1A17R2.avi,1,17,1,2,223
N0286V3S1A35R2.avi,1,35,3,2,286
N0256V2S1A39R2.avi,1,39,2,2,256
N0029V1S1A32R2.avi,1,32,1,2,29
N0012V3S1A37R2.avi,1,37,3,2,12
N0037V3S1A43R2.avi,1,43,3,2,37
N0156V1S1A03R2.avi,1,3,1,2,156
N0221V2S1A36R2.avi,1,36,2,2,221
N0023V2S1A11R2.avi,1,11,2,2,23
N0076V1S1A03R2.avi,1,3,1,2,76
N0267V2S1A45R2.avi,1,45,2,2,267
N0342V2S1A40R2.avi,1,40,2,2,342
N0008V1S1A02R2.avi,1,2,1,2,8
N0268V2S1A31R1.avi,1,31,2,1,268
N0068V3S1A51R2.avi,1,51,3,2,68
N0049V3S1A11R2.avi,1,11,3,2,49
N0049V2S1A39R2.avi,1,39,2,2,49
N0108V2S1A34R2.avi,1,34,2,2,108
N0160V3S1A33R2.avi,1,33,3,2,160
N0131V1S1A43R2.avi,1,43,1,2,131
N0256V2S1A41R2.avi,1,41,2,2,256
N0022V3S1A28R2.avi,1,28,3,2,22
N0334V1S1A22R2.avi,1,22,1,2,334
N0179V2S1A11R2.avi,1,11,2,2,179
N0210V1S1A40R2.avi,1,40,1,2,210
N0056V1S1A51R2.avi,1,51,1,2,56
N0032V3S1A25R2.avi,1,25,3,2,32
N0343V1S1A10R2.avi,1,10,1,2,343
N0149V3S1A09R2.avi,1,9,3,2,149
N0104V2S1A18R2.avi,1,18,2,2,104
N0272V3S1A50R2.avi,1,50,3,2,272
N0199V2S1A44R2.avi,1,44,2,2,199
N0107V3S1A40R1.avi,1,40,3,1,107
N0193V2S1A22R2.avi,1,22,2,2,193
N0063V2S1A41R2.avi,1,41,2,2,63
N0168V3S1A37R2.avi,1,37,3,2,168
N0030V2S1A46R2.avi,1,46,2,2,30
N0164V3S1A12R2.avi,1,12,3,2,164
N0287V1S1A19R2.avi,1,19,1,2,287
N0363V3S1A08R2.avi,1,8,3,2,363
N0113V1S1A50R2.avi,1,50,1,2,113
N0166V1S1A40R2.avi,1,40,1,2,166
N0046V2S1A03R2.avi,1,3,2,2,46
N0217V1S1A05R2.avi,1,5,1,2,217
N0066V1S1A28R2.avi,1,28,1,2,66
N0344V3S1A22R2.avi,1,22,3,2,344
N0031V1S1A40R2.avi,1,40,1,2,31
N0054V2S1A12R2.avi,1,12,2,2,54
N0136V1S1A28R2.avi,1,28,1,2,136
N0286V3S1A17R2.avi,1,17,3,2,286
N0355V2S1A34R2.avi,1,34,2,2,355
N0346V2S1A36R2.avi,1,36,2,2,346
N0137V1S1A48R2.avi,1,48,1,2,137
N0212V3S1A49R2.avi,1,49,3,2,212
N0066V2S1A10R2.avi,1,10,2,2,66
N0152V1S1A38R2.avi,1,38,1,2,152
N0343V1S1A35R2.avi,1,35,1,2,343
N0289V1S1A49R2.avi,1,49,1,2,289
N0191V3S1A36R2.avi,1,36,3,2,191
N0041V2S1A17R2.avi,1,17,2,2,41
N0128V3S1A36R2.avi,1,36,3,2,128
N0203V2S1A37R2.avi,1,37,2,2,203
N0262V1S1A35R2.avi,1,35,1,2,262
N0142V3S1A51R2.avi,1,51,3,2,142
N0016V2S1A35R2.avi,1,35,2,2,16
N0285V1S1A12R2.avi,1,12,1,2,285
N0334V1S1A51R2.avi,1,51,1,2,334
N0258V3S1A06R2.avi,1,6,3,2,258
N0157V1S1A41R2.avi,1,41,1,2,157
N0161V3S1A01R2.avi,1,1,3,2,161
N0233V3S1A09R2.avi,1,9,3,2,233
N0159V1S1A15R2.avi,1,15,1,2,159
N0269V1S1A50R2.avi,1,50,1,2,269
N0047V1S1A20R2.avi,1,20,1,2,47
N0280V1S1A09R2.avi,1,9,1,2,280
N0337V2S1A17R2.avi,1,17,2,2,337
N0031V1S1A42R2.avi,1,42,1,2,31
N0066V3S1A23R2.avi,1,23,3,2,66
N0216V3S1A33R2.avi,1,33,3,2,216
N0016V3S1A35R2.avi,1,35,3,2,16
N0205V1S1A16R2.avi,1,16,1,2,205
N0022V2S1A51R2.avi,1,51,2,2,22
N0157V2S1A31R2.avi,1,31,2,2,157
N0176V3S1A39R2.avi,1,39,3,2,176
N0191V1S1A11R2.avi,1,11,1,2,191
N0070V1S1A10R2.avi,1,10,1,2,70
N0118V3S1A08R2.avi,1,8,3,2,118
N0347V3S1A50R2.avi,1,50,3,2,347
N0021V3S1A38R2.avi,1,38,3,2,21
N0211V2S1A28R2.avi,1,28,2,2,211
N0069V3S1A31R2.avi,1,31,3,2,69
N0199V1S1A46R2.avi,1,46,1,2,199
N0158V3S1A32R2.avi,1,32,3,2,158
N0012V2S1A01R2.avi,1,1,2,2,12
N0234V1S1A27R2.avi,1,27,1,2,234
N0145V1S1A14R2.avi,1,14,1,2,145
N0116V1S1A04R2.avi,1,4,1,2,116
N0346V1S1A41R1.avi,1,41,1,1,346
N0225V3S1A18R2.avi,1,18,3,2,225
N0120V1S1A23R2.avi,1,23,1,2,120
N0038V2S1A01R2.avi,1,1,2,2,38
N0211V1S1A13R2.avi,1,13,1,2,211
N0018V2S1A46R2.avi,1,46,2,2,18
N0256V1S1A34R2.avi,1,34,1,2,256
N0196V2S1A51R2.avi,1,51,2,2,196
N0217V3S1A02R1.avi,1,2,3,1,217
N0269V2S1A34R2.avi,1,34,2,2,269
N0268V3S1A17R2.avi,1,17,3,2,268
N0121V2S1A51R2.avi,1,51,2,2,121
N0122V1S1A33R2.avi,1,33,1,2,122
N0159V3S1A41R2.avi,1,41,3,2,159
N0266V3S1A17R2.avi,1,17,3,2,266
N0058V3S1A25R2.avi,1,25,3,2,58
N0220V3S1A01R2.avi,1,1,3,2,220
N0019V1S1A23R2.avi,1,23,1,2,19
N0116V3S1A41R2.avi,1,41,3,2,116
N0158V1S1A35R2.avi,1,35,1,2,158
N0053V2S1A10R2.avi,1,10,2,2,53
N0042V2S1A36R2.avi,1,36,2,2,42
N0028V2S1A40R2.avi,1,40,2,2,28
N0285V3S1A14R2.avi,1,14,3,2,285
N0032V2S1A34R2.avi,1,34,2,2,32
N0355V3S1A31R2.avi,1,31,3,2,355
N0100V1S1A08R2.avi,1,8,1,2,100
N0257V1S1A19R1.avi,1,19,1,1,257
N0023V2S1A45R2.avi,1,45,2,2,23
N0289V3S1A46R2.avi,1,46,3,2,289
N0052V1S1A03R2.avi,1,3,1,2,52
N0350V2S1A06R2.avi,1,6,2,2,350
N0041V2S1A38R2.avi,1,38,2,2,41
N0173V3S1A17R2.avi,1,17,3,2,173
N0197V2S1A43R2.avi,1,43,2,2,197
N0276V3S1A25R2.avi,1,25,3,2,276
N0222V1S1A48R2.avi,1,48,1,2,222
N0242V1S1A45R2.avi,1,45,1,2,242
N0109V2S1A15R2.avi,1,15,2,2,109
N0237V2S1A49R2.avi,1,49,2,2,237
N0021V3S1A44R0.avi,1,44,3,0,21
N0130V1S1A01R2.avi,1,1,1,2,130
N0241V2S1A32R2.avi,1,32,2,2,241
N0341V3S1A45R2.avi,1,45,3,2,341
N0108V2S1A49R2.avi,1,49,2,2,108
N0063V3S1A19R2.avi,1,19,3,2,63
N0089V1S1A41R2.avi,1,41,1,2,89
N0168V3S1A23R2.avi,1,23,3,2,168
N0358V1S1A26R2.avi,1,26,1,2,358
N0042V2S1A34R2.avi,1,34,2,2,42
N0235V1S1A21R2.avi,1,21,1,2,235
N0119V1S1A09R2.avi,1,9,1,2,119
N0028V1S1A13R2.avi,1,13,1,2,28
N0009V2S1A29R2.avi,1,29,2,2,9
N0128V3S1A45R2.avi,1,45,3,2,128
N0120V3S1A07R2.avi,1,7,3,2,120
N0252V2S1A29R2.avi,1,29,2,2,252
N0260V1S1A27R2.avi,1,27,1,2,260
N0046V1S1A38R2.avi,1,38,1,2,46
N0102V1S1A34R2.avi,1,34,1,2,102
N0205V2S1A16R2.avi,1,16,2,2,205
N0048V2S1A06R2.avi,1,6,2,2,48
N0288V2S1A37R2.avi,1,37,2,2,288
N0060V2S1A48R2.avi,1,48,2,2,60
N0040V3S1A30R2.avi,1,30,3,2,40
N0127V2S1A39R2.avi,1,39,2,2,127
N0284V3S1A16R2.avi,1,16,3,2,284
N0352V1S1A44R2.avi,1,44,1,2,352
N0188V2S1A28R1.avi,1,28,2,1,188
N0223V2S1A41R2.avi,1,41,2,2,223
N0217V1S1A49R2.avi,1,49,1,2,217
N0215V2S1A21R2.avi,1,21,2,2,215
N0052V3S1A07R2.avi,1,7,3,2,52
N0233V1S1A34R2.avi,1,34,1,2,233
N0288V3S1A43R2.avi,1,43,3,2,288
N0231V2S1A17R2.avi,1,17,2,2,231
N0245V1S1A26R2.avi,1,26,1,2,245
N0072V3S1A02R2.avi,1,2,3,2,72
N0041V1S1A04R2.avi,1,4,1,2,41
N0077V2S1A29R2.avi,1,29,2,2,77
N0344V1S1A19R2.avi,1,19,1,2,344
N0216V3S1A17R2.avi,1,17,3,2,216
N0175V3S1A16R2.avi,1,16,3,2,175
N0003V1S1A38R2.avi,1,38,1,2,3
N0109V2S1A38R2.avi,1,38,2,2,109
N0220V1S1A40R2.avi,1,40,1,2,220
N0196V1S1A41R2.avi,1,41,1,2,196
N0108V1S1A30R2.avi,1,30,1,2,108
N0119V1S1A51R2.avi,1,51,1,2,119
N0272V2S1A07R2.avi,1,7,2,2,272
N0240V2S1A10R2.avi,1,10,2,2,240
N0050V1S1A29R2.avi,1,29,1,2,50
N0133V3S1A17R2.avi,1,17,3,2,133
N0191V2S1A03R2.avi,1,3,2,2,191
N0225V3S1A14R2.avi,1,14,3,2,225
N0356V2S1A06R2.avi,1,6,2,2,356
N0283V2S1A46R2.avi,1,46,2,2,283
N0063V3S1A41R2.avi,1,41,3,2,63
N0172V2S1A46R2.avi,1,46,2,2,172
N0039V3S1A19R2.avi,1,19,3,2,39
N0167V2S1A06R2.avi,1,6,2,2,167
N0200V3S1A43R2.avi,1,43,3,2,200
N0263V2S1A39R2.avi,1,39,2,2,263
N0118V2S1A23R2.avi,1,23,2,2,118
N0271V2S1A21R2.avi,1,21,2,2,271
N0233V3S1A49R2.avi,1,49,3,2,233
N0353V1S1A31R2.avi,1,31,1,2,353
N0288V1S1A51R2.avi,1,51,1,2,288
N0270V3S1A12R2.avi,1,12,3,2,270
N0120V3S1A04R2.avi,1,4,3,2,120
N0108V1S1A51R1.avi,1,51,1,1,108
N0073V2S1A31R2.avi,1,31,2,2,73
N0176V3S1A50R2.avi,1,50,3,2,176
N0269V1S1A10R2.avi,1,10,1,2,269
N0022V3S1A40R2.avi,1,40,3,2,22
N0037V1S1A09R2.avi,1,9,1,2,37
N0072V2S1A47R2.avi,1,47,2,2,72
N0187V2S1A43R2.avi,1,43,2,2,187
N0120V1S1A11R1.avi,1,11,1,1,120
N0288V3S1A06R2.avi,1,6,3,2,288
N0026V3S1A49R1.avi,1,49,3,1,26
N0007V2S1A19R2.avi,1,19,2,2,7
N0287V2S1A06R2.avi,1,6,2,2,287
N0017V3S1A38R2.avi,1,38,3,2,17
N0080V3S1A47R2.avi,1,47,3,2,80
N0162V3S1A37R2.avi,1,37,3,2,162
N0143V1S1A05R2.avi,1,5,1,2,143
N0036V2S1A49R2.avi,1,49,2,2,36
N0100V1S1A48R2.avi,1,48,1,2,100
N0049V1S1A20R2.avi,1,20,1,2,49
N0236V1S1A34R2.avi,1,34,1,2,236
N0237V3S1A34R2.avi,1,34,3,2,237
N0274V2S1A33R2.avi,1,33,2,2,274
N0250V2S1A34R2.avi,1,34,2,2,250
N0122V3S1A38R2.avi,1,38,3,2,122
N0193V1S1A39R2.avi,1,39,1,2,193
N0265V2S1A33R2.avi,1,33,2,2,265
N0012V2S1A25R2.avi,1,25,2,2,12
N0227V3S1A33R2.avi,1,33,3,2,227
N0016V3S1A25R2.avi,1,25,3,2,16
N0102V3S1A01R2.avi,1,1,3,2,102
N0046V1S1A36R2.avi,1,36,1,2,46
N0281V2S1A29R2.avi,1,29,2,2,281
N0066V1S1A47R2.avi,1,47,1,2,66
N0230V2S1A10R2.avi,1,10,2,2,230
N0272V3S1A33R2.avi,1,33,3,2,272
N0113V3S1A42R2.avi,1,42,3,2,113
N0138V3S1A08R2.avi,1,8,3,2,138
N0347V1S1A10R2.avi,1,10,1,2,347
N0275V1S1A13R2.avi,1,13,1,2,275
N0120V1S1A34R2.avi,1,34,1,2,120
N0083V3S1A32R2.avi,1,32,3,2,83
N0040V3S1A35R2.avi,1,35,3,2,40
N0256V3S1A02R2.avi,1,2,3,2,256
N0075V3S1A24R2.avi,1,24,3,2,75
N0236V2S1A48R2.avi,1,48,2,2,236
N0104V3S1A21R2.avi,1,21,3,2,104
N0264V1S1A35R2.avi,1,35,1,2,264
N0147V1S1A15R2.avi,1,15,1,2,147
N0203V2S1A31R2.avi,1,31,2,2,203
N0160V3S1A08R2.avi,1,8,3,2,160
N0352V2S1A06R2.avi,1,6,2,2,352
N0275V3S1A10R2.avi,1,10,3,2,275
N0107V3S1A44R2.avi,1,44,3,2,107
N0208V2S1A22R2.avi,1,22,2,2,208
N0186V3S1A36R2.avi,1,36,3,2,186
N0250V3S1A22R2.avi,1,22,3,2,250
N0128V1S1A28R2.avi,1,28,1,2,128
N0173V3S1A43R2.avi,1,43,3,2,173
N0096V2S1A22R2.avi,1,22,2,2,96
N0179V3S1A05R2.avi,1,5,3,2,179
N0181V1S1A13R2.avi,1,13,1,2,181
N0363V1S1A31R2.avi,1,31,1,2,363
N0197V3S1A50R2.avi,1,50,3,2,197
N0122V1S1A02R2.avi,1,2,1,2,122
N0040V1S1A49R2.avi,1,49,1,2,40
N0032V3S1A48R2.avi,1,48,3,2,32
N0222V2S1A29R2.avi,1,29,2,2,222
N0189V3S1A22R2.avi,1,22,3,2,189
N0058V3S1A48R2.avi,1,48,3,2,58
N0078V1S1A28R2.avi,1,28,1,2,78
N0003V1S1A32R2.avi,1,32,1,2,3
N0067V3S1A11R2.avi,1,11,3,2,67
N0058V2S1A51R2.avi,1,51,2,2,58
N0192V3S1A37R2.avi,1,37,3,2,192
N0275V1S1A43R2.avi,1,43,1,2,275
N0189V1S1A42R1.avi,1,42,1,1,189
N0266V2S1A09R2.avi,1,9,2,2,266
N0350V1S1A08R2.avi,1,8,1,2,350
N0057V1S1A04R2.avi,1,4,1,2,57
N0075V1S1A26R2.avi,1,26,1,2,75
N0029V2S1A09R1.avi,1,9,2,1,29
N0144V1S1A27R2.avi,1,27,1,2,144
N0088V2S1A01R2.avi,1,1,2,2,88
N0273V2S1A32R2.avi,1,32,2,2,273
N0101V3S1A38R2.avi,1,38,3,2,101
N0020V3S1A25R2.avi,1,25,3,2,20
N0009V1S1A11R2.avi,1,11,1,2,9
N0263V1S1A43R2.avi,1,43,1,2,263
N0289V1S1A25R2.avi,1,25,1,2,289
N0002V1S1A05R2.avi,1,5,1,2,2
N0108V3S1A13R2.avi,1,13,3,2,108
N0353V3S1A10R2.avi,1,10,3,2,353
N0010V2S1A01R2.avi,1,1,2,2,10
N0116V1S1A40R2.avi,1,40,1,2,116
N0069V2S1A09R1.avi,1,9,2,1,69
N0030V1S1A30R2.avi,1,30,1,2,30
N0186V2S1A08R2.avi,1,8,2,2,186
N0042V2S1A49R2.avi,1,49,2,2,42
N0284V3S1A18R2.avi,1,18,3,2,284
N0274V1S1A29R2.avi,1,29,1,2,274
N0051V3S1A20R2.avi,1,20,3,2,51
N0232V3S1A02R2.avi,1,2,3,2,232
N0272V1S1A19R2.avi,1,19,1,2,272
N0258V3S1A13R2.avi,1,13,3,2,258
N0052V3S1A40R2.avi,1,40,3,2,52
N0017V3S1A32R2.avi,1,32,3,2,17
N0013V2S1A42R1.avi,1,42,2,1,13
N0340V2S1A22R2.avi,1,22,2,2,340
N0204V3S1A24R2.avi,1,24,3,2,204
N0207V1S1A05R2.avi,1,5,1,2,207
N0163V3S1A22R2.avi,1,22,3,2,163
N0047V3S1A13R2.avi,1,13,3,2,47
N0046V1S1A33R2.avi,1,33,1,2,46
N0158V2S1A34R2.avi,1,34,2,2,158
N0032V2S1A05R1.avi,1,5,2,1,32
N0257V2S1A46R2.avi,1,46,2,2,257
N0017V2S1A29R2.avi,1,29,2,2,17
N0108V1S1A34R2.avi,1,34,1,2,108
N0284V1S1A18R2.avi,1,18,1,2,284
N0098V2S1A03R2.avi,1,3,2,2,98
N0254V3S1A27R2.avi,1,27,3,2,254
N0259V3S1A15R2.avi,1,15,3,2,259
N0289V2S1A22R2.avi,1,22,2,2,289
N0228V2S1A04R2.avi,1,4,2,2,228
N0202V2S1A08R2.avi,1,8,2,2,202
N0010V1S1A48R2.avi,1,48,1,2,10
N0262V3S1A35R2.avi,1,35,3,2,262
N0359V1S1A18R2.avi,1,18,1,2,359
N0060V3S1A08R2.avi,1,8,3,2,60
N0223V1S1A15R2.avi,1,15,1,2,223
N0268V3S1A47R2.avi,1,47,3,2,268
N0107V1S1A11R2.avi,1,11,1,2,107
N0191V1S1A05R2.avi,1,5,1,2,191
N0086V1S1A47R2.avi,1,47,1,2,86
N0090V3S1A49R2.avi,1,49,3,2,90
N0148V2S1A10R2.avi,1,10,2,2,148
N0208V3S1A23R2.avi,1,23,3,2,208
N0078V1S1A46R2.avi,1,46,1,2,78
N0206V1S1A35R2.avi,1,35,1,2,206
N0169V3S1A13R2.avi,1,13,3,2,169
N0243V3S1A11R2.avi,1,11,3,2,243
N0160V3S1A40R1.avi,1,40,3,1,160
N0081V2S1A05R2.avi,1,5,2,2,81
N0020V3S1A48R2.avi,1,48,3,2,20
N0087V3S1A15R2.avi,1,15,3,2,87
N0056V3S1A36R2.avi,1,36,3,2,56
N0212V1S1A42R2.avi,1,42,1,2,212
N0171V3S1A13R2.avi,1,13,3,2,171
N0216V2S1A29R2.avi,1,29,2,2,216
N0018V3S1A49R2.avi,1,49,3,2,18
N0040V2S1A25R2.avi,1,25,2,2,40
N0279V1S1A30R2.avi,1,30,1,2,279
N0056V2S1A23R2.avi,1,23,2,2,56
N0203V1S1A32R2.avi,1,32,1,2,203
N0037V2S1A29R2.avi,1,29,2,2,37
N0269V1S1A33R2.avi,1,33,1,2,269
N0161V1S1A29R2.avi,1,29,1,2,161
N0349V3S1A12R2.avi,1,12,3,2,349
N0121V3S1A42R2.avi,1,42,3,2,121
N0130V1S1A22R2.avi,1,22,1,2,130
N0131V3S1A15R2.avi,1,15,3,2,131
N0354V2S1A07R2.avi,1,7,2,2,354
N0181V2S1A41R2.avi,1,41,2,2,181
N0049V3S1A45R2.avi,1,45,3,2,49
N0263V3S1A06R2.avi,1,6,3,2,263
N0172V2S1A32R2.avi,1,32,2,2,172
N0206V3S1A45R2.avi,1,45,3,2,206
N0076V3S1A38R2.avi,1,38,3,2,76
N0009V1S1A31R2.avi,1,31,1,2,9
N0355V3S1A41R2.avi,1,41,3,2,355
N0162V1S1A25R2.avi,1,25,1,2,162
N0006V2S1A51R2.avi,1,51,2,2,6
N0014V1S1A26R2.avi,1,26,1,2,14
N0356V1S1A04R2.avi,1,4,1,2,356
N0173V1S1A20R2.avi,1,20,1,2,173
N0053V3S1A45R2.avi,1,45,3,2,53
N0128V1S1A23R2.avi,1,23,1,2,128
N0043V3S1A08R2.avi,1,8,3,2,43
N0209V3S1A32R2.avi,1,32,3,2,209
N0281V2S1A19R2.avi,1,19,2,2,281
N0219V2S1A40R2.avi,1,40,2,2,219
N0201V3S1A22R2.avi,1,22,3,2,201
N0234V1S1A12R2.avi,1,12,1,2,234
N0186V2S1A25R2.avi,1,25,2,2,186
N0140V3S1A48R2.avi,1,48,3,2,140
N0209V3S1A42R2.avi,1,42,3,2,209
N0274V1S1A09R2.avi,1,9,1,2,274
N0269V1S1A49R2.avi,1,49,1,2,269
N0086V1S1A19R2.avi,1,19,1,2,86
N0214V2S1A18R2.avi,1,18,2,2,214
N0169V1S1A42R2.avi,1,42,1,2,169
N0060V3S1A38R2.avi,1,38,3,2,60
N0142V2S1A01R1.avi,1,1,2,1,142
N0029V2S1A23R2.avi,1,23,2,2,29
N0334V2S1A19R2.avi,1,19,2,2,334
N0363V1S1A28R2.avi,1,28,1,2,363
N0358V3S1A21R2.avi,1,21,3,2,358
N0273V1S1A23R2.avi,1,23,1,2,273
N0084V3S1A16R2.avi,1,16,3,2,84
N0250V2S1A49R2.avi,1,49,2,2,250
N0052V2S1A17R2.avi,1,17,2,2,52
N0342V3S1A33R2.avi,1,33,3,2,342
N0191V1S1A34R2.avi,1,34,1,2,191
N0256V3S1A22R2.avi,1,22,3,2,256
N0362V3S1A49R2.avi,1,49,3,2,362
N0101V2S1A50R2.avi,1,50,2,2,101
N0207V3S1A17R2.avi,1,17,3,2,207
N0165V1S1A16R2.avi,1,16,1,2,165
N0356V3S1A06R2.avi,1,6,3,2,356
N0187V1S1A06R2.avi,1,6,1,2,187
N0004V3S1A16R2.avi,1,16,3,2,4
N0117V1S1A43R2.avi,1,43,1,2,117
N0027V1S1A29R2.avi,1,29,1,2,27
N0156V2S1A37R2.avi,1,37,2,2,156
N0167V1S1A17R2.avi,1,17,1,2,167
N0227V1S1A34R2.avi,1,34,1,2,227
N0356V3S1A05R2.avi,1,5,3,2,356
N0350V1S1A30R2.avi,1,30,1,2,350
N0268V1S1A45R2.avi,1,45,1,2,268
N0018V3S1A50R2.avi,1,50,3,2,18
N0182V1S1A50R2.avi,1,50,1,2,182
N0076V1S1A02R2.avi,1,2,1,2,76
N0108V3S1A03R2.avi,1,3,3,2,108
N0045V2S1A26R2.avi,1,26,2,2,45
N0202V3S1A50R2.avi,1,50,3,2,202
N0350V2S1A41R2.avi,1,41,2,2,350
N0230V1S1A34R2.avi,1,34,1,2,230
N0276V2S1A38R2.avi,1,38,2,2,276
N0277V3S1A34R2.avi,1,34,3,2,277
N0038V2S1A30R2.avi,1,30,2,2,38
N0197V1S1A34R2.avi,1,34,1,2,197
N0026V1S1A37R2.avi,1,37,1,2,26
N0150V3S1A41R2.avi,1,41,3,2,150
N0275V3S1A31R2.avi,1,31,3,2,275
N0100V3S1A34R2.avi,1,34,3,2,100
N0022V1S1A25R2.avi,1,25,1,2,22
N0345V2S1A46R2.avi,1,46,2,2,345
N0058V2S1A35R2.avi,1,35,2,2,58
N0275V1S1A15R2.avi,1,15,1,2,275
N0181V3S1A05R2.avi,1,5,3,2,181
N0094V1S1A18R2.avi,1,18,1,2,94
N0274V2S1A49R2.avi,1,49,2,2,274
N0072V1S1A48R2.avi,1,48,1,2,72
N0339V3S1A24R2.avi,1,24,3,2,339
N0274V2S1A44R2.avi,1,44,2,2,274
N0011V1S1A50R2.avi,1,50,1,2,11
N0286V1S1A35R2.avi,1,35,1,2,286
N0151V3S1A10R2.avi,1,10,3,2,151
N0015V3S1A12R2.avi,1,12,3,2,15
N0175V2S1A14R2.avi,1,14,2,2,175
N0277V1S1A08R2.avi,1,8,1,2,277
N0060V3S1A49R2.avi,1,49,3,2,60
N0287V1S1A45R2.avi,1,45,1,2,287
N0111V1S1A30R2.avi,1,30,1,2,111
N0227V2S1A46R2.avi,1,46,2,2,227
N0143V2S1A40R2.avi,1,40,2,2,143
N0267V1S1A05R2.avi,1,5,1,2,267
N0075V1S1A27R2.avi,1,27,1,2,75
N0119V3S1A05R2.avi,1,5,3,2,119
N0087V1S1A15R2.avi,1,15,1,2,87
N0354V2S1A05R2.avi,1,5,2,2,354
N0284V3S1A24R2.avi,1,24,3,2,284
N0083V3S1A43R2.avi,1,43,3,2,83
N0047V1S1A50R2.avi,1,50,1,2,47
N0355V2S1A38R2.avi,1,38,2,2,355
N0047V3S1A04R2.avi,1,4,3,2,47
N0210V2S1A29R2.avi,1,29,2,2,210
N0100V3S1A36R1.avi,1,36,3,1,100
N0106V1S1A38R2.avi,1,38,1,2,106
N0008V2S1A47R2.avi,1,47,2,2,8
N0272V1S1A22R2.avi,1,22,1,2,272
N0082V1S1A13R2.avi,1,13,1,2,82
N0206V3S1A08R2.avi,1,8,3,2,206
N0169V1S1A07R2.avi,1,7,1,2,169
N0108V1S1A50R2.avi,1,50,1,2,108
N0082V3S1A36R2.avi,1,36,3,2,82
N0220V2S1A51R2.avi,1,51,2,2,220
N0123V2S1A06R2.avi,1,6,2,2,123
N0262V2S1A22R2.avi,1,22,2,2,262
N0152V2S1A46R2.avi,1,46,2,2,152
N0117V1S1A31R2.avi,1,31,1,2,117
N0348V2S1A18R2.avi,1,18,2,2,348
N0078V1S1A06R2.avi,1,6,1,2,78
N0181V1S1A44R2.avi,1,44,1,2,181
N0239V3S1A22R2.avi,1,22,3,2,239
N0167V3S1A42R2.avi,1,42,3,2,167
N0277V2S1A46R2.avi,1,46,2,2,277
N0212V2S1A33R2.avi,1,33,2,2,212
N0036V3S1A49R2.avi,1,49,3,2,36
N0128V2S1A44R2.avi,1,44,2,2,128
N0235V1S1A12R2.avi,1,12,1,2,235
N0079V2S1A39R2.avi,1,39,2,2,79
N0052V2S1A13R2.avi,1,13,2,2,52
N0079V3S1A11R2.avi,1,11,3,2,79
N0062V1S1A01R2.avi,1,1,1,2,62
N0192V2S1A04R2.avi,1,4,2,2,192
N0236V2S1A41R2.avi,1,41,2,2,236
N0346V1S1A49R2.avi,1,49,1,2,346
N0060V3S1A28R2.avi,1,28,3,2,60
N0116V3S1A40R2.avi,1,40,3,2,116
N0060V3S1A36R2.avi,1,36,3,2,60
N0159V3S1A40R2.avi,1,40,3,2,159
N0352V1S1A36R2.avi,1,36,1,2,352
N0040V2S1A23R2.avi,1,23,2,2,40
N0141V1S1A11R2.avi,1,11,1,2,141
N0123V1S1A05R2.avi,1,5,1,2,123
N0227V3S1A32R2.avi,1,32,3,2,227
N0051V3S1A41R2.avi,1,41,3,2,51
N0038V3S1A37R2.avi,1,37,3,2,38
N0241V3S1A30R2.avi,1,30,3,2,241
N0130V2S1A22R2.avi,1,22,2,2,130
N0357V1S1A30R2.avi,1,30,1,2,357
N0345V3S1A44R2.avi,1,44,3,2,345
N0060V2S1A51R2.avi,1,51,2,2,60
N0009V2S1A32R2.avi,1,32,2,2,9
N0199V3S1A47R2.avi,1,47,3,2,199
N0047V3S1A43R2.avi,1,43,3,2,47
N0161V1S1A17R2.avi,1,17,1,2,161
N0207V2S1A05R2.avi,1,5,2,2,207
N0017V2S1A15R2.avi,1,15,2,2,17
N0035V3S1A18R2.avi,1,18,3,2,35
N0090V1S1A33R2.avi,1,33,1,2,90
N0057V3S1A50R2.avi,1,50,3,2,57
N0263V3S1A47R2.avi,1,47,3,2,263
N0181V1S1A42R2.avi,1,42,1,2,181
N0148V3S1A35R2.avi,1,35,3,2,148
N0264V1S1A38R2.avi,1,38,1,2,264
N0154V1S1A12R2.avi,1,12,1,2,154
N0193V3S1A06R2.avi,1,6,3,2,193
N0277V3S1A06R2.avi,1,6,3,2,277
N0140V1S1A33R2.avi,1,33,1,2,140
N0226V3S1A11R2.avi,1,11,3,2,226
N0282V3S1A02R2.avi,1,2,3,2,282
N0353V3S1A45R2.avi,1,45,3,2,353
N0024V1S1A26R2.avi,1,26,1,2,24
N0042V1S1A50R2.avi,1,50,1,2,42
N0053V3S1A31R2.avi,1,31,3,2,53
N0182V3S1A10R2.avi,1,10,3,2,182
N0082V3S1A49R2.avi,1,49,3,2,82
N0073V3S1A10R2.avi,1,10,3,2,73
N0090V3S1A39R2.avi,1,39,3,2,90
N0050V3S1A35R2.avi,1,35,3,2,50
N0207V1S1A22R2.avi,1,22,1,2,207
N0081V1S1A45R2.avi,1,45,1,2,81
N0352V2S1A37R2.avi,1,37,2,2,352
N0045V3S1A16R2.avi,1,16,3,2,45
N0010V1S1A51R2.avi,1,51,1,2,10
N0120V2S1A34R2.avi,1,34,2,2,120
N0230V2S1A23R2.avi,1,23,2,2,230
N0180V3S1A33R2.avi,1,33,3,2,180
N0090V2S1A46R2.avi,1,46,2,2,90
N0008V2S1A01R2.avi,1,1,2,2,8
N0045V3S1A26R2.avi,1,26,3,2,45
N0148V2S1A01R2.avi,1,1,2,2,148
N0268V2S1A04R2.avi,1,4,2,2,268
N0219V2S1A20R2.avi,1,20,2,2,219
N0350V3S1A08R2.avi,1,8,3,2,350
N0269V2S1A49R2.avi,1,49,2,2,269
N0157V3S1A42R1.avi,1,42,3,1,157
N0057V1S1A20R2.avi,1,20,1,2,57
N0100V2S1A10R2.avi,1,10,2,2,100
N0150V1S1A41R2.avi,1,41,1,2,150
N0038V1S1A01R2.avi,1,1,1,2,38
N0153V2S1A04R2.avi,1,4,2,2,153
N0085V2S1A27R2.avi,1,27,2,2,85
N0063V2S1A04R2.avi,1,4,2,2,63
N0230V3S1A37R2.avi,1,37,3,2,230
N0007V3S1A04R2.avi,1,4,3,2,7
N0131V2S1A47R2.avi,1,47,2,2,131
N0143V3S1A48R2.avi,1,48,3,2,143
N0069V2S1A04R2.avi,1,4,2,2,69
N0282V3S1A38R2.avi,1,38,3,2,282
N0334V1S1A50R2.avi,1,50,1,2,334
N0204V3S1A12R2.avi,1,12,3,2,204
N0148V3S1A39R2.avi,1,39,3,2,148
N0280V2S1A02R2.avi,1,2,2,2,280
N0100V1S1A49R1.avi,1,49,1,1,100
N0149V1S1A42R2.avi,1,42,1,2,149
N0199V1S1A34R2.avi,1,34,1,2,199
N0168V3S1A30R2.avi,1,30,3,2,168
N0172V3S1A02R2.avi,1,2,3,2,172
N0155V2S1A16R2.avi,1,16,2,2,155
N0123V2S1A17R2.avi,1,17,2,2,123
N0141V3S1A43R2.avi,1,43,3,2,141
N0122V3S1A36R2.avi,1,36,3,2,122
N0016V1S1A36R2.avi,1,36,1,2,16
N0103V1S1A22R2.avi,1,22,1,2,103
N0087V2S1A32R2.avi,1,32,2,2,87
N0269V3S1A11R2.avi,1,11,3,2,269
N0109V1S1A32R2.avi,1,32,1,2,109
N0016V3S1A48R2.avi,1,48,3,2,16
N0152V2S1A29R2.avi,1,29,2,2,152
N0272V2S1A47R2.avi,1,47,2,2,272
N0021V2S1A09R2.avi,1,9,2,2,21
N0200V2S1A02R2.avi,1,2,2,2,200
N0342V1S1A33R2.avi,1,33,1,2,342
N0262V1S1A10R2.avi,1,10,1,2,262
N0343V2S1A01R2.avi,1,1,2,2,343
N0192V3S1A29R2.avi,1,29,3,2,192
N0078V2S1A07R2.avi,1,7,2,2,78
N0030V3S1A25R2.avi,1,25,3,2,30
N0186V1S1A23R2.avi,1,23,1,2,186
N0234V3S1A24R2.avi,1,24,3,2,234
N0081V2S1A11R1.avi,1,11,2,1,81
N0137V2S1A09R2.avi,1,9,2,2,137
N0033V2S1A09R2.avi,1,9,2,2,33
N0158V2S1A47R2.avi,1,47,2,2,158
N0046V2S1A35R2.avi,1,35,2,2,46
N0009V3S1A50R2.avi,1,50,3,2,9
N0273V2S1A51R2.avi,1,51,2,2,273
N0242V2S1A01R2.avi,1,1,2,2,242
N0086V3S1A51R2.avi,1,51,3,2,86
N0218V2S1A36R2.avi,1,36,2,2,218
N0208V2S1A23R2.avi,1,23,2,2,208
N0274V1S1A40R2.avi,1,40,1,2,274
N0107V2S1A23R2.avi,1,23,2,2,107
N0161V1S1A38R2.avi,1,38,1,2,161
N0008V2S1A38R2.avi,1,38,2,2,8
N0354V2S1A20R1.avi,1,20,2,1,354
N0100V1S1A38R2.avi,1,38,1,2,100
N0140V1S1A36R2.avi,1,36,1,2,140
N0137V1S1A50R2.avi,1,50,1,2,137
N0030V3S1A30R2.avi,1,30,3,2,30
N0085V3S1A26R1.avi,1,26,3,1,85
N0033V1S1A09R2.avi,1,9,1,2,33
N0351V2S1A28R2.avi,1,28,2,2,351
N0037V1S1A45R2.avi,1,45,1,2,37
N0228V3S1A45R2.avi,1,45,3,2,228
N0090V3S1A38R2.avi,1,38,3,2,90
N0267V1S1A07R2.avi,1,7,1,2,267
N0110V1S1A09R2.avi,1,9,1,2,110
N0071V1S1A43R2.avi,1,43,1,2,71
N0335V3S1A36R2.avi,1,36,3,2,335
N0089V3S1A44R2.avi,1,44,3,2,89
N0187V3S1A31R2.avi,1,31,3,2,187
N0089V3S1A23R2.avi,1,23,3,2,89
N0016V2S1A47R2.avi,1,47,2,2,16
N0139V1S1A13R2.avi,1,13,1,2,139
N0078V1S1A51R2.avi,1,51,1,2,78
N0161V2S1A48R2.avi,1,48,2,2,161
N0161V2S1A41R2.avi,1,41,2,2,161
N0126V3S1A20R2.avi,1,20,3,2,126
N0227V2S1A13R2.avi,1,13,2,2,227
N0338V1S1A26R2.avi,1,26,1,2,338
N0187V2S1A17R2.avi,1,17,2,2,187
N0218V3S1A25R2.avi,1,25,3,2,218
N0208V1S1A01R2.avi,1,1,1,2,208
N0351V1S1A28R2.avi,1,28,1,2,351
N0354V3S1A03R2.avi,1,3,3,2,354
N0071V3S1A04R2.avi,1,4,3,2,71
N0102V3S1A06R2.avi,1,6,3,2,102
N0018V2S1A33R2.avi,1,33,2,2,18
N0098V1S1A42R2.avi,1,42,1,2,98
N0234V2S1A12R2.avi,1,12,2,2,234
N0222V3S1A31R2.avi,1,31,3,2,222
N0115V1S1A14R2.avi,1,14,1,2,115
N0208V1S1A50R2.avi,1,50,1,2,208
N0097V2S1A13R2.avi,1,13,2,2,97
N0088V3S1A46R2.avi,1,46,3,2,88
N0053V1S1A29R2.avi,1,29,1,2,53
N0123V1S1A17R2.avi,1,17,1,2,123
N0354V3S1A51R2.avi,1,51,3,2,354
N0021V1S1A29R2.avi,1,29,1,2,21
N0168V2S1A32R2.avi,1,32,2,2,168
N0289V1S1A19R2.avi,1,19,1,2,289
N0232V1S1A01R2.avi,1,1,1,2,232
N0150V1S1A42R1.avi,1,42,1,1,150
N0036V3S1A51R2.avi,1,51,3,2,36
N0240V1S1A33R2.avi,1,33,1,2,240
N0274V3S1A39R2.avi,1,39,3,2,274
N0028V1S1A28R2.avi,1,28,1,2,28
N0233V2S1A10R2.avi,1,10,2,2,233
N0174V3S1A14R2.avi,1,14,3,2,174
N0250V1S1A01R2.avi,1,1,1,2,250
N0116V3S1A47R2.avi,1,47,3,2,116
N0209V1S1A34R2.avi,1,34,1,2,209
N0019V1S1A09R2.avi,1,9,1,2,19
N0088V2S1A34R2.avi,1,34,2,2,88
N0263V1S1A15R2.avi,1,15,1,2,263
N0172V1S1A49R2.avi,1,49,1,2,172
N0282V3S1A03R2.avi,1,3,3,2,282
N0119V2S1A38R2.avi,1,38,2,2,119
N0363V3S1A09R2.avi,1,9,3,2,363
N0276V2S1A35R1.avi,1,35,2,1,276
N0083V2S1A08R2.avi,1,8,2,2,83
N0361V1S1A23R2.avi,1,23,1,2,361
N0123V2S1A31R2.avi,1,31,2,2,123
N0334V1S1A40R2.avi,1,40,1,2,334
N0207V1S1A51R2.avi,1,51,1,2,207
N0357V3S1A45R2.avi,1,45,3,2,357
N0349V1S1A16R2.avi,1,16,1,2,349
N0227V3S1A30R2.avi,1,30,3,2,227
N0061V3S1A22R2.avi,1,22,3,2,61
N0223V2S1A06R2.avi,1,6,2,2,223
N0192V2S1A43R2.avi,1,43,2,2,192
N0173V1S1A09R2.avi,1,9,1,2,173
N0113V1S1A43R2.avi,1,43,1,2,113
N0092V2S1A35R2.avi,1,35,2,2,92
N0263V3S1A33R2.avi,1,33,3,2,263
N0356V1S1A03R2.avi,1,3,1,2,356
N0243V1S1A07R2.avi,1,7,1,2,243
N0170V3S1A48R2.avi,1,48,3,2,170
N0071V3S1A40R2.avi,1,40,3,2,71
N0238V3S1A37R2.avi,1,37,3,2,238
N0346V3S1A37R2.avi,1,37,3,2,346
N0211V3S1A15R2.avi,1,15,3,2,211
N0124V2S1A18R2.avi,1,18,2,2,124
N0018V1S1A02R2.avi,1,2,1,2,18
N0230V1S1A36R2.avi,1,36,1,2,230
N0341V1S1A13R2.avi,1,13,1,2,341
N0023V1S1A31R1.avi,1,31,1,1,23
N0003V2S1A07R2.avi,1,7,2,2,3
N0063V3S1A45R2.avi,1,45,3,2,63
N0142V3S1A50R2.avi,1,50,3,2,142
N0057V1S1A43R2.avi,1,43,1,2,57
N0251V1S1A13R2.avi,1,13,1,2,251
N0056V3S1A38R2.avi,1,38,3,2,56
N0062V3S1A48R2.avi,1,48,3,2,62
N0076V2S1A49R2.avi,1,49,2,2,76
N0057V2S1A40R2.avi,1,40,2,2,57
N0065V1S1A24R2.avi,1,24,1,2,65
N0201V3S1A09R2.avi,1,9,3,2,201
N0089V2S1A32R2.avi,1,32,2,2,89
N0226V1S1A40R2.avi,1,40,1,2,226
N0082V2S1A28R0.avi,1,28,2,0,82
N0362V3S1A33R2.avi,1,33,3,2,362
N0163V3S1A17R2.avi,1,17,3,2,163
N0013V3S1A32R2.avi,1,32,3,2,13
N0237V1S1A19R2.avi,1,19,1,2,237
N0277V1S1A38R2.avi,1,38,1,2,277
N0161V2S1A04R2.avi,1,4,2,2,161
N0186V3S1A40R2.avi,1,40,3,2,186
N0346V1S1A43R2.avi,1,43,1,2,346
N0107V2S1A11R2.avi,1,11,2,2,107
N0258V1S1A22R2.avi,1,22,1,2,258
N0357V3S1A01R2.avi,1,1,3,2,357
N0199V2S1A02R2.avi,1,2,2,2,199
N0162V1S1A19R2.avi,1,19,1,2,162
N0254V1S1A26R2.avi,1,26,1,2,254
N0056V3S1A48R2.avi,1,48,3,2,56
N0252V3S1A22R2.avi,1,22,3,2,252
N0032V1S1A40R2.avi,1,40,1,2,32
N0131V2S1A15R2.avi,1,15,2,2,131
N0049V3S1A22R2.avi,1,22,3,2,49
N0210V1S1A51R2.avi,1,51,1,2,210
N0233V3S1A02R2.avi,1,2,3,2,233
N0033V1S1A32R2.avi,1,32,1,2,33
N0154V2S1A21R2.avi,1,21,2,2,154
N0119V2S1A50R2.avi,1,50,2,2,119
N0286V1S1A51R2.avi,1,51,1,2,286
N0241V2S1A38R2.avi,1,38,2,2,241
N0014V1S1A24R2.avi,1,24,1,2,14
N0187V3S1A43R2.avi,1,43,3,2,187
N0126V3S1A34R2.avi,1,34,3,2,126
N0131V3S1A06R2.avi,1,6,3,2,131
N0166V1S1A34R2.avi,1,34,1,2,166
N0155V3S1A27R1.avi,1,27,3,1,155
N0040V3S1A51R2.avi,1,51,3,2,40
N0199V3S1A02R2.avi,1,2,3,2,199
N0025V3S1A21R2.avi,1,21,3,2,25
N0259V1S1A22R2.avi,1,22,1,2,259
N0192V2S1A13R2.avi,1,13,2,2,192
N0078V1S1A47R2.avi,1,47,1,2,78
N0269V3S1A34R2.avi,1,34,3,2,269
N0337V2S1A15R2.avi,1,15,2,2,337
N0188V3S1A38R2.avi,1,38,3,2,188
N0113V2S1A25R2.avi,1,25,2,2,113
N0189V3S1A15R2.avi,1,15,3,2,189
N0268V1S1A20R2.avi,1,20,1,2,268
N0114V3S1A14R2.avi,1,14,3,2,114
N0223V1S1A20R2.avi,1,20,1,2,223
N0279V3S1A41R2.avi,1,41,3,2,279
N0347V3S1A07R2.avi,1,7,3,2,347
N0130V2S1A04R2.avi,1,4,2,2,130
N0230V3S1A49R2.avi,1,49,3,2,230
N0355V2S1A17R2.avi,1,17,2,2,355
N0061V3S1A40R2.avi,1,40,3,2,61
N0288V1S1A32R2.avi,1,32,1,2,288
N0130V1S1A34R2.avi,1,34,1,2,130
N0140V1S1A25R2.avi,1,25,1,2,140
N0350V1S1A02R2.avi,1,2,1,2,350
N0148V1S1A47R2.avi,1,47,1,2,148
N0205V2S1A27R2.avi,1,27,2,2,205
N0282V2S1A51R2.avi,1,51,2,2,282
N0165V2S1A14R2.avi,1,14,2,2,165
N0178V2S1A38R2.avi,1,38,2,2,178
N0179V3S1A20R2.avi,1,20,3,2,179
N0129V1S1A30R2.avi,1,30,1,2,129
N0277V2S1A25R2.avi,1,25,2,2,277
N0056V2S1A01R2.avi,1,1,2,2,56
N0256V3S1A48R2.avi,1,48,3,2,256
N0089V2S1A41R2.avi,1,41,2,2,89
N0060V1S1A02R2.avi,1,2,1,2,60
N0202V1S1A51R2.avi,1,51,1,2,202
N0187V1S1A19R2.avi,1,19,1,2,187
N0003V3S1A07R2.avi,1,7,3,2,3
N0068V3S1A46R2.avi,1,46,3,2,68
N0011V1S1A13R2.avi,1,13,1,2,11
N0217V3S1A43R2.avi,1,43,3,2,217
N0267V1S1A22R2.avi,1,22,1,2,267
N0156V3S1A03R2.avi,1,3,3,2,156
N0008V3S1A48R2.avi,1,48,3,2,8
N0032V1S1A17R2.avi,1,17,1,2,32
N0281V2S1A31R2.avi,1,31,2,2,281
N0208V3S1A04R2.avi,1,4,3,2,208
N0289V3S1A49R2.avi,1,49,3,2,289
N0269V3S1A30R2.avi,1,30,3,2,269
N0165V3S1A27R2.avi,1,27,3,2,165
N0183V3S1A29R2.avi,1,29,3,2,183
N0361V2S1A49R2.avi,1,49,2,2,361
N0228V1S1A10R2.avi,1,10,1,2,228
N0268V1S1A38R2.avi,1,38,1,2,268
N0258V3S1A48R2.avi,1,48,3,2,258
N0097V2S1A31R2.avi,1,31,2,2,97
N0223V3S1A39R2.avi,1,39,3,2,223
N0010V1S1A46R2.avi,1,46,1,2,10
N0045V1S1A24R2.avi,1,24,1,2,45
N0010V3S1A34R2.avi,1,34,3,2,10
N0072V2S1A17R2.avi,1,17,2,2,72
N0068V3S1A07R2.avi,1,7,3,2,68
N0115V2S1A12R2.avi,1,12,2,2,115
N0343V2S1A28R2.avi,1,28,2,2,343
N0142V1S1A32R2.avi,1,32,1,2,142
N0239V2S1A48R2.avi,1,48,2,2,239
N0125V1S1A21R2.avi,1,21,1,2,125
N0285V2S1A27R2.avi,1,27,2,2,285
N0083V1S1A22R2.avi,1,22,1,2,83
N0216V2S1A22R2.avi,1,22,2,2,216
N0350V2S1A38R2.avi,1,38,2,2,350
N0005V3S1A24R2.avi,1,24,3,2,5
N0240V2S1A33R2.avi,1,33,2,2,240
N0283V2S1A07R2.avi,1,7,2,2,283
N0117V2S1A46R2.avi,1,46,2,2,117
N0186V1S1A40R2.avi,1,40,1,2,186
N0079V3S1A32R2.avi,1,32,3,2,79
N0127V3S1A38R2.avi,1,38,3,2,127
N0190V1S1A41R2.avi,1,41,1,2,190
N0274V2S1A03R2.avi,1,3,2,2,274
N0157V3S1A11R2.avi,1,11,3,2,157
N0289V1S1A10R2.avi,1,10,1,2,289
N0045V3S1A27R2.avi,1,27,3,2,45
N0237V1S1A31R2.avi,1,31,1,2,237
N0049V1S1A08R2.avi,1,8,1,2,49
N0198V2S1A15R2.avi,1,15,2,2,198
N0209V2S1A32R2.avi,1,32,2,2,209
N0032V2S1A25R2.avi,1,25,2,2,32
N0200V3S1A29R2.avi,1,29,3,2,200
N0170V1S1A30R2.avi,1,30,1,2,170
N0052V1S1A02R2.avi,1,2,1,2,52
N0251V1S1A23R2.avi,1,23,1,2,251
N0347V2S1A11R2.avi,1,11,2,2,347
N0087V3S1A20R2.avi,1,20,3,2,87
N0002V2S1A40R2.avi,1,40,2,2,2
N0146V1S1A28R0.avi,1,28,1,0,146
N0270V2S1A21R1.avi,1,21,2,1,270
N0342V3S1A03R2.avi,1,3,3,2,342
N0141V3S1A17R2.avi,1,17,3,2,141
N0042V1S1A48R2.avi,1,48,1,2,42
N0021V3S1A31R1.avi,1,31,3,1,21
N0343V1S1A45R2.avi,1,45,1,2,343
N0206V1S1A23R2.avi,1,23,1,2,206
N0097V2S1A10R2.avi,1,10,2,2,97
N0112V3S1A41R2.avi,1,41,3,2,112
N0107V2S1A04R2.avi,1,4,2,2,107
N0343V3S1A23R2.avi,1,23,3,2,343
N0070V3S1A38R2.avi,1,38,3,2,70
N0010V2S1A48R2.avi,1,48,2,2,10
N0134V3S1A27R2.avi,1,27,3,2,134
N0040V2S1A30R2.avi,1,30,2,2,40
N0216V1S1A51R2.avi,1,51,1,2,216
N0119V1S1A05R2.avi,1,5,1,2,119
N0165V2S1A24R2.avi,1,24,2,2,165
N0180V3S1A40R2.avi,1,40,3,2,180
N0206V1S1A08R2.avi,1,8,1,2,206
N0280V2S1A34R2.avi,1,34,2,2,280
N0054V2S1A14R2.avi,1,14,2,2,54
N0206V1S1A33R2.avi,1,33,1,2,206
N0255V3S1A26R1.avi,1,26,3,1,255
N0084V1S1A14R2.avi,1,14,1,2,84
N0250V2S1A33R2.avi,1,33,2,2,250
N0171V2S1A43R2.avi,1,43,2,2,171
N0263V3S1A38R2.avi,1,38,3,2,263
N0262V2S1A10R2.avi,1,10,2,2,262
N0134V1S1A18R2.avi,1,18,1,2,134
N0334V2S1A50R2.avi,1,50,2,2,334
N0186V1S1A34R2.avi,1,34,1,2,186
N0126V3S1A03R2.avi,1,3,3,2,126
N0102V1S1A40R2.avi,1,40,1,2,102
N0159V3S1A22R2.avi,1,22,3,2,159
N0015V1S1A16R2.avi,1,16,1,2,15
N0030V3S1A02R2.avi,1,2,3,2,30
N0340V2S1A50R2.avi,1,50,2,2,340
N0015V2S1A16R2.avi,1,16,2,2,15
N0244V3S1A16R2.avi,1,16,3,2,244
N0199V1S1A42R2.avi,1,42,1,2,199
N0067V1S1A20R2.avi,1,20,1,2,67
N0012V2S1A06R1.avi,1,6,2,1,12
N0170V2S1A08R2.avi,1,8,2,2,170
N0352V3S1A04R2.avi,1,4,3,2,352
N0093V3S1A23R2.avi,1,23,3,2,93
N0279V3S1A09R2.avi,1,9,3,2,279
N0226V3S1A23R2.avi,1,23,3,2,226
N0005V2S1A12R2.avi,1,12,2,2,5
N0050V1S1A02R2.avi,1,2,1,2,50
N0069V1S1A23R2.avi,1,23,1,2,69
N0289V3S1A38R2.avi,1,38,3,2,289
N0146V1S1A29R2.avi,1,29,1,2,146
N0263V2S1A15R2.avi,1,15,2,2,263
N0004V1S1A24R2.avi,1,24,1,2,4
N0163V1S1A41R2.avi,1,41,1,2,163
N0176V1S1A47R2.avi,1,47,1,2,176
N0076V2S1A02R2.avi,1,2,2,2,76
N0270V2S1A24R2.avi,1,24,2,2,270
N0253V2S1A46R2.avi,1,46,2,2,253
N0081V1S1A42R2.avi,1,42,1,2,81
N0110V2S1A09R2.avi,1,9,2,2,110
N0133V3S1A30R2.avi,1,30,3,2,133
N0286V1S1A31R2.avi,1,31,1,2,286
N0363V1S1A50R2.avi,1,50,1,2,363
N0171V2S1A11R2.avi,1,11,2,2,171
N0151V2S1A34R2.avi,1,34,2,2,151
N0229V3S1A51R2.avi,1,51,3,2,229
N0210V1S1A04R2.avi,1,4,1,2,210
N0130V2S1A48R2.avi,1,48,2,2,130
N0049V3S1A23R2.avi,1,23,3,2,49
N0240V3S1A25R2.avi,1,25,3,2,240
N0285V3S1A26R2.avi,1,26,3,2,285
N0227V2S1A06R2.avi,1,6,2,2,227
N0237V2S1A03R2.avi,1,3,2,2,237
N0232V1S1A50R2.avi,1,50,1,2,232
N0263V1S1A42R2.avi,1,42,1,2,263
N0017V1S1A13R2.avi,1,13,1,2,17
N0142V3S1A46R2.avi,1,46,3,2,142
N0282V2S1A33R2.avi,1,33,2,2,282
N0276V1S1A03R2.avi,1,3,1,2,276
N0170V1S1A48R2.avi,1,48,1,2,170
N0277V1S1A47R2.avi,1,47,1,2,277
N0356V1S1A13R2.avi,1,13,1,2,356
N0184V3S1A18R2.avi,1,18,3,2,184
N0120V1S1A40R2.avi,1,40,1,2,120
N0134V1S1A12R2.avi,1,12,1,2,134
N0200V3S1A23R2.avi,1,23,3,2,200
N0251V1S1A32R2.avi,1,32,1,2,251
N0342V1S1A03R2.avi,1,3,1,2,342
N0108V3S1A30R2.avi,1,30,3,2,108
N0192V3S1A45R2.avi,1,45,3,2,192
N0271V3S1A26R2.avi,1,26,3,2,271
N0188V2S1A30R2.avi,1,30,2,2,188
N0091V3S1A07R2.avi,1,7,3,2,91
N0162V3S1A19R2.avi,1,19,3,2,162
N0141V2S1A19R2.avi,1,19,2,2,141
N0054V1S1A18R2.avi,1,18,1,2,54
N0156V3S1A39R2.avi,1,39,3,2,156
N0280V3S1A09R2.avi,1,9,3,2,280
N0037V3S1A23R2.avi,1,23,3,2,37
N0268V1S1A06R2.avi,1,6,1,2,268
N0232V3S1A04R2.avi,1,4,3,2,232
N0197V1S1A43R2.avi,1,43,1,2,197
N0140V3S1A49R1.avi,1,49,3,1,140
N0023V1S1A15R2.avi,1,15,1,2,23
N0153V3S1A20R2.avi,1,20,3,2,153
N0089V1S1A31R2.avi,1,31,1,2,89
N0109V1S1A08R2.avi,1,8,1,2,109
N0276V2S1A33R2.avi,1,33,2,2,276
N0018V3S1A51R2.avi,1,51,3,2,18
N0108V1S1A37R2.avi,1,37,1,2,108
N0230V1S1A08R2.avi,1,8,1,2,230
N0077V3S1A11R2.avi,1,11,3,2,77
N0352V3S1A36R2.avi,1,36,3,2,352
N0282V1S1A13R2.avi,1,13,1,2,282
N0240V2S1A23R2.avi,1,23,2,2,240
N0046V1S1A47R2.avi,1,47,1,2,46
N0020V3S1A03R2.avi,1,3,3,2,20
N0189V1S1A20R2.avi,1,20,1,2,189
N0090V1S1A35R2.avi,1,35,1,2,90
N0126V3S1A19R2.avi,1,19,3,2,126
N0210V3S1A07R2.avi,1,7,3,2,210
N0023V3S1A31R1.avi,1,31,3,1,23
N0109V3S1A38R2.avi,1,38,3,2,109
N0122V2S1A36R2.avi,1,36,2,2,122
N0283V3S1A41R2.avi,1,41,3,2,283
N0240V1S1A03R2.avi,1,3,1,2,240
N0182V2S1A19R2.avi,1,19,2,2,182
N0264V1S1A48R2.avi,1,48,1,2,264
N0126V3S1A48R2.avi,1,48,3,2,126
N0209V1S1A50R2.avi,1,50,1,2,209
N0200V3S1A42R2.avi,1,42,3,2,200
N0140V3S1A02R2.avi,1,2,3,2,140
N0109V1S1A19R2.avi,1,19,1,2,109
N0287V3S1A51R2.avi,1,51,3,2,287
N0047V3S1A40R2.avi,1,40,3,2,47
N0052V2S1A51R2.avi,1,51,2,2,52
N0095V1S1A27R2.avi,1,27,1,2,95
N0151V3S1A33R2.avi,1,33,3,2,151
N0252V2S1A22R2.avi,1,22,2,2,252
N0109V3S1A22R2.avi,1,22,3,2,109
N0046V1S1A51R2.avi,1,51,1,2,46
N0266V2S1A10R2.avi,1,10,2,2,266
N0086V1S1A33R2.avi,1,33,1,2,86
N0017V3S1A22R2.avi,1,22,3,2,17
N0227V2S1A31R1.avi,1,31,2,1,227
N0099V2S1A09R2.avi,1,9,2,2,99
N0113V2S1A29R2.avi,1,29,2,2,113
N0210V3S1A04R2.avi,1,4,3,2,210
N0108V1S1A05R2.avi,1,5,1,2,108
N0051V3S1A42R2.avi,1,42,3,2,51
N0161V3S1A17R2.avi,1,17,3,2,161
N0060V1S1A08R2.avi,1,8,1,2,60
N0047V2S1A20R2.avi,1,20,2,2,47
N0217V2S1A43R2.avi,1,43,2,2,217
N0221V2S1A32R2.avi,1,32,2,2,221
N0237V1S1A33R2.avi,1,33,1,2,237
N0218V1S1A45R2.avi,1,45,1,2,218
N0289V3S1A30R2.avi,1,30,3,2,289
N0191V1S1A46R2.avi,1,46,1,2,191
N0286V1S1A39R2.avi,1,39,1,2,286
N0357V1S1A29R2.avi,1,29,1,2,357
N0268V1S1A01R2.avi,1,1,1,2,268
N0276V1S1A09R2.avi,1,9,1,2,276
N0287V2S1A19R2.avi,1,19,2,2,287
N0363V3S1A07R2.avi,1,7,3,2,363
N0188V1S1A30R2.avi,1,30,1,2,188
N0233V2S1A43R2.avi,1,43,2,2,233
N0222V2S1A04R2.avi,1,4,2,2,222
N0277V3S1A23R2.avi,1,23,3,2,277
N0161V1S1A31R2.avi,1,31,1,2,161
N0211V2S1A36R2.avi,1,36,2,2,211
N0195V1S1A16R2.avi,1,16,1,2,195
N0029V1S1A11R2.avi,1,11,1,2,29
N0056V1S1A29R2.avi,1,29,1,2,56
N0048V1S1A33R2.avi,1,33,1,2,48
N0108V1S1A01R2.avi,1,1,1,2,108
N0048V2S1A46R2.avi,1,46,2,2,48
N0190V1S1A07R2.avi,1,7,1,2,190
N0349V2S1A18R2.avi,1,18,2,2,349
N0243V3S1A19R2.avi,1,19,3,2,243
N0092V2S1A06R2.avi,1,6,2,2,92
N0237V3S1A09R2.avi,1,9,3,2,237
N0166V3S1A40R2.avi,1,40,3,2,166
N0101V3S1A11R2.avi,1,11,3,2,101
N0260V1S1A18R2.avi,1,18,1,2,260
N0124V3S1A24R2.avi,1,24,3,2,124
N0058V3S1A50R2.avi,1,50,3,2,58
N0148V3S1A32R2.avi,1,32,3,2,148
N0230V3S1A03R2.avi,1,3,3,2,230
N0178V1S1A47R2.avi,1,47,1,2,178
N0050V3S1A37R2.avi,1,37,3,2,50
N0263V2S1A23R2.avi,1,23,2,2,263
N0345V3S1A17R2.avi,1,17,3,2,345
N0156V2S1A33R2.avi,1,33,2,2,156
N0118V3S1A04R2.avi,1,4,3,2,118
N0125V3S1A21R2.avi,1,21,3,2,125
N0350V3S1A22R2.avi,1,22,3,2,350
N0286V3S1A41R2.avi,1,41,3,2,286
N0047V1S1A05R2.avi,1,5,1,2,47
N0137V3S1A11R2.avi,1,11,3,2,137
N0344V3S1A04R2.avi,1,4,3,2,344
N0064V1S1A18R2.avi,1,18,1,2,64
N0172V3S1A06R2.avi,1,6,3,2,172
N0108V2S1A33R2.avi,1,33,2,2,108
N0049V1S1A42R2.avi,1,42,1,2,49
N0020V3S1A38R2.avi,1,38,3,2,20
N0082V1S1A25R2.avi,1,25,1,2,82
N0020V2S1A39R2.avi,1,39,2,2,20
N0073V3S1A32R2.avi,1,32,3,2,73
N0066V3S1A01R2.avi,1,1,3,2,66
N0272V1S1A02R2.avi,1,2,1,2,272
N0223V3S1A40R2.avi,1,40,3,2,223
N0220V3S1A44R2.avi,1,44,3,2,220
N0354V3S1A38R2.avi,1,38,3,2,354
N0203V1S1A42R2.avi,1,42,1,2,203
N0037V3S1A15R2.avi,1,15,3,2,37
N0016V1S1A03R2.avi,1,3,1,2,16
N0285V2S1A24R2.avi,1,24,2,2,285
N0202V3S1A47R2.avi,1,47,3,2,202
N0360V3S1A06R2.avi,1,6,3,2,360
N0238V1S1A11R2.avi,1,11,1,2,238
N0131V3S1A50R2.avi,1,50,3,2,131
N0106V1S1A10R2.avi,1,10,1,2,106
N0051V2S1A44R2.avi,1,44,2,2,51
N0119V1S1A02R2.avi,1,2,1,2,119
N0362V2S1A36R2.avi,1,36,2,2,362
N0153V1S1A42R2.avi,1,42,1,2,153
N0107V1S1A39R2.avi,1,39,1,2,107
N0181V1S1A43R2.avi,1,43,1,2,181
N0107V2S1A50R2.avi,1,50,2,2,107
N0077V1S1A29R2.avi,1,29,1,2,77
N0019V1S1A41R2.avi,1,41,1,2,19
N0017V2S1A40R2.avi,1,40,2,2,17
N0076V3S1A03R2.avi,1,3,3,2,76
N0268V2S1A06R2.avi,1,6,2,2,268
N0112V2S1A34R2.avi,1,34,2,2,112
N0219V3S1A15R2.avi,1,15,3,2,219
N0054V3S1A18R2.avi,1,18,3,2,54
N0092V2S1A50R2.avi,1,50,2,2,92
N0134V2S1A27R2.avi,1,27,2,2,134
N0116V1S1A20R2.avi,1,20,1,2,116
N0343V3S1A08R2.avi,1,8,3,2,343
N0119V3S1A13R2.avi,1,13,3,2,119
N0151V2S1A02R2.avi,1,2,2,2,151
N0127V2S1A31R2.avi,1,31,2,2,127
N0120V2S1A28R2.avi,1,28,2,2,120
N0155V3S1A16R2.avi,1,16,3,2,155
N0152V1S1A37R2.avi,1,37,1,2,152
N0053V3S1A04R2.avi,1,4,3,2,53
N0341V2S1A31R2.avi,1,31,2,2,341
N0098V3S1A48R2.avi,1,48,3,2,98
N0028V2S1A36R2.avi,1,36,2,2,28
N0017V3S1A40R2.avi,1,40,3,2,17
N0280V2S1A49R2.avi,1,49,2,2,280
N0148V2S1A29R2.avi,1,29,2,2,148
N0122V3S1A44R2.avi,1,44,3,2,122
N0281V1S1A44R2.avi,1,44,1,2,281
N0093V3S1A45R2.avi,1,45,3,2,93
N0130V2S1A19R2.avi,1,19,2,2,130
N0173V3S1A20R2.avi,1,20,3,2,173
N0200V2S1A42R2.avi,1,42,2,2,200
N0076V1S1A49R2.avi,1,49,1,2,76
N0117V3S1A31R2.avi,1,31,3,2,117
N0240V3S1A09R2.avi,1,9,3,2,240
N0034V3S1A21R2.avi,1,21,3,2,34
N0280V1S1A34R2.avi,1,34,1,2,280
N0063V3S1A09R2.avi,1,9,3,2,63
N0103V3S1A38R2.avi,1,38,3,2,103
N0098V1S1A32R2.avi,1,32,1,2,98
N0286V1S1A48R2.avi,1,48,1,2,286
N0111V3S1A44R2.avi,1,44,3,2,111
N0216V1S1A47R2.avi,1,47,1,2,216
N0188V2S1A25R2.avi,1,25,2,2,188
N0042V1S1A34R2.avi,1,34,1,2,42
N0128V2S1A41R2.avi,1,41,2,2,128
N0041V2S1A29R2.avi,1,29,2,2,41
N0270V2S1A12R2.avi,1,12,2,2,270
N0342V2S1A41R2.avi,1,41,2,2,342
N0136V1S1A33R2.avi,1,33,1,2,136
N0201V1S1A15R2.avi,1,15,1,2,201
N0032V1S1A06R2.avi,1,6,1,2,32
N0123V3S1A05R2.avi,1,5,3,2,123
N0250V2S1A31R2.avi,1,31,2,2,250
N0107V1S1A40R1.avi,1,40,1,1,107
N0342V1S1A32R2.avi,1,32,1,2,342
N0187V2S1A11R2.avi,1,11,2,2,187
N0336V2S1A13R2.avi,1,13,2,2,336
N0347V2S1A47R2.avi,1,47,2,2,347
N0268V1S1A29R2.avi,1,29,1,2,268
N0229V2S1A39R2.avi,1,39,2,2,229
N0253V3S1A25R2.avi,1,25,3,2,253
N0150V2S1A07R2.avi,1,7,2,2,150
N0263V2S1A46R2.avi,1,46,2,2,263
N0236V1S1A07R2.avi,1,7,1,2,236
N0011V2S1A32R2.avi,1,32,2,2,11
N0163V1S1A04R2.avi,1,4,1,2,163
N0335V2S1A23R2.avi,1,23,2,2,335
N0241V3S1A22R2.avi,1,22,3,2,241
N0188V1S1A25R2.avi,1,25,1,2,188
N0334V2S1A25R2.avi,1,25,2,2,334
N0242V2S1A34R2.avi,1,34,2,2,242
N0057V3S1A09R2.avi,1,9,3,2,57
N0051V3S1A11R2.avi,1,11,3,2,51
N0172V2S1A39R2.avi,1,39,2,2,172
N0185V2S1A18R2.avi,1,18,2,2,185
N0058V1S1A34R2.avi,1,34,1,2,58
N0194V2S1A16R2.avi,1,16,2,2,194
N0079V1S1A42R2.avi,1,42,1,2,79
N0238V3S1A25R2.avi,1,25,3,2,238
N0167V3S1A13R2.avi,1,13,3,2,167
N0196V3S1A34R2.avi,1,34,3,2,196
N0079V3S1A43R2.avi,1,43,3,2,79
N0197V1S1A50R2.avi,1,50,1,2,197
N0193V2S1A07R2.avi,1,7,2,2,193
N0042V3S1A03R2.avi,1,3,3,2,42
N0195V2S1A26R2.avi,1,26,2,2,195
N0091V1S1A44R2.avi,1,44,1,2,91
N0280V1S1A51R2.avi,1,51,1,2,280
N0230V1S1A44R2.avi,1,44,1,2,230
N0275V2S1A17R2.avi,1,17,2,2,275
N0272V2S1A08R2.avi,1,8,2,2,272
N0283V2S1A08R2.avi,1,8,2,2,283
N0123V1S1A43R2.avi,1,43,1,2,123
N0212V1S1A25R2.avi,1,25,1,2,212
N0289V2S1A30R2.avi,1,30,2,2,289
N0198V1S1A15R2.avi,1,15,1,2,198
N0168V2S1A01R2.avi,1,1,2,2,168
N0266V2S1A03R2.avi,1,3,2,2,266
N0139V1S1A51R2.avi,1,51,1,2,139
N0157V2S1A22R2.avi,1,22,2,2,157
N0097V3S1A47R2.avi,1,47,3,2,97
N0063V1S1A42R2.avi,1,42,1,2,63
N0213V1S1A38R2.avi,1,38,1,2,213
N0119V2S1A11R2.avi,1,11,2,2,119
N0288V3S1A03R2.avi,1,3,3,2,288
N0052V2S1A05R2.avi,1,5,2,2,52
N0068V1S1A25R2.avi,1,25,1,2,68
N0346V1S1A42R2.avi,1,42,1,2,346
N0090V3S1A35R2.avi,1,35,3,2,90
N0126V2S1A23R2.avi,1,23,2,2,126
N0240V1S1A23R2.avi,1,23,1,2,240
N0267V3S1A47R2.avi,1,47,3,2,267
N0118V1S1A33R2.avi,1,33,1,2,118
N0007V2S1A32R2.avi,1,32,2,2,7
N0131V3S1A10R2.avi,1,10,3,2,131
N0192V3S1A25R2.avi,1,25,3,2,192
N0163V3S1A04R2.avi,1,4,3,2,163
N0217V3S1A48R2.avi,1,48,3,2,217
N0080V1S1A19R2.avi,1,19,1,2,80
N0200V2S1A04R2.avi,1,4,2,2,200
N0289V3S1A22R2.avi,1,22,3,2,289
N0096V3S1A02R2.avi,1,2,3,2,96
N0351V3S1A23R2.avi,1,23,3,2,351
N0105V1S1A18R2.avi,1,18,1,2,105
N0183V3S1A38R2.avi,1,38,3,2,183
N0147V1S1A05R2.avi,1,5,1,2,147
N0083V1S1A31R2.avi,1,31,1,2,83
N0021V1S1A42R2.avi,1,42,1,2,21
N0170V2S1A28R2.avi,1,28,2,2,170
N0052V3S1A50R2.avi,1,50,3,2,52
N0337V1S1A15R2.avi,1,15,1,2,337
N0131V1S1A11R2.avi,1,11,1,2,131
N0337V2S1A07R2.avi,1,7,2,2,337
N0038V2S1A28R2.avi,1,28,2,2,38
N0015V3S1A26R1.avi,1,26,3,1,15
N0091V2S1A43R2.avi,1,43,2,2,91
N0235V2S1A26R2.avi,1,26,2,2,235
N0280V3S1A36R2.avi,1,36,3,2,280
N0363V3S1A01R2.avi,1,1,3,2,363
N0232V3S1A25R2.avi,1,25,3,2,232
N0206V3S1A04R2.avi,1,4,3,2,206
N0041V1S1A20R2.avi,1,20,1,2,41
N0230V2S1A29R2.avi,1,29,2,2,230
N0029V1S1A23R2.avi,1,23,1,2,29
N0190V3S1A33R2.avi,1,33,3,2,190
N0027V3S1A44R2.avi,1,44,3,2,27
N0005V3S1A18R2.avi,1,18,3,2,5
N0264V1S1A05R2.avi,1,5,1,2,264
N0028V1S1A34R2.avi,1,34,1,2,28
N0354V2S1A03R2.avi,1,3,2,2,354
N0340V1S1A50R2.avi,1,50,1,2,340
N0281V2S1A42R2.avi,1,42,2,2,281
N0072V1S1A51R2.avi,1,51,1,2,72
N0031V3S1A45R2.avi,1,45,3,2,31
N0359V3S1A14R2.avi,1,14,3,2,359
N0361V3S1A49R2.avi,1,49,3,2,361
N0053V1S1A11R2.avi,1,11,1,2,53
N0346V1S1A44R2.avi,1,44,1,2,346
N0075V2S1A26R2.avi,1,26,2,2,75
N0256V1S1A23R2.avi,1,23,1,2,256
N0228V1S1A02R2.avi,1,2,1,2,228
N0049V3S1A10R2.avi,1,10,3,2,49
N0354V2S1A01R2.avi,1,1,2,2,354
N0146V1S1A46R2.avi,1,46,1,2,146
N0280V3S1A22R2.avi,1,22,3,2,280
N0004V3S1A26R2.avi,1,26,3,2,4
N0168V3S1A35R2.avi,1,35,3,2,168
N0047V1S1A09R2.avi,1,9,1,2,47
N0172V2S1A51R2.avi,1,51,2,2,172
N0034V3S1A12R2.avi,1,12,3,2,34
N0127V3S1A51R1.avi,1,51,3,1,127
N0136V2S1A02R2.avi,1,2,2,2,136
N0116V3S1A22R2.avi,1,22,3,2,116
N0148V3S1A06R2.avi,1,6,3,2,148
N0044V1S1A24R2.avi,1,24,1,2,44
N0268V2S1A13R2.avi,1,13,2,2,268
N0212V2S1A45R2.avi,1,45,2,2,212
N0157V3S1A31R2.avi,1,31,3,2,157
N0280V1S1A33R2.avi,1,33,1,2,280
N0356V2S1A42R1.avi,1,42,2,1,356
N0206V2S1A42R2.avi,1,42,2,2,206
N0191V3S1A31R1.avi,1,31,3,1,191
N0096V1S1A51R2.avi,1,51,1,2,96
N0101V1S1A06R2.avi,1,6,1,2,101
N0076V3S1A02R2.avi,1,2,3,2,76
N0048V1S1A17R2.avi,1,17,1,2,48
N0026V2S1A19R2.avi,1,19,2,2,26
N0079V2S1A42R2.avi,1,42,2,2,79
N0206V3S1A35R2.avi,1,35,3,2,206
N0030V3S1A19R2.avi,1,19,3,2,30
N0264V2S1A32R2.avi,1,32,2,2,264
N0105V1S1A21R1.avi,1,21,1,1,105
N0345V1S1A13R2.avi,1,13,1,2,345
N0116V3S1A35R2.avi,1,35,3,2,116
N0007V2S1A38R2.avi,1,38,2,2,7
N0269V3S1A46R2.avi,1,46,3,2,269
N0007V1S1A04R2.avi,1,4,1,2,7
N0067V3S1A50R2.avi,1,50,3,2,67
N0217V3S1A15R2.avi,1,15,3,2,217
N0113V1S1A15R2.avi,1,15,1,2,113
N0148V3S1A03R2.avi,1,3,3,2,148
N0089V2S1A10R2.avi,1,10,2,2,89
N0359V2S1A26R2.avi,1,26,2,2,359
N0079V2S1A29R2.avi,1,29,2,2,79
N0209V1S1A10R2.avi,1,10,1,2,209
N0347V3S1A11R2.avi,1,11,3,2,347
N0190V3S1A50R2.avi,1,50,3,2,190
N0218V1S1A47R2.avi,1,47,1,2,218
N0258V1S1A05R2.avi,1,5,1,2,258
N0037V1S1A44R2.avi,1,44,1,2,37
N0034V2S1A26R2.avi,1,26,2,2,34
N0016V3S1A36R2.avi,1,36,3,2,16
N0111V1S1A44R2.avi,1,44,1,2,111
N0181V3S1A42R2.avi,1,42,3,2,181
N0196V2S1A07R2.avi,1,7,2,2,196
N0263V1S1A08R2.avi,1,8,1,2,263
N0006V1S1A33R2.avi,1,33,1,2,6
N0113V2S1A11R2.avi,1,11,2,2,113
N0060V3S1A37R2.avi,1,37,3,2,60
N0169V2S1A39R2.avi,1,39,2,2,169
N0346V2S1A20R2.avi,1,20,2,2,346
N0073V1S1A44R2.avi,1,44,1,2,73
N0277V1S1A13R2.avi,1,13,1,2,277
N0343V3S1A38R2.avi,1,38,3,2,343
N0141V2S1A11R2.avi,1,11,2,2,141
N0227V3S1A28R2.avi,1,28,3,2,227
N0052V3S1A06R2.avi,1,6,3,2,52
N0190V1S1A45R2.avi,1,45,1,2,190
N0068V3S1A13R2.avi,1,13,3,2,68
N0237V1S1A15R2.avi,1,15,1,2,237
N0206V1S1A10R2.avi,1,10,1,2,206
N0346V3S1A20R2.avi,1,20,3,2,346
N0071V1S1A15R2.avi,1,15,1,2,71
N0240V1S1A31R2.avi,1,31,1,2,240
N0273V1S1A31R2.avi,1,31,1,2,273
N0283V1S1A34R2.avi,1,34,1,2,283
N0254V2S1A27R2.avi,1,27,2,2,254
N0144V3S1A26R2.avi,1,26,3,2,144
N0278V3S1A03R2.avi,1,3,3,2,278
N0352V3S1A44R2.avi,1,44,3,2,352
N0139V2S1A17R2.avi,1,17,2,2,139
N0114V2S1A12R2.avi,1,12,2,2,114
N0029V3S1A29R2.avi,1,29,3,2,29
N0237V3S1A19R2.avi,1,19,3,2,237
N0133V3S1A39R2.avi,1,39,3,2,133
N0177V3S1A13R2.avi,1,13,3,2,177
N0138V1S1A10R2.avi,1,10,1,2,138
N0214V1S1A21R2.avi,1,21,1,2,214
N0181V2S1A05R2.avi,1,5,2,2,181
N0092V1S1A06R2.avi,1,6,1,2,92
N0253V3S1A50R2.avi,1,50,3,2,253
N0227V3S1A31R1.avi,1,31,3,1,227
N0178V2S1A50R2.avi,1,50,2,2,178
N0093V1S1A42R2.avi,1,42,1,2,93
N0236V1S1A08R2.avi,1,8,1,2,236
N0267V1S1A29R2.avi,1,29,1,2,267
N0266V3S1A25R2.avi,1,25,3,2,266
N0177V2S1A11R2.avi,1,11,2,2,177
N0149V3S1A22R2.avi,1,22,3,2,149
N0208V2S1A29R2.avi,1,29,2,2,208
N0220V1S1A22R2.avi,1,22,1,2,220
N0158V3S1A08R2.avi,1,8,3,2,158
N0189V1S1A45R2.avi,1,45,1,2,189
N0335V2S1A38R2.avi,1,38,2,2,335
N0152V1S1A03R2.avi,1,3,1,2,152
N0009V3S1A44R1.avi,1,44,3,1,9
N0250V1S1A28R2.avi,1,28,1,2,250
N0253V1S1A08R2.avi,1,8,1,2,253
N0289V1S1A15R2.avi,1,15,1,2,289
N0010V1S1A01R2.avi,1,1,1,2,10
N0170V1S1A29R2.avi,1,29,1,2,170
N0287V3S1A29R2.avi,1,29,3,2,287
N0236V2S1A50R2.avi,1,50,2,2,236
N0070V3S1A33R2.avi,1,33,3,2,70
N0064V3S1A16R2.avi,1,16,3,2,64
N0168V1S1A37R2.avi,1,37,1,2,168
N0042V1S1A35R2.avi,1,35,1,2,42
N0241V2S1A22R2.avi,1,22,2,2,241
N0153V3S1A45R2.avi,1,45,3,2,153
N0209V1S1A35R2.avi,1,35,1,2,209
N0120V1S1A19R2.avi,1,19,1,2,120
N0208V1S1A33R2.avi,1,33,1,2,208
N0087V3S1A13R1.avi,1,13,3,1,87
N0026V2S1A34R2.avi,1,34,2,2,26
N0119V3S1A17R2.avi,1,17,3,2,119
N0262V2S1A44R2.avi,1,44,2,2,262
N0143V1S1A41R2.avi,1,41,1,2,143
N0022V3S1A07R2.avi,1,7,3,2,22
N0089V1S1A11R2.avi,1,11,1,2,89
N0118V2S1A19R2.avi,1,19,2,2,118
N0106V1S1A30R2.avi,1,30,1,2,106
N0058V1S1A17R2.avi,1,17,1,2,58
N0256V2S1A23R2.avi,1,23,2,2,256
N0009V3S1A45R2.avi,1,45,3,2,9
N0129V2S1A10R2.avi,1,10,2,2,129
N0355V1S1A37R2.avi,1,37,1,2,355
N0139V3S1A31R2.avi,1,31,3,2,139
N0073V3S1A45R2.avi,1,45,3,2,73
N0227V1S1A46R2.avi,1,46,1,2,227
N0129V1S1A46R2.avi,1,46,1,2,129
N0186V2S1A35R2.avi,1,35,2,2,186
N0008V1S1A10R2.avi,1,10,1,2,8
N0151V1S1A01R2.avi,1,1,1,2,151
N0120V3S1A33R2.avi,1,33,3,2,120
N0129V3S1A02R2.avi,1,2,3,2,129
N0003V3S1A38R2.avi,1,38,3,2,3
N0362V1S1A06R2.avi,1,6,1,2,362
N0070V3S1A28R2.avi,1,28,3,2,70
N0113V3S1A06R2.avi,1,6,3,2,113
N0343V3S1A50R2.avi,1,50,3,2,343
N0123V3S1A29R2.avi,1,29,3,2,123
N0031V2S1A31R1.avi,1,31,2,1,31
N0060V1S1A49R2.avi,1,49,1,2,60
N0339V3S1A27R2.avi,1,27,3,2,339
N0352V2S1A22R2.avi,1,22,2,2,352
N0057V2S1A11R2.avi,1,11,2,2,57
N0345V3S1A23R2.avi,1,23,3,2,345
N0283V3S1A11R2.avi,1,11,3,2,283
N0042V3S1A40R2.avi,1,40,3,2,42
N0054V1S1A21R2.avi,1,21,1,2,54
N0232V3S1A33R2.avi,1,33,3,2,232
N0069V3S1A15R2.avi,1,15,3,2,69
N0100V3S1A02R2.avi,1,2,3,2,100
N0351V2S1A37R2.avi,1,37,2,2,351
N0011V2S1A06R2.avi,1,6,2,2,11
N0357V2S1A07R2.avi,1,7,2,2,357
N0222V2S1A36R1.avi,1,36,2,1,222
N0159V1S1A07R2.avi,1,7,1,2,159
N0019V3S1A41R2.avi,1,41,3,2,19
N0335V2S1A36R2.avi,1,36,2,2,335
N0128V2S1A23R2.avi,1,23,2,2,128
N0226V2S1A44R2.avi,1,44,2,2,226
N0192V3S1A50R2.avi,1,50,3,2,192
N0172V3S1A50R2.avi,1,50,3,2,172
N0180V2S1A51R2.avi,1,51,2,2,180
N0009V1S1A44R1.avi,1,44,1,1,9
N0276V3S1A03R2.avi,1,3,3,2,276
N0255V1S1A24R2.avi,1,24,1,2,255
N0010V2S1A46R2.avi,1,46,2,2,10
N0038V3S1A30R2.avi,1,30,3,2,38
N0098V3S1A42R2.avi,1,42,3,2,98
N0067V3S1A41R2.avi,1,41,3,2,67
N0253V1S1A49R2.avi,1,49,1,2,253
N0272V2S1A03R2.avi,1,3,2,2,272
N0032V1S1A01R2.avi,1,1,1,2,32
N0070V1S1A37R2.avi,1,37,1,2,70
N0253V2S1A11R2.avi,1,11,2,2,253
N0257V2S1A07R2.avi,1,7,2,2,257
N0279V3S1A29R2.avi,1,29,3,2,279
N0211V1S1A37R2.avi,1,37,1,2,211
N0287V3S1A43R2.avi,1,43,3,2,287
N0008V3S1A08R2.avi,1,8,3,2,8
N0073V1S1A43R2.avi,1,43,1,2,73
N0251V2S1A32R2.avi,1,32,2,2,251
N0227V3S1A50R2.avi,1,50,3,2,227
N0230V3S1A29R2.avi,1,29,3,2,230
N0097V3S1A35R2.avi,1,35,3,2,97
N0226V2S1A38R2.avi,1,38,2,2,226
N0205V2S1A14R2.avi,1,14,2,2,205
N0010V2S1A35R0.avi,1,35,2,0,10
N0050V1S1A25R2.avi,1,25,1,2,50
N0339V1S1A26R2.avi,1,26,1,2,339
N0060V1S1A34R2.avi,1,34,1,2,60
N0180V2S1A49R2.avi,1,49,2,2,180
N0348V1S1A27R2.avi,1,27,1,2,348
N0107V3S1A31R2.avi,1,31,3,2,107
N0051V3S1A17R2.avi,1,17,3,2,51
N0144V3S1A18R2.avi,1,18,3,2,144
N0219V1S1A22R2.avi,1,22,1,2,219
N0171V2S1A45R2.avi,1,45,2,2,171
N0110V2S1A20R2.avi,1,20,2,2,110
N0024V3S1A21R2.avi,1,21,3,2,24
N0068V1S1A17R2.avi,1,17,1,2,68
N0139V1S1A28R2.avi,1,28,1,2,139
N0078V1S1A49R2.avi,1,49,1,2,78
N0347V3S1A35R2.avi,1,35,3,2,347
N0106V2S1A25R2.avi,1,25,2,2,106
N0031V1S1A44R2.avi,1,44,1,2,31
N0071V1S1A42R2.avi,1,42,1,2,71
N0196V2S1A04R2.avi,1,4,2,2,196
N0167V1S1A29R2.avi,1,29,1,2,167
N0072V1S1A03R2.avi,1,3,1,2,72
N0362V2S1A19R2.avi,1,19,2,2,362
N0142V1S1A25R2.avi,1,25,1,2,142
N0110V2S1A41R2.avi,1,41,2,2,110
N0257V2S1A19R1.avi,1,19,2,1,257
N0262V2S1A41R2.avi,1,41,2,2,262
N0265V3S1A49R2.avi,1,49,3,2,265
N0235V3S1A12R2.avi,1,12,3,2,235
N0192V2S1A28R1.avi,1,28,2,1,192
N0170V3S1A46R2.avi,1,46,3,2,170
N0087V1S1A04R2.avi,1,4,1,2,87
N0023V2S1A23R1.avi,1,23,2,1,23
N0172V2S1A02R2.avi,1,2,2,2,172
N0242V2S1A38R2.avi,1,38,2,2,242
N0082V1S1A01R2.avi,1,1,1,2,82
N0038V2S1A13R2.avi,1,13,2,2,38
N0197V2S1A50R2.avi,1,50,2,2,197
N0115V1S1A21R2.avi,1,21,1,2,115
N0068V2S1A46R2.avi,1,46,2,2,68
N0229V1S1A05R2.avi,1,5,1,2,229
N0238V1S1A34R2.avi,1,34,1,2,238
N0182V1S1A49R2.avi,1,49,1,2,182
N0351V1S1A13R2.avi,1,13,1,2,351
N0269V1S1A38R2.avi,1,38,1,2,269
N0200V3S1A46R2.avi,1,46,3,2,200
N0166V2S1A28R2.avi,1,28,2,2,166
N0219V3S1A11R2.avi,1,11,3,2,219
N0048V3S1A25R2.avi,1,25,3,2,48
N0242V1S1A06R2.avi,1,6,1,2,242
N0244V3S1A24R2.avi,1,24,3,2,244
N0340V3S1A05R2.avi,1,5,3,2,340
N0199V2S1A45R2.avi,1,45,2,2,199
N0021V2S1A43R2.avi,1,43,2,2,21
N0275V2S1A48R2.avi,1,48,2,2,275
N0186V1S1A36R2.avi,1,36,1,2,186
N0086V1S1A49R2.avi,1,49,1,2,86
N0088V1S1A46R2.avi,1,46,1,2,88
N0113V1S1A25R2.avi,1,25,1,2,113
N0256V1S1A33R2.avi,1,33,1,2,256
N0251V2S1A08R2.avi,1,8,2,2,251
N0073V3S1A29R2.avi,1,29,3,2,73
N0193V3S1A05R2.avi,1,5,3,2,193
N0287V2S1A46R2.avi,1,46,2,2,287
N0110V3S1A07R2.avi,1,7,3,2,110
N0062V3S1A40R2.avi,1,40,3,2,62
N0147V2S1A01R2.avi,1,1,2,2,147
N0031V1S1A07R2.avi,1,7,1,2,31
N0214V2S1A16R2.avi,1,16,2,2,214
N0068V2S1A37R2.avi,1,37,2,2,68
N0210V3S1A23R2.avi,1,23,3,2,210
N0017V2S1A32R2.avi,1,32,2,2,17
N0056V2S1A34R2.avi,1,34,2,2,56
N0028V3S1A06R2.avi,1,6,3,2,28
N0287V1S1A22R2.avi,1,22,1,2,287
N0118V1S1A41R2.avi,1,41,1,2,118
N0289V3S1A48R2.avi,1,48,3,2,289
N0344V2S1A19R2.avi,1,19,2,2,344
N0206V1S1A47R2.avi,1,47,1,2,206
N0031V1S1A06R2.avi,1,6,1,2,31
N0191V3S1A42R2.avi,1,42,3,2,191
N0106V2S1A47R2.avi,1,47,2,2,106
N0266V1S1A50R2.avi,1,50,1,2,266
N0199V1S1A29R2.avi,1,29,1,2,199
N0060V3S1A46R2.avi,1,46,3,2,60
N0087V3S1A06R2.avi,1,6,3,2,87
N0101V2S1A42R2.avi,1,42,2,2,101
N0118V3S1A19R2.avi,1,19,3,2,118
N0102V2S1A35R2.avi,1,35,2,2,102
N0063V3S1A10R2.avi,1,10,3,2,63
N0122V1S1A04R2.avi,1,4,1,2,122
N0356V2S1A29R2.avi,1,29,2,2,356
N0168V1S1A46R2.avi,1,46,1,2,168
N0060V3S1A48R2.avi,1,48,3,2,60
N0081V1S1A04R2.avi,1,4,1,2,81
N0043V3S1A44R2.avi,1,44,3,2,43
N0240V3S1A31R2.avi,1,31,3,2,240
N0017V1S1A43R2.avi,1,43,1,2,17
N0268V3S1A20R2.avi,1,20,3,2,268
N0053V1S1A38R2.avi,1,38,1,2,53
N0207V1S1A30R2.avi,1,30,1,2,207
N0233V1S1A36R2.avi,1,36,1,2,233
N0093V2S1A04R2.avi,1,4,2,2,93
N0031V3S1A04R2.avi,1,4,3,2,31
N0115V1S1A18R2.avi,1,18,1,2,115
N0049V3S1A38R2.avi,1,38,3,2,49
N0029V2S1A44R2.avi,1,44,2,2,29
N0265V1S1A36R2.avi,1,36,1,2,265
N0167V2S1A11R2.avi,1,11,2,2,167
N0039V3S1A11R2.avi,1,11,3,2,39
N0126V3S1A08R2.avi,1,8,3,2,126
N0162V2S1A49R2.avi,1,49,2,2,162
N0087V3S1A29R2.avi,1,29,3,2,87
N0361V2S1A10R2.avi,1,10,2,2,361
N0068V1S1A40R2.avi,1,40,1,2,68
N0202V3S1A51R2.avi,1,51,3,2,202
N0086V3S1A37R2.avi,1,37,3,2,86
N0146V3S1A10R2.avi,1,10,3,2,146
N0139V1S1A46R2.avi,1,46,1,2,139
N0088V2S1A30R2.avi,1,30,2,2,88
N0056V1S1A10R2.avi,1,10,1,2,56
N0063V2S1A39R2.avi,1,39,2,2,63
N0289V2S1A15R2.avi,1,15,2,2,289
N0082V1S1A03R2.avi,1,3,1,2,82
N0021V2S1A45R2.avi,1,45,2,2,21
N0070V3S1A19R2.avi,1,19,3,2,70
N0232V1S1A08R2.avi,1,8,1,2,232
N0197V3S1A02R2.avi,1,2,3,2,197
N0281V2S1A39R2.avi,1,39,2,2,281
N0265V1S1A41R2.avi,1,41,1,2,265
N0055V2S1A26R2.avi,1,26,2,2,55
N0235V1S1A26R2.avi,1,26,1,2,235
N0160V2S1A30R2.avi,1,30,2,2,160
N0060V2S1A39R2.avi,1,39,2,2,60
N0353V1S1A38R2.avi,1,38,1,2,353
N0363V2S1A28R2.avi,1,28,2,2,363
N0032V1S1A50R2.avi,1,50,1,2,32
N0002V3S1A01R2.avi,1,1,3,2,2
N0024V2S1A12R2.avi,1,12,2,2,24
N0200V3S1A44R2.avi,1,44,3,2,200
N0081V3S1A09R2.avi,1,9,3,2,81
N0186V2S1A30R2.avi,1,30,2,2,186
N0075V2S1A27R2.avi,1,27,2,2,75
N0342V1S1A42R2.avi,1,42,1,2,342
N0042V1S1A36R2.avi,1,36,1,2,42
N0200V2S1A49R2.avi,1,49,2,2,200
N0163V3S1A11R2.avi,1,11,3,2,163
N0010V3S1A51R2.avi,1,51,3,2,10
N0011V1S1A38R2.avi,1,38,1,2,11
N0353V2S1A07R2.avi,1,7,2,2,353
N0101V1S1A40R2.avi,1,40,1,2,101
N0030V3S1A29R2.avi,1,29,3,2,30
N0343V2S1A10R2.avi,1,10,2,2,343
N0026V3S1A48R2.avi,1,48,3,2,26
N0336V3S1A06R2.avi,1,6,3,2,336
N0090V1S1A49R2.avi,1,49,1,2,90
N0343V2S1A29R2.avi,1,29,2,2,343
N0041V3S1A40R2.avi,1,40,3,2,41
N0277V3S1A43R2.avi,1,43,3,2,277
N0243V1S1A23R0.avi,1,23,1,0,243
N0286V1S1A40R2.avi,1,40,1,2,286
N0029V1S1A22R2.avi,1,22,1,2,29
N0121V3S1A38R2.avi,1,38,3,2,121
N0109V3S1A11R2.avi,1,11,3,2,109
N0288V1S1A23R2.avi,1,23,1,2,288
N0255V2S1A26R1.avi,1,26,2,1,255
N0087V1S1A38R2.avi,1,38,1,2,87
N0141V3S1A42R1.avi,1,42,3,1,141
N0081V2S1A44R2.avi,1,44,2,2,81
N0190V1S1A01R2.avi,1,1,1,2,190
N0214V2S1A27R2.avi,1,27,2,2,214
N0186V1S1A39R2.avi,1,39,1,2,186
N0235V3S1A21R2.avi,1,21,3,2,235
N0344V1S1A51R2.avi,1,51,1,2,344
N0169V3S1A11R2.avi,1,11,3,2,169
N0003V1S1A07R2.avi,1,7,1,2,3
N0026V1S1A23R2.avi,1,23,1,2,26
N0040V1S1A33R2.avi,1,33,1,2,40
N0242V1S1A28R2.avi,1,28,1,2,242
N0109V1S1A22R2.avi,1,22,1,2,109
N0360V2S1A20R2.avi,1,20,2,2,360
N0061V1S1A15R2.avi,1,15,1,2,61
N0111V1S1A29R2.avi,1,29,1,2,111
N0070V3S1A48R2.avi,1,48,3,2,70
N0005V2S1A21R2.avi,1,21,2,2,5
N0056V1S1A39R2.avi,1,39,1,2,56
N0236V2S1A44R2.avi,1,44,2,2,236
N0222V1S1A35R2.avi,1,35,1,2,222
N0055V1S1A24R2.avi,1,24,1,2,55
N0108V3S1A51R1.avi,1,51,3,1,108
N0250V2S1A22R2.avi,1,22,2,2,250
N0047V1S1A38R2.avi,1,38,1,2,47
N0147V1S1A06R2.avi,1,6,1,2,147
N0226V1S1A39R2.avi,1,39,1,2,226
N0363V3S1A29R2.avi,1,29,3,2,363
N0094V3S1A26R2.avi,1,26,3,2,94
N0049V3S1A09R2.avi,1,9,3,2,49
N0355V3S1A29R2.avi,1,29,3,2,355
N0199V3S1A35R1.avi,1,35,3,1,199
N0228V3S1A03R2.avi,1,3,3,2,228
N0010V3S1A01R2.avi,1,1,3,2,10
N0079V2S1A38R2.avi,1,38,2,2,79
N0357V1S1A11R2.avi,1,11,1,2,357
N0140V2S1A03R2.avi,1,3,2,2,140
N0052V1S1A06R2.avi,1,6,1,2,52
N0353V2S1A28R2.avi,1,28,2,2,353
N0257V3S1A19R1.avi,1,19,3,1,257
N0252V3S1A35R2.avi,1,35,3,2,252
N0269V3S1A38R2.avi,1,38,3,2,269
N0242V2S1A32R2.avi,1,32,2,2,242
N0258V1S1A13R2.avi,1,13,1,2,258
N0282V1S1A06R2.avi,1,6,1,2,282
N0211V1S1A50R2.avi,1,50,1,2,211
N0092V1S1A30R2.avi,1,30,1,2,92
N0216V1S1A50R2.avi,1,50,1,2,216
N0213V2S1A06R2.avi,1,6,2,2,213
N0038V2S1A51R2.avi,1,51,2,2,38
N0142V3S1A28R2.avi,1,28,3,2,142
N0090V1S1A46R2.avi,1,46,1,2,90
N0159V2S1A11R2.avi,1,11,2,2,159
N0363V2S1A38R2.avi,1,38,2,2,363
N0086V2S1A08R2.avi,1,8,2,2,86
N0152V3S1A23R2.avi,1,23,3,2,152
N0041V3S1A04R2.avi,1,4,3,2,41
N0258V3S1A38R2.avi,1,38,3,2,258
N0121V3S1A32R2.avi,1,32,3,2,121
N0188V3S1A39R2.avi,1,39,3,2,188
N0264V2S1A38R2.avi,1,38,2,2,264
N0087V3S1A50R2.avi,1,50,3,2,87
N0225V1S1A24R2.avi,1,24,1,2,225
N0082V2S1A13R1.avi,1,13,2,1,82
N0171V1S1A06R2.avi,1,6,1,2,171
N0118V3S1A38R2.avi,1,38,3,2,118
N0083V3S1A31R2.avi,1,31,3,2,83
N0267V2S1A19R2.avi,1,19,2,2,267
N0273V3S1A32R2.avi,1,32,3,2,273
N0275V3S1A30R2.avi,1,30,3,2,275
N0169V1S1A44R2.avi,1,44,1,2,169
N0356V2S1A44R2.avi,1,44,2,2,356
N0286V1S1A34R2.avi,1,34,1,2,286
N0110V3S1A20R2.avi,1,20,3,2,110
N0232V2S1A34R2.avi,1,34,2,2,232
N0157V2S1A01R2.avi,1,1,2,2,157
N0227V2S1A03R2.avi,1,3,2,2,227
N0136V3S1A23R2.avi,1,23,3,2,136
N0362V3S1A43R2.avi,1,43,3,2,362
N0224V2S1A18R1.avi,1,18,2,1,224
N0361V2S1A33R2.avi,1,33,2,2,361
N0111V1S1A13R2.avi,1,13,1,2,111
N0344V3S1A09R2.avi,1,9,3,2,344
N0220V2S1A45R2.avi,1,45,2,2,220
N0029V3S1A41R2.avi,1,41,3,2,29
N0165V2S1A21R2.avi,1,21,2,2,165
N0079V1S1A10R2.avi,1,10,1,2,79
N0071V1S1A17R2.avi,1,17,1,2,71
N0148V2S1A35R2.avi,1,35,2,2,148
N0275V2S1A30R2.avi,1,30,2,2,275
N0099V3S1A08R2.avi,1,8,3,2,99
N0179V2S1A20R2.avi,1,20,2,2,179
N0040V2S1A34R2.avi,1,34,2,2,40
N0258V2S1A32R2.avi,1,32,2,2,258
N0252V1S1A02R2.avi,1,2,1,2,252
N0250V1S1A11R2.avi,1,11,1,2,250
N0287V3S1A23R2.avi,1,23,3,2,287
N0132V3S1A34R2.avi,1,34,3,2,132
N0071V3S1A50R2.avi,1,50,3,2,71
N0016V2S1A39R2.avi,1,39,2,2,16
N0287V3S1A19R2.avi,1,19,3,2,287
N0270V3S1A24R2.avi,1,24,3,2,270
N0009V3S1A31R2.avi,1,31,3,2,9
N0136V1S1A40R2.avi,1,40,1,2,136
N0069V3S1A39R2.avi,1,39,3,2,69
N0277V3S1A44R2.avi,1,44,3,2,277
N0241V3S1A32R2.avi,1,32,3,2,241
N0041V2S1A31R2.avi,1,31,2,2,41
N0226V3S1A51R2.avi,1,51,3,2,226
N0252V3S1A51R2.avi,1,51,3,2,252
N0129V2S1A05R2.avi,1,5,2,2,129
N0281V1S1A13R2.avi,1,13,1,2,281
N0198V3S1A07R2.avi,1,7,3,2,198
N0120V3S1A03R2.avi,1,3,3,2,120
N0063V2S1A08R2.avi,1,8,2,2,63
N0128V1S1A01R2.avi,1,1,1,2,128
N0167V1S1A11R2.avi,1,11,1,2,167
N0355V1S1A15R2.avi,1,15,1,2,355
N0129V2S1A50R2.avi,1,50,2,2,129
N0178V1S1A50R2.avi,1,50,1,2,178
N0010V2S1A51R2.avi,1,51,2,2,10
N0096V1S1A22R2.avi,1,22,1,2,96
N0196V1S1A51R2.avi,1,51,1,2,196
N0085V3S1A18R2.avi,1,18,3,2,85
N0356V3S1A33R2.avi,1,33,3,2,356
N0233V3S1A33R2.avi,1,33,3,2,233
N0076V2S1A34R2.avi,1,34,2,2,76
N0281V2S1A44R2.avi,1,44,2,2,281
N0361V2S1A23R2.avi,1,23,2,2,361
N0223V3S1A15R2.avi,1,15,3,2,223
N0188V1S1A47R2.avi,1,47,1,2,188
N0107V3S1A13R2.avi,1,13,3,2,107
N0277V1S1A25R2.avi,1,25,1,2,277
N0176V3S1A29R2.avi,1,29,3,2,176
N0129V2S1A11R2.avi,1,11,2,2,129
N0188V3S1A46R2.avi,1,46,3,2,188
N0239V2S1A15R2.avi,1,15,2,2,239
N0169V3S1A09R2.avi,1,9,3,2,169
N0021V1S1A11R2.avi,1,11,1,2,21
N0002V1S1A49R2.avi,1,49,1,2,2
N0152V3S1A25R2.avi,1,25,3,2,152
N0229V3S1A22R2.avi,1,22,3,2,229
N0023V3S1A39R2.avi,1,39,3,2,23
N0361V3S1A17R2.avi,1,17,3,2,361
N0137V1S1A43R2.avi,1,43,1,2,137
N0112V3S1A51R2.avi,1,51,3,2,112
N0232V2S1A05R2.avi,1,5,2,2,232
N0167V3S1A32R2.avi,1,32,3,2,167
N0275V1S1A25R2.avi,1,25,1,2,275
N0096V1S1A40R2.avi,1,40,1,2,96
N0062V2S1A05R2.avi,1,5,2,2,62
N0069V2S1A29R2.avi,1,29,2,2,69
N0114V3S1A24R2.avi,1,24,3,2,114
N0027V2S1A20R2.avi,1,20,2,2,27
N0178V1S1A08R2.avi,1,8,1,2,178
N0187V3S1A32R2.avi,1,32,3,2,187
N0023V3S1A41R2.avi,1,41,3,2,23
N0127V3S1A43R2.avi,1,43,3,2,127
N0044V3S1A18R2.avi,1,18,3,2,44
N0080V1S1A25R2.avi,1,25,1,2,80
N0012V1S1A37R2.avi,1,37,1,2,12
N0060V2S1A37R2.avi,1,37,2,2,60
N0178V1S1A36R2.avi,1,36,1,2,178
N0250V1S1A40R2.avi,1,40,1,2,250
N0240V2S1A51R2.avi,1,51,2,2,240
N0216V3S1A22R2.avi,1,22,3,2,216
N0010V2S1A38R2.avi,1,38,2,2,10
N0256V2S1A17R2.avi,1,17,2,2,256
N0171V1S1A15R2.avi,1,15,1,2,171
N0258V3S1A23R2.avi,1,23,3,2,258
N0242V2S1A35R2.avi,1,35,2,2,242
N0118V1S1A39R2.avi,1,39,1,2,118
N0116V1S1A34R2.avi,1,34,1,2,116
N0344V3S1A29R2.avi,1,29,3,2,344
N0362V1S1A40R2.avi,1,40,1,2,362
N0335V1S1A10R2.avi,1,10,1,2,335
N0121V2S1A13R2.avi,1,13,2,2,121
N0256V1S1A36R2.avi,1,36,1,2,256
N0151V2S1A28R0.avi,1,28,2,0,151
N0238V3S1A44R2.avi,1,44,3,2,238
N0146V1S1A20R2.avi,1,20,1,2,146
N0351V1S1A44R2.avi,1,44,1,2,351
N0172V1S1A28R2.avi,1,28,1,2,172
N0233V1S1A43R2.avi,1,43,1,2,233
N0133V2S1A13R2.avi,1,13,2,2,133
N0127V3S1A23R2.avi,1,23,3,2,127
N0188V3S1A10R2.avi,1,10,3,2,188
N0188V2S1A34R2.avi,1,34,2,2,188
N0184V3S1A16R2.avi,1,16,3,2,184
N0123V1S1A32R2.avi,1,32,1,2,123
N0175V3S1A12R2.avi,1,12,3,2,175
N0334V3S1A03R2.avi,1,3,3,2,334
N0191V2S1A28R1.avi,1,28,2,1,191
N0288V1S1A43R2.avi,1,43,1,2,288
N0219V2S1A23R2.avi,1,23,2,2,219
N0228V3S1A29R2.avi,1,29,3,2,228
N0362V3S1A20R2.avi,1,20,3,2,362
N0082V2S1A35R2.avi,1,35,2,2,82
N0229V2S1A30R2.avi,1,30,2,2,229
N0036V3S1A34R2.avi,1,34,3,2,36
N0158V2S1A06R2.avi,1,6,2,2,158
N0012V3S1A28R0.avi,1,28,3,0,12
N0018V3S1A30R2.avi,1,30,3,2,18
N0213V2S1A15R2.avi,1,15,2,2,213
N0002V3S1A25R2.avi,1,25,3,2,2
N0035V2S1A27R2.avi,1,27,2,2,35
N0068V2S1A03R2.avi,1,3,2,2,68
N0156V1S1A28R2.avi,1,28,1,2,156
N0121V1S1A05R2.avi,1,5,1,2,121
N0282V1S1A05R2.avi,1,5,1,2,282
N0122V2S1A02R2.avi,1,2,2,2,122
N0113V2S1A05R2.avi,1,5,2,2,113
N0097V3S1A39R2.avi,1,39,3,2,97
N0156V3S1A38R2.avi,1,38,3,2,156
N0338V3S1A21R2.avi,1,21,3,2,338
N0363V2S1A30R2.avi,1,30,2,2,363
N0010V1S1A18R0.avi,1,18,1,0,10
N0102V1S1A05R2.avi,1,5,1,2,102
N0220V1S1A01R2.avi,1,1,1,2,220
N0227V2S1A34R2.avi,1,34,2,2,227
N0115V2S1A26R2.avi,1,26,2,2,115
N0087V2S1A06R2.avi,1,6,2,2,87
N0199V1S1A44R2.avi,1,44,1,2,199
N0132V2S1A33R2.avi,1,33,2,2,132
N0356V2S1A33R2.avi,1,33,2,2,356
N0342V2S1A13R2.avi,1,13,2,2,342
N0273V1S1A08R2.avi,1,8,1,2,273
N0280V3S1A37R2.avi,1,37,3,2,280
N0076V2S1A33R2.avi,1,33,2,2,76
N0017V1S1A04R2.avi,1,4,1,2,17
N0344V1S1A02R2.avi,1,2,1,2,344
N0238V1S1A03R2.avi,1,3,1,2,238
N0362V2S1A06R2.avi,1,6,2,2,362
N0262V2S1A38R2.avi,1,38,2,2,262
N0286V3S1A11R2.avi,1,11,3,2,286
N0232V3S1A22R2.avi,1,22,3,2,232
N0128V3S1A35R2.avi,1,35,3,2,128
N0139V3S1A46R2.avi,1,46,3,2,139
N0192V3S1A03R2.avi,1,3,3,2,192
N0196V3S1A41R2.avi,1,41,3,2,196
N0096V3S1A25R2.avi,1,25,3,2,96
N0338V2S1A24R2.avi,1,24,2,2,338
N0044V3S1A12R2.avi,1,12,3,2,44
N0123V3S1A37R2.avi,1,37,3,2,123
N0211V1S1A06R2.avi,1,6,1,2,211
N0039V3S1A08R2.avi,1,8,3,2,39
N0032V2S1A28R0.avi,1,28,2,0,32
N0336V2S1A38R2.avi,1,38,2,2,336
N0253V1S1A07R2.avi,1,7,1,2,253
N0195V2S1A12R2.avi,1,12,2,2,195
N0234V3S1A16R2.avi,1,16,3,2,234
N0069V1S1A38R2.avi,1,38,1,2,69
N0221V2S1A09R2.avi,1,9,2,2,221
N0272V1S1A09R2.avi,1,9,1,2,272
N0076V1S1A19R2.avi,1,19,1,2,76
N0148V2S1A47R2.avi,1,47,2,2,148
N0088V1S1A50R2.avi,1,50,1,2,88
N0167V2S1A32R2.avi,1,32,2,2,167
N0233V2S1A32R2.avi,1,32,2,2,233
N0098V3S1A03R2.avi,1,3,3,2,98
N0217V1S1A50R2.avi,1,50,1,2,217
N0081V1S1A11R1.avi,1,11,1,1,81
N0170V1S1A08R2.avi,1,8,1,2,170
N0203V1S1A10R2.avi,1,10,1,2,203
N0028V1S1A47R2.avi,1,47,1,2,28
N0342V3S1A22R2.avi,1,22,3,2,342
N0069V2S1A39R2.avi,1,39,2,2,69
N0110V3S1A09R2.avi,1,9,3,2,110
N0264V1S1A04R2.avi,1,4,1,2,264
N0149V1S1A40R2.avi,1,40,1,2,149
N0022V2S1A03R2.avi,1,3,2,2,22
N0183V3S1A05R2.avi,1,5,3,2,183
N0258V3S1A37R2.avi,1,37,3,2,258
N0067V2S1A05R2.avi,1,5,2,2,67
N0070V3S1A36R2.avi,1,36,3,2,70
N0192V1S1A38R2.avi,1,38,1,2,192
N0349V2S1A12R2.avi,1,12,2,2,349
N0337V2S1A11R2.avi,1,11,2,2,337
N0038V3S1A40R2.avi,1,40,3,2,38
N0012V3S1A17R2.avi,1,17,3,2,12
N0235V2S1A16R2.avi,1,16,2,2,235
N0286V3S1A40R2.avi,1,40,3,2,286
N0146V1S1A30R2.avi,1,30,1,2,146
N0173V1S1A43R2.avi,1,43,1,2,173
N0262V1S1A04R2.avi,1,4,1,2,262
N0171V3S1A06R2.avi,1,6,3,2,171
N0287V3S1A07R2.avi,1,7,3,2,287
N0361V1S1A33R2.avi,1,33,1,2,361
N0186V3S1A34R2.avi,1,34,3,2,186
N0082V1S1A07R2.avi,1,7,1,2,82
N0236V2S1A37R2.avi,1,37,2,2,236
N0062V3S1A01R2.avi,1,1,3,2,62
N0289V2S1A41R2.avi,1,41,2,2,289
N0011V3S1A20R2.avi,1,20,3,2,11
N0265V1S1A33R2.avi,1,33,1,2,265
N0042V1S1A40R2.avi,1,40,1,2,42
N0268V1S1A04R2.avi,1,4,1,2,268
N0238V3S1A43R2.avi,1,43,3,2,238
N0009V1S1A07R2.avi,1,7,1,2,9
N0162V2S1A37R2.avi,1,37,2,2,162
N0213V1S1A32R2.avi,1,32,1,2,213
N0336V1S1A32R2.avi,1,32,1,2,336
N0067V1S1A09R2.avi,1,9,1,2,67
N0345V3S1A31R2.avi,1,31,3,2,345
N0178V2S1A33R2.avi,1,33,2,2,178
N0100V1S1A25R2.avi,1,25,1,2,100
N0048V3S1A47R2.avi,1,47,3,2,48
N0185V1S1A26R2.avi,1,26,1,2,185
N0251V3S1A29R2.avi,1,29,3,2,251
N0361V3S1A32R2.avi,1,32,3,2,361
N0042V2S1A13R2.avi,1,13,2,2,42
N0206V2S1A33R2.avi,1,33,2,2,206
N0228V3S1A08R2.avi,1,8,3,2,228
N0103V2S1A15R2.avi,1,15,2,2,103
N0126V3S1A07R2.avi,1,7,3,2,126
N0073V3S1A43R2.avi,1,43,3,2,73
N0184V2S1A27R2.avi,1,27,2,2,184
N0081V3S1A50R2.avi,1,50,3,2,81
N0176V2S1A29R2.avi,1,29,2,2,176
N0181V2S1A43R2.avi,1,43,2,2,181
N0030V1S1A38R2.avi,1,38,1,2,30
N0147V1S1A04R2.avi,1,4,1,2,147
N0072V3S1A13R2.avi,1,13,3,2,72
N0250V1S1A29R2.avi,1,29,1,2,250
N0146V2S1A35R2.avi,1,35,2,2,146
N0018V1S1A51R2.avi,1,51,1,2,18
N0196V2S1A08R2.avi,1,8,2,2,196
N0169V3S1A39R2.avi,1,39,3,2,169
N0162V3S1A35R2.avi,1,35,3,2,162
N0272V3S1A38R2.avi,1,38,3,2,272
N0122V2S1A22R2.avi,1,22,2,2,122
N0265V3S1A34R2.avi,1,34,3,2,265
N0268V2S1A03R2.avi,1,3,2,2,268
N0111V2S1A39R2.avi,1,39,2,2,111
N0076V3S1A10R2.avi,1,10,3,2,76
N0352V2S1A05R2.avi,1,5,2,2,352
N0056V3S1A29R2.avi,1,29,3,2,56
N0080V1S1A35R2.avi,1,35,1,2,80
N0066V3S1A38R2.avi,1,38,3,2,66
N0131V2S1A31R2.avi,1,31,2,2,131
N0183V3S1A13R2.avi,1,13,3,2,183
N0158V1S1A33R2.avi,1,33,1,2,158
N0243V2S1A50R2.avi,1,50,2,2,243
N0266V3S1A37R2.avi,1,37,3,2,266
N0148V1S1A10R2.avi,1,10,1,2,148
N0069V2S1A22R2.avi,1,22,2,2,69
N0280V3S1A33R2.avi,1,33,3,2,280
N0279V2S1A29R2.avi,1,29,2,2,279
N0035V3S1A27R2.avi,1,27,3,2,35
N0256V1S1A49R2.avi,1,49,1,2,256
N0041V1S1A05R2.avi,1,5,1,2,41
N0223V1S1A39R2.avi,1,39,1,2,223
N0049V1S1A29R2.avi,1,29,1,2,49
N0216V1S1A41R2.avi,1,41,1,2,216
N0021V1S1A04R2.avi,1,4,1,2,21
N0334V1S1A02R2.avi,1,2,1,2,334
N0087V3S1A40R1.avi,1,40,3,1,87
N0134V3S1A21R2.avi,1,21,3,2,134
N0139V1S1A30R2.avi,1,30,1,2,139
N0130V3S1A01R2.avi,1,1,3,2,130
N0038V3S1A28R2.avi,1,28,3,2,38
N0048V2S1A25R2.avi,1,25,2,2,48
N0276V1S1A40R2.avi,1,40,1,2,276
N0002V2S1A51R2.avi,1,51,2,2,2
N0129V2S1A20R2.avi,1,20,2,2,129
N0105V2S1A26R2.avi,1,26,2,2,105
N0052V1S1A49R2.avi,1,49,1,2,52
N0018V3S1A05R2.avi,1,5,3,2,18
N0288V1S1A22R2.avi,1,22,1,2,288
N0201V1S1A51R2.avi,1,51,1,2,201
N0172V2S1A25R2.avi,1,25,2,2,172
N0016V2S1A36R2.avi,1,36,2,2,16
N0289V1S1A29R2.avi,1,29,1,2,289
N0008V2S1A36R2.avi,1,36,2,2,8
N0283V2S1A25R2.avi,1,25,2,2,283
N0347V3S1A09R2.avi,1,9,3,2,347
N0127V3S1A08R2.avi,1,8,3,2,127
N0042V1S1A30R1.avi,1,30,1,1,42
N0288V1S1A28R2.avi,1,28,1,2,288
N0334V1S1A20R2.avi,1,20,1,2,334
N0065V2S1A18R2.avi,1,18,2,2,65
N0272V3S1A02R2.avi,1,2,3,2,272
N0113V2S1A13R2.avi,1,13,2,2,113
N0286V1S1A33R2.avi,1,33,1,2,286
N0166V3S1A29R2.avi,1,29,3,2,166
N0097V2S1A49R2.avi,1,49,2,2,97
N0008V1S1A25R2.avi,1,25,1,2,8
N0257V1S1A17R2.avi,1,17,1,2,257
N0003V2S1A01R2.avi,1,1,2,2,3
N0009V2S1A11R2.avi,1,11,2,2,9
N0057V1S1A32R2.avi,1,32,1,2,57
N0019V2S1A31R2.avi,1,31,2,2,19
N0186V1S1A03R2.avi,1,3,1,2,186
N0340V2S1A20R2.avi,1,20,2,2,340
N0030V3S1A38R2.avi,1,38,3,2,30
N0126V2S1A02R2.avi,1,2,2,2,126
N0072V2S1A30R2.avi,1,30,2,2,72
N0089V3S1A15R2.avi,1,15,3,2,89
N0026V3S1A02R2.avi,1,2,3,2,26
N0086V1S1A02R2.avi,1,2,1,2,86
N0026V1S1A39R2.avi,1,39,1,2,26
N0228V3S1A44R2.avi,1,44,3,2,228
N0070V2S1A29R2.avi,1,29,2,2,70
N0363V2S1A35R2.avi,1,35,2,2,363
N0237V3S1A10R2.avi,1,10,3,2,237
N0025V1S1A14R2.avi,1,14,1,2,25
N0022V1S1A40R2.avi,1,40,1,2,22
N0239V3S1A02R2.avi,1,2,3,2,239
N0240V3S1A48R2.avi,1,48,3,2,240
N0242V1S1A35R2.avi,1,35,1,2,242
N0242V3S1A06R2.avi,1,6,3,2,242
N0211V1S1A15R2.avi,1,15,1,2,211
N0007V2S1A42R2.avi,1,42,2,2,7
N0106V2S1A29R2.avi,1,29,2,2,106
N0001V3S1A23R2.avi,1,23,3,2,1
N0067V1S1A07R2.avi,1,7,1,2,67
N0090V3S1A37R2.avi,1,37,3,2,90
N0130V1S1A04R2.avi,1,4,1,2,130
N0110V2S1A11R2.avi,1,11,2,2,110
N0044V2S1A26R2.avi,1,26,2,2,44
N0101V3S1A17R2.avi,1,17,3,2,101
N0281V1S1A39R2.avi,1,39,1,2,281
N0343V3S1A51R2.avi,1,51,3,2,343
N0289V2S1A34R2.avi,1,34,2,2,289
N0223V3S1A29R2.avi,1,29,3,2,223
N0132V1S1A19R2.avi,1,19,1,2,132
N0111V2S1A51R2.avi,1,51,2,2,111
N0280V3S1A50R2.avi,1,50,3,2,280
N0074V1S1A16R2.avi,1,16,1,2,74
N0116V1S1A02R2.avi,1,2,1,2,116
N0109V3S1A19R2.avi,1,19,3,2,109
N0153V1S1A17R2.avi,1,17,1,2,153
N0162V1S1A08R2.avi,1,8,1,2,162
N0036V3S1A47R2.avi,1,47,3,2,36
N0252V3S1A29R2.avi,1,29,3,2,252
N0236V1S1A44R2.avi,1,44,1,2,236
N0098V2S1A19R2.avi,1,19,2,2,98
N0012V1S1A17R2.avi,1,17,1,2,12
N0160V1S1A10R2.avi,1,10,1,2,160
N0111V3S1A51R2.avi,1,51,3,2,111
N0220V1S1A23R2.avi,1,23,1,2,220
N0010V3S1A36R1.avi,1,36,3,1,10
N0082V2S1A46R2.avi,1,46,2,2,82
N0057V3S1A17R2.avi,1,17,3,2,57
N0049V2S1A44R2.avi,1,44,2,2,49
N0010V3S1A37R2.avi,1,37,3,2,10
N0188V2S1A35R2.avi,1,35,2,2,188
N0288V2S1A13R2.avi,1,13,2,2,288
N0239V3S1A05R2.avi,1,5,3,2,239
N0133V1S1A51R2.avi,1,51,1,2,133
N0161V1S1A06R2.avi,1,6,1,2,161
N0169V2S1A04R2.avi,1,4,2,2,169
N0025V3S1A12R2.avi,1,12,3,2,25
N0163V1S1A13R2.avi,1,13,1,2,163
N0335V2S1A45R2.avi,1,45,2,2,335
N0119V2S1A06R2.avi,1,6,2,2,119
N0287V2S1A22R2.avi,1,22,2,2,287
N0266V1S1A40R2.avi,1,40,1,2,266
N0082V1S1A40R0.avi,1,40,1,0,82
N0194V1S1A18R2.avi,1,18,1,2,194
N0088V2S1A05R2.avi,1,5,2,2,88
N0139V1S1A15R2.avi,1,15,1,2,139
N0076V2S1A30R2.avi,1,30,2,2,76
N0078V2S1A03R2.avi,1,3,2,2,78
N0203V3S1A34R2.avi,1,34,3,2,203
N0143V2S1A05R2.avi,1,5,2,2,143
N0211V1S1A43R2.avi,1,43,1,2,211
N0156V2S1A30R2.avi,1,30,2,2,156
N0132V3S1A28R2.avi,1,28,3,2,132
N0107V2S1A05R2.avi,1,5,2,2,107
N0356V3S1A20R2.avi,1,20,3,2,356
N0004V1S1A14R2.avi,1,14,1,2,4
N0266V1S1A22R2.avi,1,22,1,2,266
N0117V2S1A17R2.avi,1,17,2,2,117
N0061V3S1A15R2.avi,1,15,3,2,61
N0344V2S1A25R2.avi,1,25,2,2,344
N0088V3S1A25R1.avi,1,25,3,1,88
N0223V1S1A41R2.avi,1,41,1,2,223
N0243V2S1A36R2.avi,1,36,2,2,243
N0143V1S1A06R2.avi,1,6,1,2,143
N0158V3S1A19R2.avi,1,19,3,2,158
N0036V3S1A02R2.avi,1,2,3,2,36
N0275V2S1A51R2.avi,1,51,2,2,275
N0121V2S1A06R2.avi,1,6,2,2,121
N0277V2S1A43R2.avi,1,43,2,2,277
N0127V2S1A36R2.avi,1,36,2,2,127
N0020V1S1A46R2.avi,1,46,1,2,20
N0022V1S1A50R2.avi,1,50,1,2,22
N0001V2S1A15R2.avi,1,15,2,2,1
N0230V1S1A23R2.avi,1,23,1,2,230
N0226V3S1A25R2.avi,1,25,3,2,226
N0116V1S1A01R2.avi,1,1,1,2,116
N0082V2S1A05R2.avi,1,5,2,2,82
N0259V3S1A37R2.avi,1,37,3,2,259
N0066V1S1A49R2.avi,1,49,1,2,66
N0345V1S1A15R2.avi,1,15,1,2,345
N0200V1S1A04R2.avi,1,4,1,2,200
N0151V2S1A38R2.avi,1,38,2,2,151
N0128V2S1A33R2.avi,1,33,2,2,128
N0288V2S1A29R2.avi,1,29,2,2,288
N0266V1S1A41R2.avi,1,41,1,2,266
N0214V2S1A24R2.avi,1,24,2,2,214
N0128V1S1A40R2.avi,1,40,1,2,128
N0042V3S1A33R2.avi,1,33,3,2,42
N0123V3S1A07R2.avi,1,7,3,2,123
N0008V2S1A23R2.avi,1,23,2,2,8
N0030V2S1A38R2.avi,1,38,2,2,30
N0060V3S1A23R2.avi,1,23,3,2,60
N0202V1S1A25R2.avi,1,25,1,2,202
N0130V1S1A31R2.avi,1,31,1,2,130
N0208V2S1A04R2.avi,1,4,2,2,208
N0131V3S1A30R2.avi,1,30,3,2,131
N0185V3S1A21R2.avi,1,21,3,2,185
N0043V2S1A45R2.avi,1,45,2,2,43
N0148V3S1A01R2.avi,1,1,3,2,148
N0179V1S1A13R2.avi,1,13,1,2,179
N0102V3S1A25R2.avi,1,25,3,2,102
N0340V1S1A51R2.avi,1,51,1,2,340
N0192V1S1A25R2.avi,1,25,1,2,192
N0098V1S1A05R2.avi,1,5,1,2,98
N0050V2S1A46R2.avi,1,46,2,2,50
N0351V2S1A17R2.avi,1,17,2,2,351
N0183V1S1A04R2.avi,1,4,1,2,183
N0013V1S1A42R1.avi,1,42,1,1,13
N0337V1S1A51R2.avi,1,51,1,2,337
N0060V2S1A01R2.avi,1,1,2,2,60
N0343V1S1A09R2.avi,1,9,1,2,343
N0068V2S1A51R2.avi,1,51,2,2,68
N0015V2S1A26R1.avi,1,26,2,1,15
N0250V1S1A04R2.avi,1,4,1,2,250
N0251V2S1A17R2.avi,1,17,2,2,251
N0008V1S1A19R2.avi,1,19,1,2,8
N0212V2S1A46R2.avi,1,46,2,2,212
N0149V3S1A13R2.avi,1,13,3,2,149
N0176V2S1A40R2.avi,1,40,2,2,176
N0070V2S1A10R2.avi,1,10,2,2,70
N0176V3S1A36R2.avi,1,36,3,2,176
N0341V3S1A37R2.avi,1,37,3,2,341
N0356V2S1A34R2.avi,1,34,2,2,356
N0267V3S1A13R2.avi,1,13,3,2,267
N0250V3S1A50R2.avi,1,50,3,2,250
N0256V1S1A37R2.avi,1,37,1,2,256
N0146V3S1A49R2.avi,1,49,3,2,146
N0258V2S1A38R2.avi,1,38,2,2,258
N0058V2S1A46R2.avi,1,46,2,2,58
N0144V3S1A14R2.avi,1,14,3,2,144
N0189V1S1A29R2.avi,1,29,1,2,189
N0047V2S1A07R2.avi,1,7,2,2,47
N0242V1S1A32R2.avi,1,32,1,2,242
N0279V2S1A19R2.avi,1,19,2,2,279
N0078V1S1A03R2.avi,1,3,1,2,78
N0013V1S1A23R2.avi,1,23,1,2,13
N0166V3S1A47R2.avi,1,47,3,2,166
N0101V1S1A22R2.avi,1,22,1,2,101
N0159V2S1A41R2.avi,1,41,2,2,159
N0043V1S1A19R2.avi,1,19,1,2,43
N0014V3S1A12R2.avi,1,12,3,2,14
N0363V2S1A02R2.avi,1,2,2,2,363
N0103V1S1A04R2.avi,1,4,1,2,103
N0122V2S1A04R2.avi,1,4,2,2,122
N0360V3S1A22R2.avi,1,22,3,2,360
N0030V1S1A01R2.avi,1,1,1,2,30
N0170V2S1A46R2.avi,1,46,2,2,170
N0103V3S1A42R1.avi,1,42,3,1,103
N0191V1S1A19R2.avi,1,19,1,2,191
N0353V3S1A31R2.avi,1,31,3,2,353
N0132V1S1A11R2.avi,1,11,1,2,132
N0169V2S1A07R2.avi,1,7,2,2,169
N0343V2S1A30R2.avi,1,30,2,2,343
N0353V1S1A39R2.avi,1,39,1,2,353
N0019V3S1A29R2.avi,1,29,3,2,19
N0082V3S1A46R2.avi,1,46,3,2,82
N0219V1S1A15R2.avi,1,15,1,2,219
N0001V3S1A08R2.avi,1,8,3,2,1
N0196V3S1A29R2.avi,1,29,3,2,196
N0212V3S1A28R1.avi,1,28,3,1,212
N0172V2S1A03R2.avi,1,3,2,2,172
N0036V2S1A25R2.avi,1,25,2,2,36
N0191V2S1A36R2.avi,1,36,2,2,191
N0263V3S1A46R2.avi,1,46,3,2,263
N0339V3S1A14R2.avi,1,14,3,2,339
N0085V3S1A27R2.avi,1,27,3,2,85
N0273V3S1A44R2.avi,1,44,3,2,273
N0252V3S1A47R2.avi,1,47,3,2,252
N0230V3S1A04R2.avi,1,4,3,2,230
N0190V3S1A07R2.avi,1,7,3,2,190
N0140V3S1A08R2.avi,1,8,3,2,140
N0198V3S1A09R2.avi,1,9,3,2,198
N0283V2S1A11R2.avi,1,11,2,2,283
N0252V2S1A04R2.avi,1,4,2,2,252
N0188V2S1A49R2.avi,1,49,2,2,188
N0268V2S1A32R2.avi,1,32,2,2,268
N0181V2S1A32R2.avi,1,32,2,2,181
N0077V2S1A44R2.avi,1,44,2,2,77
N0139V2S1A36R2.avi,1,36,2,2,139
N0057V2S1A50R2.avi,1,50,2,2,57
N0280V2S1A28R2.avi,1,28,2,2,280
N0015V1S1A18R2.avi,1,18,1,2,15
N0138V3S1A03R2.avi,1,3,3,2,138
N0092V1S1A07R2.avi,1,7,1,2,92
N0141V2S1A44R2.avi,1,44,2,2,141
N0110V1S1A48R2.avi,1,48,1,2,110
N0241V3S1A43R2.avi,1,43,3,2,241
N0274V3S1A02R2.avi,1,2,3,2,274
N0037V2S1A13R2.avi,1,13,2,2,37
N0062V2S1A47R2.avi,1,47,2,2,62
N0251V3S1A46R2.avi,1,46,3,2,251
N0131V3S1A47R2.avi,1,47,3,2,131
N0123V2S1A07R2.avi,1,7,2,2,123
N0245V2S1A16R2.avi,1,16,2,2,245
N0235V2S1A21R2.avi,1,21,2,2,235
N0101V3S1A04R2.avi,1,4,3,2,101
N0132V1S1A41R2.avi,1,41,1,2,132
N0142V1S1A51R2.avi,1,51,1,2,142
N0171V1S1A20R2.avi,1,20,1,2,171
N0102V3S1A02R2.avi,1,2,3,2,102
N0201V3S1A05R2.avi,1,5,3,2,201
N0218V2S1A43R2.avi,1,43,2,2,218
N0046V1S1A34R2.avi,1,34,1,2,46
N0252V3S1A34R2.avi,1,34,3,2,252
N0267V3S1A46R2.avi,1,46,3,2,267
N0263V2S1A32R2.avi,1,32,2,2,263
N0092V2S1A51R2.avi,1,51,2,2,92
N0040V1S1A36R2.avi,1,36,1,2,40
N0016V2S1A19R2.avi,1,19,2,2,16
N0102V2S1A28R2.avi,1,28,2,2,102
N0239V1S1A40R2.avi,1,40,1,2,239
N0163V3S1A05R2.avi,1,5,3,2,163
N0187V2S1A41R2.avi,1,41,2,2,187
N0339V2S1A21R2.avi,1,21,2,2,339
N0067V2S1A17R2.avi,1,17,2,2,67
N0255V3S1A18R2.avi,1,18,3,2,255
N0017V1S1A09R2.avi,1,9,1,2,17
N0256V2S1A01R2.avi,1,1,2,2,256
N0016V1S1A48R2.avi,1,48,1,2,16
N0001V1S1A44R2.avi,1,44,1,2,1
N0212V1S1A13R2.avi,1,13,1,2,212
N0272V1S1A38R2.avi,1,38,1,2,272
N0355V1S1A28R2.avi,1,28,1,2,355
N0271V2S1A12R2.avi,1,12,2,2,271
N0218V2S1A29R2.avi,1,29,2,2,218
N0037V1S1A32R2.avi,1,32,1,2,37
N0148V2S1A32R2.avi,1,32,2,2,148
N0020V2S1A25R2.avi,1,25,2,2,20
N0049V2S1A15R2.avi,1,15,2,2,49
N0150V3S1A15R2.avi,1,15,3,2,150
N0263V3S1A13R2.avi,1,13,3,2,263
N0185V3S1A12R2.avi,1,12,3,2,185
N0154V1S1A21R2.avi,1,21,1,2,154
N0029V2S1A39R2.avi,1,39,2,2,29
N0279V2S1A08R2.avi,1,8,2,2,279
N0287V2S1A07R2.avi,1,7,2,2,287
N0279V3S1A44R1.avi,1,44,3,1,279
N0289V3S1A19R2.avi,1,19,3,2,289
N0171V2S1A15R2.avi,1,15,2,2,171
N0229V1S1A32R2.avi,1,32,1,2,229
N0116V2S1A29R2.avi,1,29,2,2,116
N0152V1S1A23R2.avi,1,23,1,2,152
N0219V1S1A51R2.avi,1,51,1,2,219
N0096V3S1A04R2.avi,1,4,3,2,96
N0211V3S1A48R2.avi,1,48,3,2,211
N0052V2S1A25R2.avi,1,25,2,2,52
N0172V1S1A10R2.avi,1,10,1,2,172
N0356V3S1A13R2.avi,1,13,3,2,356
N0266V3S1A22R2.avi,1,22,3,2,266
N0266V1S1A31R2.avi,1,31,1,2,266
N0071V1S1A40R2.avi,1,40,1,2,71
N0072V1S1A17R2.avi,1,17,1,2,72
N0043V3S1A11R2.avi,1,11,3,2,43
N0337V3S1A25R2.avi,1,25,3,2,337
N0149V2S1A15R2.avi,1,15,2,2,149
N0359V3S1A24R2.avi,1,24,3,2,359
N0334V1S1A29R2.avi,1,29,1,2,334
N0098V2S1A36R2.avi,1,36,2,2,98
N0288V1S1A17R2.avi,1,17,1,2,288
N0251V1S1A17R2.avi,1,17,1,2,251
N0146V2S1A37R2.avi,1,37,2,2,146
N0223V1S1A29R2.avi,1,29,1,2,223
N0052V1S1A51R2.avi,1,51,1,2,52
N0252V3S1A17R2.avi,1,17,3,2,252
N0123V3S1A02R2.avi,1,2,3,2,123
N0336V3S1A43R2.avi,1,43,3,2,336
N0209V1S1A32R2.avi,1,32,1,2,209
N0062V3S1A06R2.avi,1,6,3,2,62
N0158V1S1A23R2.avi,1,23,1,2,158
N0253V2S1A44R2.avi,1,44,2,2,253
N0342V1S1A22R2.avi,1,22,1,2,342
N0152V1S1A30R2.avi,1,30,1,2,152
N0179V1S1A07R2.avi,1,7,1,2,179
N0011V1S1A32R2.avi,1,32,1,2,11
N0169V1S1A41R2.avi,1,41,1,2,169
N0190V3S1A22R2.avi,1,22,3,2,190
N0098V1S1A03R2.avi,1,3,1,2,98
N0057V1S1A45R2.avi,1,45,1,2,57
N0051V1S1A39R2.avi,1,39,1,2,51
N0022V2S1A36R1.avi,1,36,2,1,22
N0129V3S1A50R2.avi,1,50,3,2,129
N0084V2S1A27R2.avi,1,27,2,2,84
N0091V2S1A11R2.avi,1,11,2,2,91
N0062V1S1A05R2.avi,1,5,1,2,62
N0138V1S1A48R2.avi,1,48,1,2,138
N0337V2S1A09R2.avi,1,9,2,2,337
N0191V2S1A42R2.avi,1,42,2,2,191
N0362V1S1A36R2.avi,1,36,1,2,362
N0082V2S1A03R2.avi,1,3,2,2,82
N0341V2S1A34R2.avi,1,34,2,2,341
N0027V3S1A31R2.avi,1,31,3,2,27
N0060V1S1A37R2.avi,1,37,1,2,60
N0024V2S1A27R2.avi,1,27,2,2,24
N0231V2S1A15R2.avi,1,15,2,2,231
N0118V1S1A40R2.avi,1,40,1,2,118
N0265V3S1A08R2.avi,1,8,3,2,265
N0162V1S1A36R2.avi,1,36,1,2,162
N0172V1S1A46R2.avi,1,46,1,2,172
N0037V2S1A45R2.avi,1,45,2,2,37
N0157V3S1A05R2.avi,1,5,3,2,157
N0087V2S1A31R2.avi,1,31,2,2,87
N0281V3S1A45R2.avi,1,45,3,2,281
N0030V2S1A48R2.avi,1,48,2,2,30
N0213V1S1A09R2.avi,1,9,1,2,213
N0120V3S1A34R2.avi,1,34,3,2,120
N0202V2S1A23R2.avi,1,23,2,2,202
N0266V2S1A51R2.avi,1,51,2,2,266
N0256V2S1A51R2.avi,1,51,2,2,256
N0139V3S1A36R2.avi,1,36,3,2,139
N0033V3S1A31R2.avi,1,31,3,2,33
N0218V1S1A43R2.avi,1,43,1,2,218
N0207V2S1A17R2.avi,1,17,2,2,207
N0063V1S1A09R2.avi,1,9,1,2,63
N0264V3S1A29R2.avi,1,29,3,2,264
N0342V3S1A49R2.avi,1,49,3,2,342
N0043V1S1A43R2.avi,1,43,1,2,43
N0257V2S1A42R2.avi,1,42,2,2,257
N0162V1S1A37R2.avi,1,37,1,2,162
N0017V2S1A42R1.avi,1,42,2,1,17
N0334V1S1A43R2.avi,1,43,1,2,334
N0237V1S1A35R2.avi,1,35,1,2,237
N0075V3S1A21R1.avi,1,21,3,1,75
N0030V1S1A23R2.avi,1,23,1,2,30
N0006V3S1A37R2.avi,1,37,3,2,6
N0233V1S1A10R2.avi,1,10,1,2,233
N0113V3S1A37R2.avi,1,37,3,2,113
N0140V2S1A40R2.avi,1,40,2,2,140
N0050V3S1A49R2.avi,1,49,3,2,50
N0355V2S1A49R2.avi,1,49,2,2,355
N0125V3S1A18R2.avi,1,18,3,2,125
N0135V1S1A16R2.avi,1,16,1,2,135
N0133V2S1A44R2.avi,1,44,2,2,133
N0345V2S1A48R2.avi,1,48,2,2,345
N0001V2S1A22R2.avi,1,22,2,2,1
N0268V2S1A38R2.avi,1,38,2,2,268
N0006V1S1A05R2.avi,1,5,1,2,6
N0182V1S1A10R2.avi,1,10,1,2,182
N0069V2S1A08R2.avi,1,8,2,2,69
N0276V3S1A48R2.avi,1,48,3,2,276
N0240V1S1A11R2.avi,1,11,1,2,240
N0159V2S1A45R2.avi,1,45,2,2,159
N0190V1S1A33R2.avi,1,33,1,2,190
N0263V3S1A19R2.avi,1,19,3,2,263
N0183V1S1A13R2.avi,1,13,1,2,183
N0204V1S1A24R2.avi,1,24,1,2,204
N0016V3S1A47R2.avi,1,47,3,2,16
N0074V1S1A14R2.avi,1,14,1,2,74
N0348V3S1A18R2.avi,1,18,3,2,348
N0241V3S1A06R2.avi,1,6,3,2,241
N0158V2S1A49R2.avi,1,49,2,2,158
N0151V3S1A34R2.avi,1,34,3,2,151
N0141V1S1A42R1.avi,1,42,1,1,141
N0354V1S1A08R2.avi,1,8,1,2,354
N0228V1S1A29R2.avi,1,29,1,2,228
N0343V3S1A02R2.avi,1,2,3,2,343
N0163V2S1A05R2.avi,1,5,2,2,163
N0027V2S1A38R2.avi,1,38,2,2,27
N0032V3S1A05R1.avi,1,5,3,1,32
N0108V2S1A07R2.avi,1,7,2,2,108
N0046V3S1A35R2.avi,1,35,3,2,46
N0241V1S1A19R1.avi,1,19,1,1,241
N0225V1S1A18R2.avi,1,18,1,2,225
N0263V2S1A05R2.avi,1,5,2,2,263
N0220V1S1A07R2.avi,1,7,1,2,220
N0236V3S1A44R2.avi,1,44,3,2,236
N0266V2S1A40R2.avi,1,40,2,2,266
N0111V3S1A29R2.avi,1,29,3,2,111
N0230V1S1A38R2.avi,1,38,1,2,230
N0215V1S1A24R2.avi,1,24,1,2,215
N0345V2S1A31R2.avi,1,31,2,2,345
N0282V3S1A05R2.avi,1,5,3,2,282
N0211V1S1A42R1.avi,1,42,1,1,211
N0237V1S1A02R2.avi,1,2,1,2,237
N0225V3S1A21R1.avi,1,21,3,1,225
N0343V1S1A23R2.avi,1,23,1,2,343
N0263V3S1A43R2.avi,1,43,3,2,263
N0003V2S1A36R2.avi,1,36,2,2,3
N0170V1S1A10R2.avi,1,10,1,2,170
N0060V3S1A34R2.avi,1,34,3,2,60
N0237V1S1A34R2.avi,1,34,1,2,237
N0221V3S1A43R2.avi,1,43,3,2,221
N0117V2S1A43R2.avi,1,43,2,2,117
N0213V1S1A51R2.avi,1,51,1,2,213
N0051V1S1A11R2.avi,1,11,1,2,51
N0068V3S1A06R2.avi,1,6,3,2,68
N0187V2S1A06R2.avi,1,6,2,2,187
N0080V2S1A47R2.avi,1,47,2,2,80
N0142V3S1A33R2.avi,1,33,3,2,142
N0052V2S1A50R2.avi,1,50,2,2,52
N0343V2S1A07R2.avi,1,7,2,2,343
N0117V3S1A06R2.avi,1,6,3,2,117
N0023V3S1A32R0.avi,1,32,3,0,23
N0177V1S1A06R2.avi,1,6,1,2,177
N0227V1S1A43R2.avi,1,43,1,2,227
N0262V3S1A29R2.avi,1,29,3,2,262
N0205V3S1A16R2.avi,1,16,3,2,205
N0240V2S1A34R2.avi,1,34,2,2,240
N0197V1S1A33R2.avi,1,33,1,2,197
N0264V3S1A13R2.avi,1,13,3,2,264
N0091V1S1A07R2.avi,1,7,1,2,91
N0120V3S1A10R2.avi,1,10,3,2,120
N0203V3S1A32R2.avi,1,32,3,2,203
N0201V3S1A32R2.avi,1,32,3,2,201
N0263V1S1A30R2.avi,1,30,1,2,263
N0009V2S1A44R1.avi,1,44,2,1,9
N0048V1S1A34R2.avi,1,34,1,2,48
N0351V1S1A35R2.avi,1,35,1,2,351
N0339V3S1A26R2.avi,1,26,3,2,339
N0040V2S1A10R2.avi,1,10,2,2,40
N0148V2S1A28R1.avi,1,28,2,1,148
N0056V1S1A49R2.avi,1,49,1,2,56
N0032V2S1A47R2.avi,1,47,2,2,32
N0018V3S1A46R2.avi,1,46,3,2,18
N0037V1S1A23R2.avi,1,23,1,2,37
N0156V3S1A25R2.avi,1,25,3,2,156
N0046V2S1A47R2.avi,1,47,2,2,46
N0335V1S1A47R2.avi,1,47,1,2,335
N0152V2S1A03R2.avi,1,3,2,2,152
N0045V1S1A26R2.avi,1,26,1,2,45
N0285V3S1A27R2.avi,1,27,3,2,285
N0008V2S1A29R2.avi,1,29,2,2,8
N0139V1S1A08R2.avi,1,8,1,2,139
N0357V3S1A17R2.avi,1,17,3,2,357
N0177V3S1A17R2.avi,1,17,3,2,177
N0200V1S1A13R2.avi,1,13,1,2,200
N0141V2S1A42R1.avi,1,42,2,1,141
N0208V1S1A29R2.avi,1,29,1,2,208
N0269V2S1A41R2.avi,1,41,2,2,269
N0167V2S1A15R2.avi,1,15,2,2,167
N0180V3S1A48R2.avi,1,48,3,2,180
N0177V3S1A07R2.avi,1,7,3,2,177
N0026V3S1A46R2.avi,1,46,3,2,26
N0351V1S1A34R2.avi,1,34,1,2,351
N0017V3S1A17R2.avi,1,17,3,2,17
N0336V2S1A49R2.avi,1,49,2,2,336
N0128V1S1A02R2.avi,1,2,1,2,128
N0268V1S1A31R1.avi,1,31,1,1,268
N0221V3S1A35R2.avi,1,35,3,2,221
N0089V1S1A42R2.avi,1,42,1,2,89
N0275V3S1A29R2.avi,1,29,3,2,275
N0047V1S1A07R2.avi,1,7,1,2,47
N0208V3S1A22R2.avi,1,22,3,2,208
N0217V1S1A32R2.avi,1,32,1,2,217
N0252V1S1A37R2.avi,1,37,1,2,252
N0190V1S1A17R2.avi,1,17,1,2,190
N0167V3S1A31R2.avi,1,31,3,2,167
N0188V3S1A50R2.avi,1,50,3,2,188
N0187V2S1A23R2.avi,1,23,2,2,187
N0353V2S1A38R2.avi,1,38,2,2,353
N0220V1S1A38R2.avi,1,38,1,2,220
N0189V3S1A40R2.avi,1,40,3,2,189
N0060V1S1A25R2.avi,1,25,1,2,60
N0243V1S1A46R2.avi,1,46,1,2,243
N0203V2S1A33R2.avi,1,33,2,2,203
N0144V1S1A21R2.avi,1,21,1,2,144
N0242V3S1A40R2.avi,1,40,3,2,242
N0276V1S1A51R1.avi,1,51,1,1,276
N0228V1S1A25R2.avi,1,25,1,2,228
N0088V1S1A51R2.avi,1,51,1,2,88
N0230V2S1A34R2.avi,1,34,2,2,230
N0218V3S1A48R2.avi,1,48,3,2,218
N0016V1S1A49R2.avi,1,49,1,2,16
N0037V2S1A32R2.avi,1,32,2,2,37
N0257V1S1A43R2.avi,1,43,1,2,257
N0060V2S1A03R2.avi,1,3,2,2,60
N0272V2S1A29R2.avi,1,29,2,2,272
N0196V2S1A41R2.avi,1,41,2,2,196
N0185V3S1A18R2.avi,1,18,3,2,185
N0097V2S1A34R2.avi,1,34,2,2,97
N0275V3S1A02R2.avi,1,2,3,2,275
N0234V1S1A26R2.avi,1,26,1,2,234
N0351V1S1A33R2.avi,1,33,1,2,351
N0036V1S1A38R2.avi,1,38,1,2,36
N0274V2S1A45R2.avi,1,45,2,2,274
N0341V2S1A29R2.avi,1,29,2,2,341
N0142V1S1A46R2.avi,1,46,1,2,142
N0166V1S1A51R2.avi,1,51,1,2,166
N0178V3S1A23R2.avi,1,23,3,2,178
N0190V2S1A08R2.avi,1,8,2,2,190
N0018V2S1A02R2.avi,1,2,2,2,18
N0052V1S1A35R2.avi,1,35,1,2,52
N0221V1S1A46R2.avi,1,46,1,2,221
N0013V3S1A29R2.avi,1,29,3,2,13
N0275V2S1A37R2.avi,1,37,2,2,275
N0152V2S1A35R2.avi,1,35,2,2,152
N0114V2S1A18R2.avi,1,18,2,2,114
N0264V3S1A02R2.avi,1,2,3,2,264
N0176V3S1A23R2.avi,1,23,3,2,176
N0273V3S1A30R2.avi,1,30,3,2,273
N0139V3S1A08R2.avi,1,8,3,2,139
N0131V3S1A09R2.avi,1,9,3,2,131
N0103V2S1A41R2.avi,1,41,2,2,103
N0191V2S1A32R2.avi,1,32,2,2,191
N0023V3S1A29R2.avi,1,29,3,2,23
N0040V1S1A19R2.avi,1,19,1,2,40
N0067V2S1A13R2.avi,1,13,2,2,67
N0112V2S1A45R2.avi,1,45,2,2,112
N0164V2S1A18R2.avi,1,18,2,2,164
N0087V3S1A44R2.avi,1,44,3,2,87
N0062V3S1A35R2.avi,1,35,3,2,62
N0122V3S1A40R2.avi,1,40,3,2,122
N0240V1S1A28R2.avi,1,28,1,2,240
N0003V3S1A39R2.avi,1,39,3,2,3
N0282V3S1A35R2.avi,1,35,3,2,282
N0216V3S1A40R2.avi,1,40,3,2,216
N0063V2S1A42R2.avi,1,42,2,2,63
N0001V2S1A38R2.avi,1,38,2,2,1
N0276V2S1A25R2.avi,1,25,2,2,276
N0221V2S1A05R2.avi,1,5,2,2,221
N0261V2S1A16R2.avi,1,16,2,2,261
N0208V3S1A41R2.avi,1,41,3,2,208
N0208V2S1A47R2.avi,1,47,2,2,208
N0057V1S1A15R2.avi,1,15,1,2,57
N0229V2S1A38R2.avi,1,38,2,2,229
N0217V2S1A46R2.avi,1,46,2,2,217
N0020V2S1A03R2.avi,1,3,2,2,20
N0160V1S1A30R2.avi,1,30,1,2,160
N0274V3S1A03R2.avi,1,3,3,2,274
N0337V3S1A30R2.avi,1,30,3,2,337
N0234V2S1A14R2.avi,1,14,2,2,234
N0159V3S1A09R2.avi,1,9,3,2,159
N0015V2S1A14R2.avi,1,14,2,2,15
N0020V2S1A47R2.avi,1,47,2,2,20
N0343V1S1A28R2.avi,1,28,1,2,343
N0258V3S1A17R2.avi,1,17,3,2,258
N0152V2S1A47R2.avi,1,47,2,2,152
N0347V1S1A28R2.avi,1,28,1,2,347
N0076V3S1A33R2.avi,1,33,3,2,76
N0287V1S1A43R2.avi,1,43,1,2,287
N0080V3S1A38R2.avi,1,38,3,2,80
N0210V2S1A41R2.avi,1,41,2,2,210
N0264V3S1A33R2.avi,1,33,3,2,264
N0196V3S1A45R2.avi,1,45,3,2,196
N0283V2S1A36R2.avi,1,36,2,2,283
N0140V1S1A46R2.avi,1,46,1,2,140
N0281V2S1A17R2.avi,1,17,2,2,281
N0347V3S1A23R2.avi,1,23,3,2,347
N0149V3S1A40R2.avi,1,40,3,2,149
N0158V3S1A03R2.avi,1,3,3,2,158
N0034V2S1A24R2.avi,1,24,2,2,34
N0159V1S1A42R1.avi,1,42,1,1,159
N0355V2S1A13R2.avi,1,13,2,2,355
N0225V2S1A21R1.avi,1,21,2,1,225
N0343V1S1A51R2.avi,1,51,1,2,343
N0352V3S1A06R2.avi,1,6,3,2,352
N0268V3S1A28R2.avi,1,28,3,2,268
N0048V3S1A33R2.avi,1,33,3,2,48
N0147V2S1A42R2.avi,1,42,2,2,147
N0025V2S1A16R2.avi,1,16,2,2,25
N0107V2S1A22R2.avi,1,22,2,2,107
N0001V1S1A09R2.avi,1,9,1,2,1
N0206V1S1A13R2.avi,1,13,1,2,206
N0262V3S1A03R2.avi,1,3,3,2,262
N0262V2S1A49R2.avi,1,49,2,2,262
N0019V1S1A45R0.avi,1,45,1,0,19
N0241V1S1A51R2.avi,1,51,1,2,241
N0340V3S1A51R2.avi,1,51,3,2,340
N0070V3S1A29R2.avi,1,29,3,2,70
N0340V1S1A04R2.avi,1,4,1,2,340
N0212V1S1A47R1.avi,1,47,1,1,212
N0176V3S1A49R2.avi,1,49,3,2,176
N0087V1S1A13R1.avi,1,13,1,1,87
N0099V1S1A25R2.avi,1,25,1,2,99
N0186V3S1A33R2.avi,1,33,3,2,186
N0243V2S1A15R2.avi,1,15,2,2,243
N0110V1S1A22R2.avi,1,22,1,2,110
N0050V1S1A01R2.avi,1,1,1,2,50
N0273V3S1A20R2.avi,1,20,3,2,273
N0241V3S1A42R1.avi,1,42,3,1,241
N0060V1S1A38R2.avi,1,38,1,2,60
N0344V1S1A04R2.avi,1,4,1,2,344
N0168V2S1A28R2.avi,1,28,2,2,168
N0090V1S1A29R2.avi,1,29,1,2,90
N0273V2S1A20R2.avi,1,20,2,2,273
N0124V1S1A21R2.avi,1,21,1,2,124
N0159V3S1A42R1.avi,1,42,3,1,159
N0153V1S1A04R2.avi,1,4,1,2,153
N0049V2S1A43R2.avi,1,43,2,2,49
N0077V3S1A04R2.avi,1,4,3,2,77
N0235V3S1A16R2.avi,1,16,3,2,235
N0266V3S1A03R2.avi,1,3,3,2,266
N0219V3S1A22R2.avi,1,22,3,2,219
N0012V2S1A33R2.avi,1,33,2,2,12
N0211V1S1A46R2.avi,1,46,1,2,211
N0271V1S1A21R2.avi,1,21,1,2,271
N0169V2S1A38R2.avi,1,38,2,2,169
N0170V1S1A49R2.avi,1,49,1,2,170
N0106V3S1A34R2.avi,1,34,3,2,106
N0031V2S1A11R0.avi,1,11,2,0,31
N0187V3S1A13R2.avi,1,13,3,2,187
N0008V1S1A36R2.avi,1,36,1,2,8
N0095V2S1A21R2.avi,1,21,2,2,95
N0163V2S1A41R2.avi,1,41,2,2,163
N0236V3S1A37R2.avi,1,37,3,2,236
N0178V3S1A47R2.avi,1,47,3,2,178
N0231V1S1A11R2.avi,1,11,1,2,231
N0272V3S1A47R2.avi,1,47,3,2,272
N0217V3S1A06R2.avi,1,6,3,2,217
N0056V2S1A49R2.avi,1,49,2,2,56
N0286V1S1A29R2.avi,1,29,1,2,286
N0209V2S1A35R2.avi,1,35,2,2,209
N0279V2S1A51R2.avi,1,51,2,2,279
N0061V3S1A20R2.avi,1,20,3,2,61
N0050V2S1A38R2.avi,1,38,2,2,50
N0182V2S1A08R2.avi,1,8,2,2,182
N0140V1S1A37R2.avi,1,37,1,2,140
N0219V1S1A11R2.avi,1,11,1,2,219
N0111V1S1A05R2.avi,1,5,1,2,111
N0262V2S1A11R2.avi,1,11,2,2,262
N0198V2S1A29R2.avi,1,29,2,2,198
N0237V3S1A48R2.avi,1,48,3,2,237
N0018V1S1A37R2.avi,1,37,1,2,18
N0060V1S1A01R2.avi,1,1,1,2,60
N0163V3S1A44R2.avi,1,44,3,2,163
N0177V2S1A05R2.avi,1,5,2,2,177
N0219V3S1A51R2.avi,1,51,3,2,219
N0179V1S1A42R2.avi,1,42,1,2,179
N0146V3S1A28R0.avi,1,28,3,0,146
N0343V2S1A51R2.avi,1,51,2,2,343
N0283V2S1A10R2.avi,1,10,2,2,283
N0245V1S1A12R2.avi,1,12,1,2,245
N0207V2S1A32R2.avi,1,32,2,2,207
N0066V1S1A02R2.avi,1,2,1,2,66
N0079V1S1A44R2.avi,1,44,1,2,79
N0161V2S1A07R2.avi,1,7,2,2,161
N0334V2S1A09R2.avi,1,9,2,2,334
N0183V2S1A40R2.avi,1,40,2,2,183
N0142V2S1A37R2.avi,1,37,2,2,142
N0232V3S1A29R2.avi,1,29,3,2,232
N0259V3S1A30R2.avi,1,30,3,2,259
N0346V2S1A19R2.avi,1,19,2,2,346
N0159V3S1A17R2.avi,1,17,3,2,159
N0120V1S1A48R2.avi,1,48,1,2,120
N0026V1S1A01R2.avi,1,1,1,2,26
N0252V2S1A47R2.avi,1,47,2,2,252
N0158V3S1A34R2.avi,1,34,3,2,158
N0185V3S1A26R2.avi,1,26,3,2,185
N0205V3S1A24R2.avi,1,24,3,2,205
N0272V1S1A35R2.avi,1,35,1,2,272
N0259V1S1A39R2.avi,1,39,1,2,259
N0191V3S1A35R2.avi,1,35,3,2,191
N0253V2S1A48R2.avi,1,48,2,2,253
N0143V1S1A31R2.avi,1,31,1,2,143
N0169V3S1A07R2.avi,1,7,3,2,169
N0201V3S1A41R2.avi,1,41,3,2,201
N0136V2S1A49R2.avi,1,49,2,2,136
N0140V2S1A34R2.avi,1,34,2,2,140
N0343V1S1A34R2.avi,1,34,1,2,343
N0020V3S1A10R2.avi,1,10,3,2,20
N0177V3S1A15R2.avi,1,15,3,2,177
N0337V2S1A01R2.avi,1,1,2,2,337
N0009V3S1A07R2.avi,1,7,3,2,9
N0172V2S1A06R2.avi,1,6,2,2,172
N0168V2S1A46R2.avi,1,46,2,2,168
N0002V3S1A50R1.avi,1,50,3,1,2
N0092V3S1A47R2.avi,1,47,3,2,92
N0006V1S1A01R2.avi,1,1,1,2,6
N0094V2S1A16R2.avi,1,16,2,2,94
N0112V2S1A19R2.avi,1,19,2,2,112
N0161V3S1A42R2.avi,1,42,3,2,161
N0274V1S1A03R2.avi,1,3,1,2,274
N0112V3S1A40R2.avi,1,40,3,2,112
N0362V3S1A42R2.avi,1,42,3,2,362
N0187V2S1A15R2.avi,1,15,2,2,187
N0281V3S1A34R2.avi,1,34,3,2,281
N0132V3S1A07R2.avi,1,7,3,2,132
N0334V2S1A03R2.avi,1,3,2,2,334
N0032V3S1A47R2.avi,1,47,3,2,32
N0103V1S1A45R2.avi,1,45,1,2,103
N0259V2S1A33R2.avi,1,33,2,2,259
N0253V3S1A19R2.avi,1,19,3,2,253
N0112V3S1A23R2.avi,1,23,3,2,112
N0240V3S1A34R2.avi,1,34,3,2,240
N0088V3S1A40R2.avi,1,40,3,2,88
N0086V2S1A03R2.avi,1,3,2,2,86
N0124V3S1A18R2.avi,1,18,3,2,124
N0241V2S1A39R2.avi,1,39,2,2,241
N0203V1S1A03R2.avi,1,3,1,2,203
N0264V2S1A29R2.avi,1,29,2,2,264
N0008V2S1A25R2.avi,1,25,2,2,8
N0243V1S1A34R2.avi,1,34,1,2,243
N0137V1S1A37R2.avi,1,37,1,2,137
N0025V2S1A24R2.avi,1,24,2,2,25
N0071V3S1A31R2.avi,1,31,3,2,71
N0166V1S1A38R2.avi,1,38,1,2,166
N0030V3S1A36R2.avi,1,36,3,2,30
N0108V3S1A48R2.avi,1,48,3,2,108
N0363V2S1A29R2.avi,1,29,2,2,363
N0197V3S1A33R2.avi,1,33,3,2,197
N0257V2S1A22R2.avi,1,22,2,2,257
N0060V2S1A34R2.avi,1,34,2,2,60
N0348V1S1A26R2.avi,1,26,1,2,348
N0349V3S1A14R2.avi,1,14,3,2,349
N0020V2S1A48R2.avi,1,48,2,2,20
N0240V2S1A02R2.avi,1,2,2,2,240
N0049V3S1A31R2.avi,1,31,3,2,49
N0001V2S1A45R1.avi,1,45,2,1,1
N0020V3S1A36R1.avi,1,36,3,1,20
N0115V3S1A16R2.avi,1,16,3,2,115
N0340V3S1A41R2.avi,1,41,3,2,340
N0162V1S1A38R2.avi,1,38,1,2,162
N0233V3S1A17R2.avi,1,17,3,2,233
N0076V3S1A48R2.avi,1,48,3,2,76
N0267V2S1A23R2.avi,1,23,2,2,267
N0163V3S1A43R2.avi,1,43,3,2,163
N0230V2S1A43R2.avi,1,43,2,2,230
N0055V3S1A24R2.avi,1,24,3,2,55
N0088V3S1A03R2.avi,1,3,3,2,88
N0093V1S1A45R2.avi,1,45,1,2,93
N0106V1S1A25R2.avi,1,25,1,2,106
N0149V3S1A41R2.avi,1,41,3,2,149
N0120V2S1A07R2.avi,1,7,2,2,120
N0117V1S1A29R2.avi,1,29,1,2,117
N0118V2S1A41R2.avi,1,41,2,2,118
N0119V2S1A25R2.avi,1,25,2,2,119
N0334V3S1A01R2.avi,1,1,3,2,334
N0349V2S1A26R2.avi,1,26,2,2,349
N0250V2S1A04R2.avi,1,4,2,2,250
N0199V2S1A34R2.avi,1,34,2,2,199
N0117V1S1A45R2.avi,1,45,1,2,117
N0193V1S1A22R2.avi,1,22,1,2,193
N0210V2S1A07R2.avi,1,7,2,2,210
N0079V1S1A31R2.avi,1,31,1,2,79
N0068V2S1A50R2.avi,1,50,2,2,68
N0151V3S1A02R2.avi,1,2,3,2,151
N0354V2S1A04R2.avi,1,4,2,2,354
N0019V3S1A10R2.avi,1,10,3,2,19
N0099V2S1A46R2.avi,1,46,2,2,99
N0192V1S1A49R2.avi,1,49,1,2,192
N0125V2S1A21R2.avi,1,21,2,2,125
N0066V1S1A23R2.avi,1,23,1,2,66
N0017V1S1A29R2.avi,1,29,1,2,17
N0218V3S1A36R2.avi,1,36,3,2,218
N0047V1S1A32R2.avi,1,32,1,2,47
N0018V1S1A28R0.avi,1,28,1,0,18
N0176V1S1A49R2.avi,1,49,1,2,176
N0156V2S1A10R2.avi,1,10,2,2,156
N0204V2S1A16R2.avi,1,16,2,2,204
N0269V2S1A38R2.avi,1,38,2,2,269
N0354V2S1A19R2.avi,1,19,2,2,354
N0183V2S1A11R2.avi,1,11,2,2,183
N0007V3S1A10R2.avi,1,10,3,2,7
N0173V2S1A42R2.avi,1,42,2,2,173
N0185V2S1A27R2.avi,1,27,2,2,185
N0357V3S1A29R2.avi,1,29,3,2,357
N0211V1S1A09R2.avi,1,9,1,2,211
N0352V1S1A19R2.avi,1,19,1,2,352
N0343V3S1A29R2.avi,1,29,3,2,343
N0031V2S1A06R2.avi,1,6,2,2,31
N0337V3S1A11R2.avi,1,11,3,2,337
N0279V2S1A50R2.avi,1,50,2,2,279
N0152V1S1A35R1.avi,1,35,1,1,152
N0232V3S1A45R2.avi,1,45,3,2,232
N0167V3S1A20R2.avi,1,20,3,2,167
N0125V3S1A12R2.avi,1,12,3,2,125
N0119V3S1A11R2.avi,1,11,3,2,119
N0350V3S1A25R2.avi,1,25,3,2,350
N0269V1S1A07R2.avi,1,7,1,2,269
N0188V1S1A19R2.avi,1,19,1,2,188
N0180V1S1A50R2.avi,1,50,1,2,180
N0091V2S1A22R2.avi,1,22,2,2,91
N0002V1S1A06R2.avi,1,6,1,2,2
N0067V3S1A09R2.avi,1,9,3,2,67
N0130V1S1A37R2.avi,1,37,1,2,130
N0162V1S1A35R2.avi,1,35,1,2,162
N0173V2S1A20R2.avi,1,20,2,2,173
N0027V2S1A04R2.avi,1,4,2,2,27
N0095V3S1A26R2.avi,1,26,3,2,95
N0095V1S1A26R2.avi,1,26,1,2,95
N0362V1S1A43R2.avi,1,43,1,2,362
N0112V2S1A03R2.avi,1,3,2,2,112
N0182V3S1A08R2.avi,1,8,3,2,182
N0194V2S1A21R2.avi,1,21,2,2,194
N0116V2S1A47R2.avi,1,47,2,2,116
N0282V2S1A06R2.avi,1,6,2,2,282
N0281V3S1A17R2.avi,1,17,3,2,281
N0007V1S1A11R2.avi,1,11,1,2,7
N0275V1S1A31R2.avi,1,31,1,2,275
N0273V1S1A15R2.avi,1,15,1,2,273
N0351V1S1A36R2.avi,1,36,1,2,351
N0229V3S1A06R2.avi,1,6,3,2,229
N0081V3S1A43R2.avi,1,43,3,2,81
N0009V3S1A41R2.avi,1,41,3,2,9
N0266V1S1A04R2.avi,1,4,1,2,266
N0063V1S1A39R2.avi,1,39,1,2,63
N0120V2S1A02R2.avi,1,2,2,2,120
N0191V1S1A30R2.avi,1,30,1,2,191
N0137V3S1A38R2.avi,1,38,3,2,137
N0157V2S1A15R2.avi,1,15,2,2,157
N0212V2S1A28R1.avi,1,28,2,1,212
N0196V3S1A04R2.avi,1,4,3,2,196
N0211V2S1A50R2.avi,1,50,2,2,211
N0186V1S1A51R2.avi,1,51,1,2,186
N0266V1S1A23R2.avi,1,23,1,2,266
N0035V2S1A24R2.avi,1,24,2,2,35
N0127V1S1A39R2.avi,1,39,1,2,127
N0021V1S1A31R1.avi,1,31,1,1,21
N0166V3S1A49R2.avi,1,49,3,2,166
N0227V3S1A15R2.avi,1,15,3,2,227
N0347V1S1A07R2.avi,1,7,1,2,347
N0090V2S1A49R2.avi,1,49,2,2,90
N0187V2S1A45R2.avi,1,45,2,2,187
N0151V2S1A48R2.avi,1,48,2,2,151
N0081V1S1A40R2.avi,1,40,1,2,81
N0086V2S1A49R2.avi,1,49,2,2,86
N0337V3S1A29R2.avi,1,29,3,2,337
N0283V3S1A38R2.avi,1,38,3,2,283
N0257V2S1A34R2.avi,1,34,2,2,257
N0187V2S1A04R2.avi,1,4,2,2,187
N0144V1S1A26R2.avi,1,26,1,2,144
N0335V3S1A17R2.avi,1,17,3,2,335
N0080V1S1A34R2.avi,1,34,1,2,80
N0272V1S1A50R2.avi,1,50,1,2,272
N0136V3S1A01R2.avi,1,1,3,2,136
N0129V1S1A50R2.avi,1,50,1,2,129
N0038V3S1A17R2.avi,1,17,3,2,38
N0155V2S1A12R2.avi,1,12,2,2,155
N0117V1S1A46R2.avi,1,46,1,2,117
N0036V1S1A47R2.avi,1,47,1,2,36
N0053V1S1A45R2.avi,1,45,1,2,53
N0117V3S1A17R2.avi,1,17,3,2,117
N0067V2S1A06R2.avi,1,6,2,2,67
N0233V1S1A32R2.avi,1,32,1,2,233
N0345V1S1A47R2.avi,1,47,1,2,345
N0137V2S1A11R2.avi,1,11,2,2,137
N0093V3S1A08R2.avi,1,8,3,2,93
N0169V2S1A43R2.avi,1,43,2,2,169
N0119V1S1A39R2.avi,1,39,1,2,119
N0267V3S1A42R2.avi,1,42,3,2,267
N0205V3S1A26R2.avi,1,26,3,2,205
N0345V3S1A39R2.avi,1,39,3,2,345
N0153V3S1A29R2.avi,1,29,3,2,153
N0148V2S1A48R2.avi,1,48,2,2,148
N0231V2S1A07R2.avi,1,7,2,2,231
N0103V3S1A41R2.avi,1,41,3,2,103
N0076V3S1A47R2.avi,1,47,3,2,76
N0152V3S1A09R2.avi,1,9,3,2,152
N0040V2S1A19R2.avi,1,19,2,2,40
N0213V2S1A20R2.avi,1,20,2,2,213
N0043V3S1A31R2.avi,1,31,3,2,43
N0083V3S1A04R2.avi,1,4,3,2,83
N0108V2S1A01R2.avi,1,1,2,2,108
N0126V1S1A10R2.avi,1,10,1,2,126
N0122V3S1A33R2.avi,1,33,3,2,122
N0087V3S1A43R2.avi,1,43,3,2,87
N0279V1S1A49R2.avi,1,49,1,2,279
N0229V1S1A39R2.avi,1,39,1,2,229
N0111V2S1A29R2.avi,1,29,2,2,111
N0126V2S1A04R2.avi,1,4,2,2,126
N0203V3S1A02R2.avi,1,2,3,2,203
N0105V3S1A14R2.avi,1,14,3,2,105
N0363V1S1A02R2.avi,1,2,1,2,363
N0001V2S1A31R2.avi,1,31,2,2,1
N0199V1S1A38R2.avi,1,38,1,2,199
N0209V3S1A17R2.avi,1,17,3,2,209
N0161V3S1A20R2.avi,1,20,3,2,161
N0267V1S1A38R2.avi,1,38,1,2,267
N0151V1S1A19R2.avi,1,19,1,2,151
N0080V2S1A33R2.avi,1,33,2,2,80
N0182V2S1A37R2.avi,1,37,2,2,182
N0157V2S1A29R2.avi,1,29,2,2,157
N0209V2S1A31R2.avi,1,31,2,2,209
N0052V3S1A48R2.avi,1,48,3,2,52
N0021V3S1A17R2.avi,1,17,3,2,21
N0217V2S1A37R2.avi,1,37,2,2,217
N0262V2S1A50R2.avi,1,50,2,2,262
N0254V3S1A16R2.avi,1,16,3,2,254
N0039V2S1A15R2.avi,1,15,2,2,39
N0161V2S1A42R2.avi,1,42,2,2,161
N0274V1S1A34R2.avi,1,34,1,2,274
N0340V1S1A30R2.avi,1,30,1,2,340
N0217V1S1A31R2.avi,1,31,1,2,217
N0257V1S1A07R2.avi,1,7,1,2,257
N0284V1S1A21R2.avi,1,21,1,2,284
N0032V1S1A35R0.avi,1,35,1,0,32
N0280V2S1A04R2.avi,1,4,2,2,280
N0279V1S1A25R2.avi,1,25,1,2,279
N0363V2S1A33R2.avi,1,33,2,2,363
N0338V1S1A14R2.avi,1,14,1,2,338
N0010V1S1A10R2.avi,1,10,1,2,10
N0067V3S1A45R2.avi,1,45,3,2,67
N0047V1S1A11R2.avi,1,11,1,2,47
N0256V2S1A38R2.avi,1,38,2,2,256
N0066V2S1A25R2.avi,1,25,2,2,66
N0269V2S1A08R2.avi,1,8,2,2,269
N0226V2S1A40R2.avi,1,40,2,2,226
N0088V2S1A35R2.avi,1,35,2,2,88
N0147V2S1A38R2.avi,1,38,2,2,147
N0263V2S1A07R2.avi,1,7,2,2,263
N0201V3S1A11R2.avi,1,11,3,2,201
N0131V1S1A09R2.avi,1,9,1,2,131
N0342V1S1A29R2.avi,1,29,1,2,342
N0341V2S1A32R2.avi,1,32,2,2,341
N0046V3S1A28R2.avi,1,28,3,2,46
N0057V1S1A17R2.avi,1,17,1,2,57
N0287V2S1A39R2.avi,1,39,2,2,287
N0361V1S1A28R2.avi,1,28,1,2,361
N0076V3S1A01R2.avi,1,1,3,2,76
N0363V3S1A33R2.avi,1,33,3,2,363
N0081V1S1A43R2.avi,1,43,1,2,81
N0133V2S1A17R2.avi,1,17,2,2,133
N0053V2S1A20R2.avi,1,20,2,2,53
N0022V2S1A25R2.avi,1,25,2,2,22
N0257V3S1A38R2.avi,1,38,3,2,257
N0158V1S1A25R2.avi,1,25,1,2,158
N0083V2S1A15R2.avi,1,15,2,2,83
N0281V1S1A46R2.avi,1,46,1,2,281
N0171V2S1A22R2.avi,1,22,2,2,171
N0013V3S1A44R0.avi,1,44,3,0,13
N0138V2S1A04R2.avi,1,4,2,2,138
N0251V1S1A39R2.avi,1,39,1,2,251
N0108V3S1A33R2.avi,1,33,3,2,108
N0002V2S1A03R2.avi,1,3,2,2,2
N0138V2S1A48R2.avi,1,48,2,2,138
N0005V1S1A14R2.avi,1,14,1,2,5
N0341V3S1A17R2.avi,1,17,3,2,341
N0237V2S1A15R2.avi,1,15,2,2,237
N0058V1S1A07R2.avi,1,7,1,2,58
N0269V3S1A37R2.avi,1,37,3,2,269
N0182V3S1A35R2.avi,1,35,3,2,182
N0003V2S1A49R2.avi,1,49,2,2,3
N0242V1S1A05R2.avi,1,5,1,2,242
N0179V1S1A15R2.avi,1,15,1,2,179
N0168V3S1A50R2.avi,1,50,3,2,168
N0262V2S1A40R2.avi,1,40,2,2,262
N0258V2S1A34R2.avi,1,34,2,2,258
N0078V3S1A07R2.avi,1,7,3,2,78
N0268V2S1A40R2.avi,1,40,2,2,268
N0069V2S1A32R2.avi,1,32,2,2,69
N0092V2S1A47R2.avi,1,47,2,2,92
N0226V2S1A23R2.avi,1,23,2,2,226
N0072V1S1A46R2.avi,1,46,1,2,72
N0351V3S1A49R2.avi,1,49,3,2,351
N0162V3S1A50R2.avi,1,50,3,2,162
N0141V3S1A07R2.avi,1,7,3,2,141
N0099V3S1A33R2.avi,1,33,3,2,99
N0018V1S1A30R2.avi,1,30,1,2,18
N0160V2S1A47R2.avi,1,47,2,2,160
N0222V3S1A25R2.avi,1,25,3,2,222
N0253V3S1A08R2.avi,1,8,3,2,253
N0186V2S1A29R2.avi,1,29,2,2,186
N0340V2S1A01R2.avi,1,1,2,2,340
N0210V2S1A34R2.avi,1,34,2,2,210
N0239V2S1A07R2.avi,1,7,2,2,239
N0020V1S1A23R2.avi,1,23,1,2,20
N0108V2S1A46R2.avi,1,46,2,2,108
N0115V1S1A27R2.avi,1,27,1,2,115
N0182V2S1A47R2.avi,1,47,2,2,182
N0223V2S1A38R2.avi,1,38,2,2,223
N0132V3S1A29R2.avi,1,29,3,2,132
N0337V1S1A50R2.avi,1,50,1,2,337
N0023V1S1A45R2.avi,1,45,1,2,23
N0170V3S1A30R2.avi,1,30,3,2,170
N0347V2S1A33R2.avi,1,33,2,2,347
N0208V1S1A25R2.avi,1,25,1,2,208
N0176V2S1A08R2.avi,1,8,2,2,176
N0222V2S1A44R2.avi,1,44,2,2,222
N0212V2S1A13R2.avi,1,13,2,2,212
N0030V2S1A37R2.avi,1,37,2,2,30
N0087V2S1A45R2.avi,1,45,2,2,87
N0028V1S1A37R2.avi,1,37,1,2,28
N0340V1S1A22R2.avi,1,22,1,2,340
N0360V2S1A42R2.avi,1,42,2,2,360
N0036V3S1A33R2.avi,1,33,3,2,36
N0213V2S1A05R2.avi,1,5,2,2,213
N0213V1S1A40R2.avi,1,40,1,2,213
N0021V1S1A41R2.avi,1,41,1,2,21
N0066V2S1A03R2.avi,1,3,2,2,66
N0080V3S1A02R2.avi,1,2,3,2,80
N0253V2S1A39R2.avi,1,39,2,2,253
N0057V1S1A31R1.avi,1,31,1,1,57
N0338V1S1A27R2.avi,1,27,1,2,338
N0280V3S1A29R2.avi,1,29,3,2,280
N0146V2S1A47R2.avi,1,47,2,2,146
N0245V3S1A16R2.avi,1,16,3,2,245
N0210V3S1A25R2.avi,1,25,3,2,210
N0124V1S1A24R2.avi,1,24,1,2,124
N0343V2S1A47R2.avi,1,47,2,2,343
N0268V3S1A45R2.avi,1,45,3,2,268
N0196V3S1A40R2.avi,1,40,3,2,196
N0136V1S1A04R2.avi,1,4,1,2,136
N0150V3S1A11R2.avi,1,11,3,2,150
N0136V1S1A22R2.avi,1,22,1,2,136
N0227V1S1A05R2.avi,1,5,1,2,227
N0281V2S1A13R2.avi,1,13,2,2,281
N0173V2S1A44R2.avi,1,44,2,2,173
N0137V1S1A32R2.avi,1,32,1,2,137
N0216V2S1A17R2.avi,1,17,2,2,216
N0349V2S1A21R2.avi,1,21,2,2,349
N0063V1S1A15R2.avi,1,15,1,2,63
N0151V1S1A51R2.avi,1,51,1,2,151
N0191V3S1A49R2.avi,1,49,3,2,191
N0262V2S1A39R2.avi,1,39,2,2,262
N0038V3S1A02R2.avi,1,2,3,2,38
N0106V1S1A02R2.avi,1,2,1,2,106
N0099V1S1A33R2.avi,1,33,1,2,99
N0041V1S1A50R2.avi,1,50,1,2,41
N0020V1S1A48R2.avi,1,48,1,2,20
N0196V3S1A07R2.avi,1,7,3,2,196
N0131V2S1A10R2.avi,1,10,2,2,131
N0093V1S1A32R2.avi,1,32,1,2,93
N0121V3S1A13R2.avi,1,13,3,2,121
N0210V2S1A25R2.avi,1,25,2,2,210
N0192V3S1A10R2.avi,1,10,3,2,192
N0343V1S1A50R2.avi,1,50,1,2,343
N0278V3S1A04R2.avi,1,4,3,2,278
N0112V3S1A38R2.avi,1,38,3,2,112
N0084V2S1A26R2.avi,1,26,2,2,84
N0341V2S1A47R2.avi,1,47,2,2,341
N0264V3S1A04R2.avi,1,4,3,2,264
N0096V3S1A22R2.avi,1,22,3,2,96
N0362V1S1A15R2.avi,1,15,1,2,362
N0126V3S1A38R2.avi,1,38,3,2,126
N0269V2S1A11R2.avi,1,11,2,2,269
N0047V3S1A31R2.avi,1,31,3,2,47
N0103V2S1A11R2.avi,1,11,2,2,103
N0230V3S1A38R2.avi,1,38,3,2,230
N0062V1S1A02R2.avi,1,2,1,2,62
N0258V3S1A02R2.avi,1,2,3,2,258
N0051V2S1A38R2.avi,1,38,2,2,51
N0080V2S1A39R2.avi,1,39,2,2,80
N0186V2S1A38R2.avi,1,38,2,2,186
N0244V2S1A18R2.avi,1,18,2,2,244
N0021V3S1A13R2.avi,1,13,3,2,21
N0022V2S1A46R2.avi,1,46,2,2,22
N0056V1S1A19R2.avi,1,19,1,2,56
N0192V3S1A31R2.avi,1,31,3,2,192
N0164V1S1A24R2.avi,1,24,1,2,164
N0171V2S1A01R2.avi,1,1,2,2,171
N0230V1S1A29R2.avi,1,29,1,2,230
N0191V2S1A34R2.avi,1,34,2,2,191
N0198V2S1A06R2.avi,1,6,2,2,198
N0228V2S1A23R2.avi,1,23,2,2,228
N0032V2S1A49R2.avi,1,49,2,2,32
N0062V1S1A25R2.avi,1,25,1,2,62
N0159V2S1A31R2.avi,1,31,2,2,159
N0352V3S1A42R2.avi,1,42,3,2,352
N0021V3S1A07R2.avi,1,7,3,2,21
N0226V2S1A08R2.avi,1,8,2,2,226
N0021V2S1A17R2.avi,1,17,2,2,21
N0026V1S1A28R2.avi,1,28,1,2,26
N0349V2S1A27R2.avi,1,27,2,2,349
N0136V2S1A03R2.avi,1,3,2,2,136
N0180V2S1A35R2.avi,1,35,2,2,180
N0101V1S1A42R2.avi,1,42,1,2,101
N0345V2S1A49R2.avi,1,49,2,2,345
N0354V3S1A07R2.avi,1,7,3,2,354
N0191V3S1A37R2.avi,1,37,3,2,191
N0086V1S1A34R2.avi,1,34,1,2,86
N0200V1S1A28R0.avi,1,28,1,0,200
N0233V1S1A46R2.avi,1,46,1,2,233
N0176V2S1A10R2.avi,1,10,2,2,176
N0351V2S1A11R2.avi,1,11,2,2,351
N0271V3S1A24R2.avi,1,24,3,2,271
N0340V2S1A09R2.avi,1,9,2,2,340
N0148V3S1A23R2.avi,1,23,3,2,148
N0146V2S1A46R2.avi,1,46,2,2,146
N0230V1S1A13R2.avi,1,13,1,2,230
N0273V3S1A05R2.avi,1,5,3,2,273
N0003V1S1A05R2.avi,1,5,1,2,3
N0124V2S1A27R2.avi,1,27,2,2,124
N0029V3S1A04R2.avi,1,4,3,2,29
N0256V2S1A29R2.avi,1,29,2,2,256
N0153V2S1A38R2.avi,1,38,2,2,153
N0088V2S1A06R2.avi,1,6,2,2,88
N0138V2S1A41R2.avi,1,41,2,2,138
N0030V1S1A35R1.avi,1,35,1,1,30
N0236V1S1A50R2.avi,1,50,1,2,236
N0280V2S1A33R2.avi,1,33,2,2,280
N0123V3S1A15R2.avi,1,15,3,2,123
N0083V3S1A29R2.avi,1,29,3,2,83
N0137V2S1A44R2.avi,1,44,2,2,137
N0356V1S1A15R2.avi,1,15,1,2,356
N0354V3S1A30R2.avi,1,30,3,2,354
N0160V3S1A25R2.avi,1,25,3,2,160
N0009V1S1A09R2.avi,1,9,1,2,9
N0147V1S1A03R2.avi,1,3,1,2,147
N0213V3S1A29R2.avi,1,29,3,2,213
N0070V3S1A37R2.avi,1,37,3,2,70
N0133V3S1A32R2.avi,1,32,3,2,133
N0117V2S1A13R2.avi,1,13,2,2,117
N0266V1S1A51R2.avi,1,51,1,2,266
N0030V1S1A47R2.avi,1,47,1,2,30
N0349V3S1A21R2.avi,1,21,3,2,349
N0054V2S1A18R2.avi,1,18,2,2,54
N0267V1S1A45R2.avi,1,45,1,2,267
N0145V3S1A26R2.avi,1,26,3,2,145
N0178V3S1A37R2.avi,1,37,3,2,178
N0146V2S1A02R2.avi,1,2,2,2,146
N0273V2S1A36R2.avi,1,36,2,2,273
N0265V1S1A07R2.avi,1,7,1,2,265
N0213V1S1A30R2.avi,1,30,1,2,213
N0119V3S1A10R2.avi,1,10,3,2,119
N0152V2S1A51R2.avi,1,51,2,2,152
N0123V1S1A41R2.avi,1,41,1,2,123
N0264V3S1A50R2.avi,1,50,3,2,264
N0262V2S1A01R2.avi,1,1,2,2,262
N0033V2S1A43R2.avi,1,43,2,2,33
N0344V3S1A03R2.avi,1,3,3,2,344
N0120V2S1A04R2.avi,1,4,2,2,120
N0003V3S1A49R2.avi,1,49,3,2,3
N0198V1S1A07R2.avi,1,7,1,2,198
N0150V3S1A22R2.avi,1,22,3,2,150
N0280V1S1A04R2.avi,1,4,1,2,280
N0103V3S1A08R2.avi,1,8,3,2,103
N0347V1S1A31R2.avi,1,31,1,2,347
N0170V1S1A03R2.avi,1,3,1,2,170
N0342V2S1A33R2.avi,1,33,2,2,342
N0338V2S1A21R2.avi,1,21,2,2,338
N0118V2S1A44R2.avi,1,44,2,2,118
N0057V1S1A40R2.avi,1,40,1,2,57
N0047V2S1A29R2.avi,1,29,2,2,47
N0107V3S1A07R2.avi,1,7,3,2,107
N0243V1S1A11R2.avi,1,11,1,2,243
N0356V3S1A48R2.avi,1,48,3,2,356
N0113V3S1A39R2.avi,1,39,3,2,113
N0231V3S1A06R2.avi,1,6,3,2,231
N0008V1S1A08R2.avi,1,8,1,2,8
N0287V1S1A17R2.avi,1,17,1,2,287
N0282V2S1A13R2.avi,1,13,2,2,282
N0013V2S1A44R0.avi,1,44,2,0,13
N0335V2S1A34R2.avi,1,34,2,2,335
N0234V3S1A12R2.avi,1,12,3,2,234
N0236V1S1A22R2.avi,1,22,1,2,236
N0358V2S1A14R2.avi,1,14,2,2,358
N0280V2S1A51R2.avi,1,51,2,2,280
N0122V2S1A35R2.avi,1,35,2,2,122
N0046V3S1A33R2.avi,1,33,3,2,46
N0177V2S1A20R2.avi,1,20,2,2,177
N0038V3S1A49R2.avi,1,49,3,2,38
N0094V2S1A21R2.avi,1,21,2,2,94
N0057V2S1A20R2.avi,1,20,2,2,57
N0107V3S1A15R2.avi,1,15,3,2,107
N0359V3S1A12R2.avi,1,12,3,2,359
N0134V1S1A21R2.avi,1,21,1,2,134
N0063V3S1A44R2.avi,1,44,3,2,63
N0056V1S1A08R2.avi,1,8,1,2,56
N0156V1S1A29R2.avi,1,29,1,2,156
N0288V2S1A31R2.avi,1,31,2,2,288
N0258V3S1A33R2.avi,1,33,3,2,258
N0345V2S1A34R2.avi,1,34,2,2,345
N0083V3S1A10R2.avi,1,10,3,2,83
N0215V2S1A27R2.avi,1,27,2,2,215
N0273V3S1A46R2.avi,1,46,3,2,273
N0112V1S1A04R2.avi,1,4,1,2,112
N0277V3S1A51R2.avi,1,51,3,2,277
N0041V3S1A42R2.avi,1,42,3,2,41
N0066V3S1A33R2.avi,1,33,3,2,66
N0069V3S1A29R2.avi,1,29,3,2,69
N0001V2S1A04R2.avi,1,4,2,2,1
N0336V3S1A29R2.avi,1,29,3,2,336
N0163V2S1A38R2.avi,1,38,2,2,163
N0217V1S1A13R2.avi,1,13,1,2,217
N0275V3S1A20R2.avi,1,20,3,2,275
N0259V2S1A10R2.avi,1,10,2,2,259
N0049V1S1A23R2.avi,1,23,1,2,49
N0177V3S1A45R2.avi,1,45,3,2,177
N0355V1S1A29R2.avi,1,29,1,2,355
N0022V1S1A28R2.avi,1,28,1,2,22
N0121V2S1A43R1.avi,1,43,2,1,121
N0179V3S1A13R2.avi,1,13,3,2,179
N0287V3S1A05R2.avi,1,5,3,2,287
N0040V2S1A28R2.avi,1,28,2,2,40
N0355V1S1A49R2.avi,1,49,1,2,355
N0023V2S1A31R1.avi,1,31,2,1,23
N0002V1S1A02R2.avi,1,2,1,2,2
N0037V3S1A45R2.avi,1,45,3,2,37
N0041V2S1A06R2.avi,1,6,2,2,41
N0355V3S1A17R2.avi,1,17,3,2,355
N0032V2S1A48R2.avi,1,48,2,2,32
N0047V2S1A04R2.avi,1,4,2,2,47
N0251V3S1A13R2.avi,1,13,3,2,251
N0143V2S1A17R2.avi,1,17,2,2,143
N0137V3S1A02R2.avi,1,2,3,2,137
N0241V1S1A32R2.avi,1,32,1,2,241
N0001V3S1A38R2.avi,1,38,3,2,1
N0340V2S1A02R2.avi,1,2,2,2,340
N0098V3S1A41R2.avi,1,41,3,2,98
N0360V2S1A22R2.avi,1,22,2,2,360
N0191V1S1A37R2.avi,1,37,1,2,191
N0117V3S1A42R2.avi,1,42,3,2,117
N0097V3S1A23R2.avi,1,23,3,2,97
N0002V1S1A34R2.avi,1,34,1,2,2
N0152V3S1A40R2.avi,1,40,3,2,152
N0101V2S1A22R2.avi,1,22,2,2,101
N0038V3S1A05R2.avi,1,5,3,2,38
N0362V2S1A03R2.avi,1,3,2,2,362
N0280V1S1A22R2.avi,1,22,1,2,280
N0016V3S1A29R2.avi,1,29,3,2,16
N0157V1S1A45R2.avi,1,45,1,2,157
N0289V2S1A19R2.avi,1,19,2,2,289
N0363V3S1A50R2.avi,1,50,3,2,363
N0192V3S1A43R2.avi,1,43,3,2,192
N0018V1S1A33R2.avi,1,33,1,2,18
N0252V1S1A51R2.avi,1,51,1,2,252
N0289V2S1A11R2.avi,1,11,2,2,289
N0338V3S1A24R2.avi,1,24,3,2,338
N0137V3S1A37R2.avi,1,37,3,2,137
N0081V1S1A17R2.avi,1,17,1,2,81
N0218V1S1A49R2.avi,1,49,1,2,218
N0099V3S1A50R2.avi,1,50,3,2,99
N0283V1S1A39R2.avi,1,39,1,2,283
N0061V2S1A50R2.avi,1,50,2,2,61
N0259V2S1A41R2.avi,1,41,2,2,259
N0130V3S1A28R0.avi,1,28,3,0,130
N0172V1S1A08R2.avi,1,8,1,2,172
N0066V3S1A51R2.avi,1,51,3,2,66
N0006V1S1A03R2.avi,1,3,1,2,6
N0360V3S1A30R2.avi,1,30,3,2,360
N0018V3S1A07R2.avi,1,7,3,2,18
N0283V2S1A22R2.avi,1,22,2,2,283
N0286V1S1A41R2.avi,1,41,1,2,286
N0139V3S1A38R2.avi,1,38,3,2,139
N0280V2S1A11R2.avi,1,11,2,2,280
N0106V3S1A46R2.avi,1,46,3,2,106
N0141V2S1A31R2.avi,1,31,2,2,141
N0279V3S1A17R2.avi,1,17,3,2,279
N0040V3S1A33R2.avi,1,33,3,2,40
N0158V3S1A30R2.avi,1,30,3,2,158
N0089V3S1A45R1.avi,1,45,3,1,89
N0287V1S1A13R2.avi,1,13,1,2,287
N0346V1S1A05R2.avi,1,5,1,2,346
N0026V2S1A28R2.avi,1,28,2,2,26
N0221V3S1A15R2.avi,1,15,3,2,221
N0162V3S1A08R2.avi,1,8,3,2,162
N0122V3S1A04R2.avi,1,4,3,2,122
N0044V2S1A12R2.avi,1,12,2,2,44
N0197V2S1A32R2.avi,1,32,2,2,197
N0065V3S1A12R2.avi,1,12,3,2,65
N0259V2S1A22R2.avi,1,22,2,2,259
N0128V3S1A40R2.avi,1,40,3,2,128
N0227V3S1A43R2.avi,1,43,3,2,227
N0077V1S1A07R2.avi,1,7,1,2,77
N0357V3S1A23R2.avi,1,23,3,2,357
N0137V1S1A29R2.avi,1,29,1,2,137
N0039V2S1A44R2.avi,1,44,2,2,39
N0264V3S1A01R2.avi,1,1,3,2,264
N0258V3S1A45R2.avi,1,45,3,2,258
N0226V3S1A38R2.avi,1,38,3,2,226
N0347V1S1A38R2.avi,1,38,1,2,347
N0121V1S1A29R2.avi,1,29,1,2,121
N0361V3S1A39R2.avi,1,39,3,2,361
N0132V3S1A04R2.avi,1,4,3,2,132
N0130V2S1A34R2.avi,1,34,2,2,130
N0140V2S1A37R2.avi,1,37,2,2,140
N0237V2S1A37R2.avi,1,37,2,2,237
N0102V2S1A03R2.avi,1,3,2,2,102
N0266V2S1A11R2.avi,1,11,2,2,266
N0220V3S1A25R2.avi,1,25,3,2,220
N0217V3S1A13R2.avi,1,13,3,2,217
N0102V1S1A33R2.avi,1,33,1,2,102
N0109V3S1A04R2.avi,1,4,3,2,109
N0128V1S1A44R2.avi,1,44,1,2,128
N0233V1S1A15R2.avi,1,15,1,2,233
N0354V2S1A30R2.avi,1,30,2,2,354
N0049V2S1A09R2.avi,1,9,2,2,49
N0103V1S1A20R2.avi,1,20,1,2,103
N0245V1S1A27R2.avi,1,27,1,2,245
N0258V1S1A29R2.avi,1,29,1,2,258
N0008V3S1A03R2.avi,1,3,3,2,8
N0080V2S1A19R2.avi,1,19,2,2,80
N0122V2S1A01R2.avi,1,1,2,2,122
N0231V2S1A39R2.avi,1,39,2,2,231
N0002V1S1A36R2.avi,1,36,1,2,2
N0090V2S1A10R2.avi,1,10,2,2,90
N0061V2S1A41R2.avi,1,41,2,2,61
N0264V2S1A31R2.avi,1,31,2,2,264
N0069V1S1A20R2.avi,1,20,1,2,69
N0003V3S1A29R2.avi,1,29,3,2,3
N0120V3S1A38R2.avi,1,38,3,2,120
N0026V3S1A25R2.avi,1,25,3,2,26
N0069V2S1A45R2.avi,1,45,2,2,69
N0287V2S1A17R2.avi,1,17,2,2,287
N0115V2S1A14R2.avi,1,14,2,2,115
N0039V1S1A38R2.avi,1,38,1,2,39
N0046V3S1A49R2.avi,1,49,3,2,46
N0060V2S1A47R2.avi,1,47,2,2,60
N0045V1S1A12R2.avi,1,12,1,2,45
N0049V1S1A19R2.avi,1,19,1,2,49
N0047V3S1A06R2.avi,1,6,3,2,47
N0267V3S1A43R2.avi,1,43,3,2,267
N0269V3S1A36R2.avi,1,36,3,2,269
N0209V2S1A17R2.avi,1,17,2,2,209
N0213V1S1A15R2.avi,1,15,1,2,213
N0259V2S1A38R2.avi,1,38,2,2,259
N0141V1S1A31R2.avi,1,31,1,2,141
N0341V3S1A11R2.avi,1,11,3,2,341
N0265V3S1A48R2.avi,1,48,3,2,265
N0225V1S1A26R2.avi,1,26,1,2,225
N0190V1S1A44R2.avi,1,44,1,2,190
N0282V1S1A48R2.avi,1,48,1,2,282
N0221V2S1A48R2.avi,1,48,2,2,221
N0003V2S1A04R2.avi,1,4,2,2,3
N0026V2S1A35R2.avi,1,35,2,2,26
N0047V2S1A43R2.avi,1,43,2,2,47
N0122V1S1A35R2.avi,1,35,1,2,122
N0162V1S1A32R2.avi,1,32,1,2,162
N0060V1S1A48R2.avi,1,48,1,2,60
N0152V2S1A34R2.avi,1,34,2,2,152
N0072V2S1A49R2.avi,1,49,2,2,72
N0048V3S1A50R2.avi,1,50,3,2,48
N0236V3S1A07R2.avi,1,7,3,2,236
N0191V3S1A17R2.avi,1,17,3,2,191
N0357V3S1A50R2.avi,1,50,3,2,357
N0227V2S1A05R2.avi,1,5,2,2,227
N0265V1S1A48R2.avi,1,48,1,2,265
N0204V1S1A27R2.avi,1,27,1,2,204
N0158V3S1A23R2.avi,1,23,3,2,158
N0009V1S1A50R2.avi,1,50,1,2,9
N0089V1S1A04R2.avi,1,4,1,2,89
N0050V2S1A28R2.avi,1,28,2,2,50
N0152V3S1A28R2.avi,1,28,3,2,152
N0250V1S1A25R2.avi,1,25,1,2,250
N0109V2S1A43R2.avi,1,43,2,2,109
N0057V2S1A05R2.avi,1,5,2,2,57
N0088V1S1A40R2.avi,1,40,1,2,88
N0276V3S1A34R2.avi,1,34,3,2,276
N0156V3S1A50R2.avi,1,50,3,2,156
N0209V3S1A46R2.avi,1,46,3,2,209
N0259V2S1A46R2.avi,1,46,2,2,259
N0090V1S1A47R2.avi,1,47,1,2,90
N0282V1S1A29R2.avi,1,29,1,2,282
N0218V1S1A48R2.avi,1,48,1,2,218
N0251V1S1A44R2.avi,1,44,1,2,251
N0171V2S1A04R2.avi,1,4,2,2,171
N0122V3S1A34R2.avi,1,34,3,2,122
N0037V2S1A07R2.avi,1,7,2,2,37
N0126V1S1A02R2.avi,1,2,1,2,126
N0257V3S1A44R2.avi,1,44,3,2,257
N0017V3S1A20R2.avi,1,20,3,2,17
N0150V2S1A19R2.avi,1,19,2,2,150
N0034V3S1A18R2.avi,1,18,3,2,34
N0353V2S1A15R2.avi,1,15,2,2,353
N0232V2S1A40R2.avi,1,40,2,2,232
N0120V1S1A07R2.avi,1,7,1,2,120
N0355V2S1A36R2.avi,1,36,2,2,355
N0123V1S1A31R2.avi,1,31,1,2,123
N0138V3S1A22R2.avi,1,22,3,2,138
N0212V3S1A04R2.avi,1,4,3,2,212
N0037V2S1A31R2.avi,1,31,2,2,37
N0152V2S1A33R2.avi,1,33,2,2,152
N0040V2S1A47R2.avi,1,47,2,2,40
N0269V3S1A07R2.avi,1,7,3,2,269
N0092V3S1A17R2.avi,1,17,3,2,92
N0040V1S1A23R2.avi,1,23,1,2,40
N0156V2S1A39R2.avi,1,39,2,2,156
N0081V1S1A07R2.avi,1,7,1,2,81
N0274V3S1A34R2.avi,1,34,3,2,274
N0061V2S1A13R2.avi,1,13,2,2,61
N0072V1S1A33R2.avi,1,33,1,2,72
N0210V3S1A22R2.avi,1,22,3,2,210
N0227V2S1A33R2.avi,1,33,2,2,227
N0100V2S1A29R2.avi,1,29,2,2,100
N0275V3S1A43R2.avi,1,43,3,2,275
N0252V2S1A01R2.avi,1,1,2,2,252
N0081V3S1A07R2.avi,1,7,3,2,81
N0013V2S1A45R2.avi,1,45,2,2,13
N0150V1S1A45R2.avi,1,45,1,2,150
N0157V1S1A15R2.avi,1,15,1,2,157
N0038V2S1A46R2.avi,1,46,2,2,38
N0336V1S1A29R2.avi,1,29,1,2,336
N0339V2S1A16R2.avi,1,16,2,2,339
N0066V3S1A03R2.avi,1,3,3,2,66
N0008V3S1A49R2.avi,1,49,3,2,8
N0179V1S1A29R2.avi,1,29,1,2,179
N0222V3S1A47R2.avi,1,47,3,2,222
N0352V3S1A48R2.avi,1,48,3,2,352
N0013V1S1A10R2.avi,1,10,1,2,13
N0226V2S1A45R2.avi,1,45,2,2,226
N0087V1S1A05R2.avi,1,5,1,2,87
N0096V2S1A50R2.avi,1,50,2,2,96
N0100V3S1A23R2.avi,1,23,3,2,100
N0101V1S1A38R2.avi,1,38,1,2,101
N0043V2S1A20R2.avi,1,20,2,2,43
N0288V2S1A35R2.avi,1,35,2,2,288
N0075V3S1A16R2.avi,1,16,3,2,75
N0069V3S1A19R2.avi,1,19,3,2,69
N0243V2S1A34R2.avi,1,34,2,2,243
N0091V2S1A09R2.avi,1,9,2,2,91
N0275V1S1A30R2.avi,1,30,1,2,275
N0013V2S1A41R2.avi,1,41,2,2,13
N0199V1S1A48R2.avi,1,48,1,2,199
N0087V1S1A20R2.avi,1,20,1,2,87
N0251V2S1A51R2.avi,1,51,2,2,251
N0222V2S1A31R2.avi,1,31,2,2,222
N0092V2S1A05R2.avi,1,5,2,2,92
N0210V1S1A34R2.avi,1,34,1,2,210
N0140V1S1A40R2.avi,1,40,1,2,140
N0023V2S1A43R2.avi,1,43,2,2,23
N0048V3S1A51R2.avi,1,51,3,2,48
N0096V1S1A04R2.avi,1,4,1,2,96
N0087V2S1A42R2.avi,1,42,2,2,87
N0069V2S1A42R2.avi,1,42,2,2,69
N0057V3S1A20R2.avi,1,20,3,2,57
N0123V3S1A17R2.avi,1,17,3,2,123
N0046V2S1A25R2.avi,1,25,2,2,46
N0113V3S1A07R2.avi,1,7,3,2,113
N0209V2S1A03R2.avi,1,3,2,2,209
N0119V3S1A07R2.avi,1,7,3,2,119
N0166V3S1A38R2.avi,1,38,3,2,166
N0188V1S1A50R2.avi,1,50,1,2,188
N0202V2S1A38R2.avi,1,38,2,2,202
N0347V2S1A35R2.avi,1,35,2,2,347
N0056V3S1A49R2.avi,1,49,3,2,56
N0127V1S1A20R2.avi,1,20,1,2,127
N0161V2S1A38R2.avi,1,38,2,2,161
N0276V3S1A23R2.avi,1,23,3,2,276
N0061V2S1A42R2.avi,1,42,2,2,61
N0124V1S1A18R2.avi,1,18,1,2,124
N0081V3S1A17R2.avi,1,17,3,2,81
N0029V3S1A10R2.avi,1,10,3,2,29
N0346V3S1A40R2.avi,1,40,3,2,346
N0151V3S1A46R2.avi,1,46,3,2,151
N0040V1S1A46R2.avi,1,46,1,2,40
N0150V3S1A45R2.avi,1,45,3,2,150
N0108V2S1A25R2.avi,1,25,2,2,108
N0213V2S1A39R2.avi,1,39,2,2,213
N0191V2S1A46R2.avi,1,46,2,2,191
N0353V3S1A02R2.avi,1,2,3,2,353
N0018V3S1A35R2.avi,1,35,3,2,18
N0283V1S1A19R2.avi,1,19,1,2,283
N0153V2S1A05R2.avi,1,5,2,2,153
N0143V2S1A37R2.avi,1,37,2,2,143
N0206V2S1A49R2.avi,1,49,2,2,206
N0016V1S1A35R2.avi,1,35,1,2,16
N0012V2S1A40R1.avi,1,40,2,1,12
N0253V2S1A34R2.avi,1,34,2,2,253
N0263V1S1A51R2.avi,1,51,1,2,263
N0056V1S1A36R2.avi,1,36,1,2,56
N0262V1S1A11R2.avi,1,11,1,2,262
N0273V1S1A45R2.avi,1,45,1,2,273
N0091V3S1A13R2.avi,1,13,3,2,91
N0033V2S1A45R2.avi,1,45,2,2,33
N0226V2S1A39R2.avi,1,39,2,2,226
N0180V2S1A34R2.avi,1,34,2,2,180
N0221V3S1A05R2.avi,1,5,3,2,221
N0078V3S1A36R2.avi,1,36,3,2,78
N0088V3S1A13R2.avi,1,13,3,2,88
N0151V1S1A30R2.avi,1,30,1,2,151
N0073V3S1A09R2.avi,1,9,3,2,73
N0180V1S1A49R2.avi,1,49,1,2,180
N0172V2S1A34R2.avi,1,34,2,2,172
N0336V1S1A19R2.avi,1,19,1,2,336
N0122V3S1A08R2.avi,1,8,3,2,122
N0113V3S1A30R2.avi,1,30,3,2,113
N0143V3S1A09R2.avi,1,9,3,2,143
N0160V1S1A40R1.avi,1,40,1,1,160
N0140V2S1A49R1.avi,1,49,2,1,140
N0241V2S1A46R2.avi,1,46,2,2,241
N0275V3S1A13R2.avi,1,13,3,2,275
N0351V2S1A13R2.avi,1,13,2,2,351
N0077V1S1A15R2.avi,1,15,1,2,77
N0035V1S1A16R2.avi,1,16,1,2,35
N0289V2S1A07R2.avi,1,7,2,2,289
N0061V1S1A17R2.avi,1,17,1,2,61
N0073V1S1A09R2.avi,1,9,1,2,73
N0264V1S1A50R2.avi,1,50,1,2,264
N0051V1S1A45R2.avi,1,45,1,2,51
N0066V1S1A10R2.avi,1,10,1,2,66
N0269V1S1A09R2.avi,1,9,1,2,269
N0171V1S1A38R2.avi,1,38,1,2,171
N0288V2S1A05R2.avi,1,5,2,2,288
N0078V3S1A06R2.avi,1,6,3,2,78
N0123V2S1A47R2.avi,1,47,2,2,123
N0017V3S1A43R2.avi,1,43,3,2,17
N0337V2S1A33R2.avi,1,33,2,2,337
N0254V2S1A12R2.avi,1,12,2,2,254
N0066V3S1A29R2.avi,1,29,3,2,66
N0258V1S1A38R2.avi,1,38,1,2,258
N0268V3S1A02R2.avi,1,2,3,2,268
N0187V3S1A41R2.avi,1,41,3,2,187
N0113V1S1A20R2.avi,1,20,1,2,113
N0268V3S1A13R2.avi,1,13,3,2,268
N0199V3S1A08R2.avi,1,8,3,2,199
N0112V2S1A51R2.avi,1,51,2,2,112
N0129V3S1A17R2.avi,1,17,3,2,129
N0244V1S1A24R2.avi,1,24,1,2,244
N0229V1S1A06R2.avi,1,6,1,2,229
N0146V1S1A51R2.avi,1,51,1,2,146
N0107V3S1A05R2.avi,1,5,3,2,107
N0170V2S1A48R2.avi,1,48,2,2,170
N0194V3S1A24R2.avi,1,24,3,2,194
N0116V2S1A20R2.avi,1,20,2,2,116
N0110V1S1A01R2.avi,1,1,1,2,110
N0093V2S1A15R2.avi,1,15,2,2,93
N0069V2S1A10R2.avi,1,10,2,2,69
N0178V3S1A01R2.avi,1,1,3,2,178
N0061V3S1A31R2.avi,1,31,3,2,61
N0057V1S1A22R2.avi,1,22,1,2,57
N0027V1S1A09R2.avi,1,9,1,2,27
N0188V3S1A35R2.avi,1,35,3,2,188
N0232V2S1A01R2.avi,1,1,2,2,232
N0023V2S1A04R2.avi,1,4,2,2,23
N0189V2S1A07R2.avi,1,7,2,2,189
N0117V2S1A36R2.avi,1,36,2,2,117
N0143V3S1A31R2.avi,1,31,3,2,143
N0021V2S1A38R2.avi,1,38,2,2,21
N0002V1S1A17R2.avi,1,17,1,2,2
N0160V1S1A50R2.avi,1,50,1,2,160
N0231V1S1A39R2.avi,1,39,1,2,231
N0002V3S1A48R2.avi,1,48,3,2,2
N0199V1S1A35R1.avi,1,35,1,1,199
N0029V1S1A43R2.avi,1,43,1,2,29
N0240V3S1A29R2.avi,1,29,3,2,240
N0126V1S1A01R2.avi,1,1,1,2,126
N0269V3S1A15R2.avi,1,15,3,2,269
N0228V2S1A28R2.avi,1,28,2,2,228
N0099V2S1A51R2.avi,1,51,2,2,99
N0279V2S1A17R2.avi,1,17,2,2,279
N0221V2S1A29R2.avi,1,29,2,2,221
N0355V2S1A31R2.avi,1,31,2,2,355
N0351V3S1A29R2.avi,1,29,3,2,351
N0107V3S1A29R2.avi,1,29,3,2,107
N0289V2S1A08R2.avi,1,8,2,2,289
N0153V1S1A45R2.avi,1,45,1,2,153
N0209V3S1A02R2.avi,1,2,3,2,209
N0264V3S1A45R2.avi,1,45,3,2,264
N0119V1S1A30R2.avi,1,30,1,2,119
N0167V2S1A04R2.avi,1,4,2,2,167
N0031V2S1A43R1.avi,1,43,2,1,31
N0048V3S1A40R2.avi,1,40,3,2,48
N0106V2S1A08R2.avi,1,8,2,2,106
N0265V2S1A08R2.avi,1,8,2,2,265
N0228V2S1A03R2.avi,1,3,2,2,228
N0093V1S1A20R2.avi,1,20,1,2,93
N0215V3S1A24R2.avi,1,24,3,2,215
N0282V2S1A22R2.avi,1,22,2,2,282
N0279V1S1A22R2.avi,1,22,1,2,279
N0018V1S1A47R2.avi,1,47,1,2,18
N0068V3S1A35R2.avi,1,35,3,2,68
N0056V1S1A30R2.avi,1,30,1,2,56
N0196V1S1A08R2.avi,1,8,1,2,196
N0233V2S1A36R2.avi,1,36,2,2,233
N0280V3S1A01R2.avi,1,1,3,2,280
N0026V3S1A01R2.avi,1,1,3,2,26
N0191V2S1A09R2.avi,1,9,2,2,191
N0197V2S1A33R2.avi,1,33,2,2,197
N0157V2S1A05R2.avi,1,5,2,2,157
N0243V2S1A48R2.avi,1,48,2,2,243
N0281V1S1A31R2.avi,1,31,1,2,281
N0036V3S1A35R1.avi,1,35,3,1,36
N0047V2S1A06R2.avi,1,6,2,2,47
N0273V1S1A29R2.avi,1,29,1,2,273
N0335V2S1A15R2.avi,1,15,2,2,335
N0011V3S1A11R2.avi,1,11,3,2,11
N0039V1S1A10R2.avi,1,10,1,2,39
N0121V3S1A25R2.avi,1,25,3,2,121
N0063V2S1A43R2.avi,1,43,2,2,63
N0150V3S1A05R2.avi,1,5,3,2,150
N0347V3S1A46R2.avi,1,46,3,2,347
N0210V3S1A11R2.avi,1,11,3,2,210
N0263V3S1A30R2.avi,1,30,3,2,263
N0077V2S1A05R2.avi,1,5,2,2,77
N0194V2S1A24R2.avi,1,24,2,2,194
N0179V3S1A07R2.avi,1,7,3,2,179
N0220V3S1A11R2.avi,1,11,3,2,220
N0188V2S1A29R2.avi,1,29,2,2,188
N0252V3S1A28R2.avi,1,28,3,2,252
N0355V3S1A48R2.avi,1,48,3,2,355
N0033V3S1A22R2.avi,1,22,3,2,33
N0194V1S1A26R2.avi,1,26,1,2,194
N0108V3S1A40R2.avi,1,40,3,2,108
N0239V3S1A38R2.avi,1,38,3,2,239
N0009V2S1A17R2.avi,1,17,2,2,9
N0172V1S1A51R2.avi,1,51,1,2,172
N0227V1S1A03R2.avi,1,3,1,2,227
N0019V2S1A38R2.avi,1,38,2,2,19
N0344V1S1A07R2.avi,1,7,1,2,344
N0212V3S1A44R2.avi,1,44,3,2,212
N0075V3S1A27R2.avi,1,27,3,2,75
N0337V1S1A44R2.avi,1,44,1,2,337
N0168V3S1A38R2.avi,1,38,3,2,168
N0082V2S1A48R2.avi,1,48,2,2,82
N0229V3S1A41R2.avi,1,41,3,2,229
N0077V3S1A05R2.avi,1,5,3,2,77
N0341V1S1A47R2.avi,1,47,1,2,341
N0173V2S1A45R2.avi,1,45,2,2,173
N0211V3S1A46R2.avi,1,46,3,2,211
N0120V1S1A47R2.avi,1,47,1,2,120
N0048V1S1A46R2.avi,1,46,1,2,48
N0083V2S1A22R2.avi,1,22,2,2,83
N0233V2S1A06R2.avi,1,6,2,2,233
N0082V1S1A48R2.avi,1,48,1,2,82
N0221V3S1A49R2.avi,1,49,3,2,221
N0341V1S1A45R2.avi,1,45,1,2,341
N0282V3S1A51R2.avi,1,51,3,2,282
N0047V2S1A13R2.avi,1,13,2,2,47
N0347V3S1A39R2.avi,1,39,3,2,347
N0242V1S1A38R2.avi,1,38,1,2,242
N0014V2S1A12R2.avi,1,12,2,2,14
N0191V3S1A43R2.avi,1,43,3,2,191
N0173V3S1A09R2.avi,1,9,3,2,173
N0101V1S1A04R2.avi,1,4,1,2,101
N0113V2S1A37R2.avi,1,37,2,2,113
N0193V2S1A05R2.avi,1,5,2,2,193
N0061V3S1A17R2.avi,1,17,3,2,61
N0335V1S1A49R2.avi,1,49,1,2,335
N0269V3S1A25R2.avi,1,25,3,2,269
N0138V2S1A19R2.avi,1,19,2,2,138
N0182V3S1A19R2.avi,1,19,3,2,182
N0018V1S1A49R2.avi,1,49,1,2,18
N0241V1S1A23R2.avi,1,23,1,2,241
N0159V2S1A42R1.avi,1,42,2,1,159
N0021V3S1A22R2.avi,1,22,3,2,21
N0111V2S1A05R2.avi,1,5,2,2,111
N0192V2S1A10R2.avi,1,10,2,2,192
N0061V2S1A09R2.avi,1,9,2,2,61
N0003V2S1A23R2.avi,1,23,2,2,3
N0217V2S1A05R2.avi,1,5,2,2,217
N0188V3S1A01R2.avi,1,1,3,2,188
N0098V2S1A22R2.avi,1,22,2,2,98
N0217V2S1A35R2.avi,1,35,2,2,217
N0108V2S1A30R2.avi,1,30,2,2,108
N0348V1S1A18R2.avi,1,18,1,2,348
N0175V1S1A18R2.avi,1,18,1,2,175
N0091V3S1A04R2.avi,1,4,3,2,91
N0056V1S1A34R2.avi,1,34,1,2,56
N0237V3S1A49R2.avi,1,49,3,2,237
N0288V3S1A13R2.avi,1,13,3,2,288
N0099V2S1A07R2.avi,1,7,2,2,99
N0168V2S1A19R2.avi,1,19,2,2,168
N0194V3S1A14R2.avi,1,14,3,2,194
N0039V2S1A32R2.avi,1,32,2,2,39
N0193V1S1A38R2.avi,1,38,1,2,193
N0151V1S1A48R2.avi,1,48,1,2,151
N0208V1S1A41R2.avi,1,41,1,2,208
N0340V2S1A42R2.avi,1,42,2,2,340
N0277V3S1A15R2.avi,1,15,3,2,277
N0157V2S1A13R2.avi,1,13,2,2,157
N0033V1S1A29R2.avi,1,29,1,2,33
N0209V2S1A48R2.avi,1,48,2,2,209
N0340V3S1A42R2.avi,1,42,3,2,340
N0160V1S1A49R2.avi,1,49,1,2,160
N0174V2S1A21R2.avi,1,21,2,2,174
N0278V3S1A38R2.avi,1,38,3,2,278
N0139V1S1A32R2.avi,1,32,1,2,139
N0024V3S1A24R2.avi,1,24,3,2,24
N0080V2S1A38R2.avi,1,38,2,2,80
N0181V2S1A45R2.avi,1,45,2,2,181
N0116V2S1A03R2.avi,1,3,2,2,116
N0088V1S1A35R2.avi,1,35,1,2,88
N0196V2S1A44R2.avi,1,44,2,2,196
N0208V2S1A17R2.avi,1,17,2,2,208
N0181V1S1A05R2.avi,1,5,1,2,181
N0172V2S1A30R2.avi,1,30,2,2,172
N0096V2S1A46R2.avi,1,46,2,2,96
N0139V2S1A38R2.avi,1,38,2,2,139
N0116V2S1A38R2.avi,1,38,2,2,116
N0106V3S1A08R2.avi,1,8,3,2,106
N0087V1S1A22R2.avi,1,22,1,2,87
N0012V2S1A50R2.avi,1,50,2,2,12
N0101V3S1A15R2.avi,1,15,3,2,101
N0197V1S1A15R2.avi,1,15,1,2,197
N0053V1S1A42R2.avi,1,42,1,2,53
N0051V2S1A43R2.avi,1,43,2,2,51
N0051V1S1A41R2.avi,1,41,1,2,51
N0027V2S1A42R2.avi,1,42,2,2,27
N0360V3S1A19R2.avi,1,19,3,2,360
N0336V2S1A41R2.avi,1,41,2,2,336
N0239V1S1A37R2.avi,1,37,1,2,239
N0161V3S1A32R2.avi,1,32,3,2,161
N0288V1S1A06R2.avi,1,6,1,2,288
N0160V2S1A49R2.avi,1,49,2,2,160
N0197V1S1A19R2.avi,1,19,1,2,197
N0360V1S1A09R2.avi,1,9,1,2,360
N0132V1S1A33R2.avi,1,33,1,2,132
N0211V2S1A02R2.avi,1,2,2,2,211
N0096V2S1A51R2.avi,1,51,2,2,96
N0199V1S1A13R2.avi,1,13,1,2,199
N0261V1S1A21R2.avi,1,21,1,2,261
N0202V3S1A04R2.avi,1,4,3,2,202
N0206V2S1A08R2.avi,1,8,2,2,206
N0087V2S1A17R2.avi,1,17,2,2,87
N0287V1S1A06R2.avi,1,6,1,2,287
N0150V1S1A19R2.avi,1,19,1,2,150
N0085V1S1A14R2.avi,1,14,1,2,85
N0009V1S1A43R2.avi,1,43,1,2,9
N0288V2S1A04R2.avi,1,4,2,2,288
N0359V3S1A26R2.avi,1,26,3,2,359
N0022V1S1A03R2.avi,1,3,1,2,22
N0106V2S1A35R2.avi,1,35,2,2,106
N0193V1S1A30R2.avi,1,30,1,2,193
N0133V1S1A45R2.avi,1,45,1,2,133
N0103V1S1A38R2.avi,1,38,1,2,103
N0357V3S1A10R2.avi,1,10,3,2,357
N0121V3S1A36R1.avi,1,36,3,1,121
N0127V3S1A36R2.avi,1,36,3,2,127
N0356V2S1A19R2.avi,1,19,2,2,356
N0114V1S1A24R2.avi,1,24,1,2,114
N0137V3S1A06R2.avi,1,6,3,2,137
N0158V3S1A36R2.avi,1,36,3,2,158
N0197V3S1A43R2.avi,1,43,3,2,197
N0344V1S1A20R2.avi,1,20,1,2,344
N0116V2S1A04R2.avi,1,4,2,2,116
N0019V3S1A45R0.avi,1,45,3,0,19
N0177V3S1A20R2.avi,1,20,3,2,177
N0101V1S1A20R2.avi,1,20,1,2,101
N0194V2S1A26R2.avi,1,26,2,2,194
N0080V2S1A23R2.avi,1,23,2,2,80
N0003V3S1A04R2.avi,1,4,3,2,3
N0285V2S1A16R2.avi,1,16,2,2,285
N0361V1S1A13R2.avi,1,13,1,2,361
N0116V3S1A23R2.avi,1,23,3,2,116
N0224V1S1A21R2.avi,1,21,1,2,224
N0123V2S1A32R2.avi,1,32,2,2,123
N0041V2S1A05R2.avi,1,5,2,2,41
N0147V2S1A22R2.avi,1,22,2,2,147
N0262V2S1A34R2.avi,1,34,2,2,262
N0179V1S1A11R2.avi,1,11,1,2,179
N0351V2S1A33R2.avi,1,33,2,2,351
N0178V3S1A38R2.avi,1,38,3,2,178
N0017V2S1A22R2.avi,1,22,2,2,17
N0100V3S1A01R2.avi,1,1,3,2,100
N0106V2S1A38R2.avi,1,38,2,2,106
N0197V2S1A49R2.avi,1,49,2,2,197
N0361V3S1A36R2.avi,1,36,3,2,361
N0168V2S1A02R2.avi,1,2,2,2,168
N0128V1S1A03R2.avi,1,3,1,2,128
N0043V1S1A08R2.avi,1,8,1,2,43
N0109V2S1A20R2.avi,1,20,2,2,109
N0146V2S1A08R2.avi,1,8,2,2,146
N0338V2S1A27R2.avi,1,27,2,2,338
N0101V2S1A09R2.avi,1,9,2,2,101
N0047V3S1A15R2.avi,1,15,3,2,47
N0067V2S1A22R2.avi,1,22,2,2,67
N0112V3S1A19R2.avi,1,19,3,2,112
N0251V3S1A44R2.avi,1,44,3,2,251
N0226V3S1A45R2.avi,1,45,3,2,226
N0343V3S1A34R2.avi,1,34,3,2,343
N0281V2S1A08R2.avi,1,8,2,2,281
N0360V2S1A05R2.avi,1,5,2,2,360
N0109V3S1A42R1.avi,1,42,3,1,109
N0193V2S1A20R2.avi,1,20,2,2,193
N0341V2S1A13R2.avi,1,13,2,2,341
N0148V1S1A30R2.avi,1,30,1,2,148
N0069V2S1A44R2.avi,1,44,2,2,69
N0076V3S1A08R2.avi,1,8,3,2,76
N0197V3S1A28R0.avi,1,28,3,0,197
N0112V1S1A28R2.avi,1,28,1,2,112
N0154V2S1A18R2.avi,1,18,2,2,154
N0107V1S1A22R2.avi,1,22,1,2,107
N0172V2S1A33R2.avi,1,33,2,2,172
N0262V2S1A25R2.avi,1,25,2,2,262
N0199V3S1A33R2.avi,1,33,3,2,199
N0012V1S1A30R2.avi,1,30,1,2,12
N0118V3S1A49R2.avi,1,49,3,2,118
N0282V2S1A45R2.avi,1,45,2,2,282
N0200V2S1A43R2.avi,1,43,2,2,200
N0147V2S1A31R2.avi,1,31,2,2,147
N0001V3S1A43R2.avi,1,43,3,2,1
N0141V3S1A15R2.avi,1,15,3,2,141
N0121V3S1A20R2.avi,1,20,3,2,121
N0176V2S1A38R2.avi,1,38,2,2,176
N0233V2S1A42R2.avi,1,42,2,2,233
N0242V2S1A51R2.avi,1,51,2,2,242
N0216V2S1A34R2.avi,1,34,2,2,216
N0135V3S1A16R2.avi,1,16,3,2,135
N0005V1S1A18R2.avi,1,18,1,2,5
N0221V2S1A13R2.avi,1,13,2,2,221
N0051V2S1A50R2.avi,1,50,2,2,51
N0131V2S1A43R2.avi,1,43,2,2,131
N0264V2S1A05R2.avi,1,5,2,2,264
N0038V1S1A36R2.avi,1,36,1,2,38
N0258V2S1A28R2.avi,1,28,2,2,258
N0131V3S1A31R2.avi,1,31,3,2,131
N0014V1S1A18R2.avi,1,18,1,2,14
N0021V2S1A13R2.avi,1,13,2,2,21
N0277V1S1A07R2.avi,1,7,1,2,277
N0277V3S1A45R2.avi,1,45,3,2,277
N0261V1S1A26R2.avi,1,26,1,2,261
N0266V3S1A31R2.avi,1,31,3,2,266
N0040V1S1A34R2.avi,1,34,1,2,40
N0137V1S1A30R2.avi,1,30,1,2,137
N0089V3S1A31R2.avi,1,31,3,2,89
N0237V1S1A37R2.avi,1,37,1,2,237
N0012V3S1A02R2.avi,1,2,3,2,12
N0256V1S1A17R2.avi,1,17,1,2,256
N0210V1S1A25R2.avi,1,25,1,2,210
N0038V3S1A07R2.avi,1,7,3,2,38
N0009V3S1A05R2.avi,1,5,3,2,9
N0191V3S1A02R2.avi,1,2,3,2,191
N0212V3S1A33R2.avi,1,33,3,2,212
N0025V1S1A26R2.avi,1,26,1,2,25
N0092V2S1A25R2.avi,1,25,2,2,92
N0353V1S1A11R2.avi,1,11,1,2,353
N0336V2S1A15R2.avi,1,15,2,2,336
N0151V3S1A23R2.avi,1,23,3,2,151
N0080V1S1A08R2.avi,1,8,1,2,80
N0213V3S1A51R2.avi,1,51,3,2,213
N0082V2S1A50R2.avi,1,50,2,2,82
N0221V2S1A03R2.avi,1,3,2,2,221
N0176V3S1A09R2.avi,1,9,3,2,176
N0020V2S1A51R2.avi,1,51,2,2,20
N0356V2S1A40R2.avi,1,40,2,2,356
N0110V3S1A34R2.avi,1,34,3,2,110
N0211V3S1A49R2.avi,1,49,3,2,211
N0049V1S1A11R2.avi,1,11,1,2,49
N0342V3S1A29R2.avi,1,29,3,2,342
N0343V2S1A33R2.avi,1,33,2,2,343
N0129V2S1A29R2.avi,1,29,2,2,129
N0004V1S1A21R2.avi,1,21,1,2,4
N0194V2S1A12R2.avi,1,12,2,2,194
N0275V3S1A38R2.avi,1,38,3,2,275
N0048V1S1A03R2.avi,1,3,1,2,48
N0061V1S1A38R2.avi,1,38,1,2,61
N0157V2S1A07R2.avi,1,7,2,2,157
N0238V1S1A48R2.avi,1,48,1,2,238
N0255V2S1A21R2.avi,1,21,2,2,255
N0075V1S1A14R2.avi,1,14,1,2,75
N0018V2S1A28R0.avi,1,28,2,0,18
N0038V2S1A34R2.avi,1,34,2,2,38
N0130V3S1A48R2.avi,1,48,3,2,130
N0140V3S1A40R2.avi,1,40,3,2,140
N0115V1S1A26R2.avi,1,26,1,2,115
N0090V3S1A03R2.avi,1,3,3,2,90
N0020V2S1A49R1.avi,1,49,2,1,20
N0098V2S1A34R2.avi,1,34,2,2,98
N0212V2S1A42R2.avi,1,42,2,2,212
N0208V3S1A51R2.avi,1,51,3,2,208
N0124V3S1A12R2.avi,1,12,3,2,124
N0121V3S1A17R2.avi,1,17,3,2,121
N0226V3S1A40R2.avi,1,40,3,2,226
N0344V2S1A20R2.avi,1,20,2,2,344
N0155V2S1A26R2.avi,1,26,2,2,155
N0163V3S1A20R2.avi,1,20,3,2,163
N0099V1S1A10R2.avi,1,10,1,2,99
N0237V3S1A30R2.avi,1,30,3,2,237
N0027V3S1A11R2.avi,1,11,3,2,27
N0077V3S1A15R2.avi,1,15,3,2,77
N0200V3S1A10R2.avi,1,10,3,2,200
N0206V2S1A13R2.avi,1,13,2,2,206
N0131V2S1A06R2.avi,1,6,2,2,131
N0058V1S1A47R2.avi,1,47,1,2,58
N0082V3S1A35R2.avi,1,35,3,2,82
N0050V3S1A08R2.avi,1,8,3,2,50
N0111V3S1A45R2.avi,1,45,3,2,111
N0117V1S1A36R2.avi,1,36,1,2,117
N0038V1S1A46R2.avi,1,46,1,2,38
N0029V2S1A22R2.avi,1,22,2,2,29
N0002V1S1A01R2.avi,1,1,1,2,2
N0162V2S1A32R2.avi,1,32,2,2,162
N0155V3S1A12R2.avi,1,12,3,2,155
N0116V3S1A34R2.avi,1,34,3,2,116
N0083V1S1A29R2.avi,1,29,1,2,83
N0357V2S1A29R2.avi,1,29,2,2,357
N0037V2S1A41R2.avi,1,41,2,2,37
N0280V2S1A36R2.avi,1,36,2,2,280
N0118V1S1A29R2.avi,1,29,1,2,118
N0078V1S1A30R2.avi,1,30,1,2,78
N0356V3S1A03R2.avi,1,3,3,2,356
N0353V3S1A07R2.avi,1,7,3,2,353
N0083V3S1A39R2.avi,1,39,3,2,83
N0250V3S1A28R2.avi,1,28,3,2,250
N0191V3S1A32R2.avi,1,32,3,2,191
N0132V2S1A35R2.avi,1,35,2,2,132
N0071V2S1A45R2.avi,1,45,2,2,71
N0013V1S1A29R2.avi,1,29,1,2,13
N0029V3S1A19R2.avi,1,19,3,2,29
N0020V1S1A51R2.avi,1,51,1,2,20
N0038V3S1A46R2.avi,1,46,3,2,38
N0044V3S1A14R2.avi,1,14,3,2,44
N0256V1S1A10R2.avi,1,10,1,2,256
N0346V3S1A49R2.avi,1,49,3,2,346
N0113V3S1A50R2.avi,1,50,3,2,113
N0237V3S1A43R2.avi,1,43,3,2,237
N0162V1S1A34R2.avi,1,34,1,2,162
N0147V3S1A38R2.avi,1,38,3,2,147
N0268V2S1A20R2.avi,1,20,2,2,268
N0109V1S1A43R2.avi,1,43,1,2,109
N0187V3S1A01R2.avi,1,1,3,2,187
N0210V2S1A44R2.avi,1,44,2,2,210
N0106V2S1A48R2.avi,1,48,2,2,106
N0228V2S1A37R2.avi,1,37,2,2,228
N0196V1S1A47R2.avi,1,47,1,2,196
N0351V3S1A34R2.avi,1,34,3,2,351
N0269V2S1A22R2.avi,1,22,2,2,269
N0351V3S1A33R2.avi,1,33,3,2,351
N0268V3S1A51R2.avi,1,51,3,2,268
N0186V3S1A47R2.avi,1,47,3,2,186
N0042V1S1A02R2.avi,1,2,1,2,42
N0110V1S1A40R2.avi,1,40,1,2,110
N0356V1S1A44R2.avi,1,44,1,2,356
N0103V2S1A19R2.avi,1,19,2,2,103
N0147V3S1A02R2.avi,1,2,3,2,147
N0011V2S1A45R2.avi,1,45,2,2,11
N0179V2S1A15R2.avi,1,15,2,2,179
N0216V1S1A34R2.avi,1,34,1,2,216
N0194V2S1A18R2.avi,1,18,2,2,194
N0257V1S1A47R2.avi,1,47,1,2,257
N0255V1S1A18R2.avi,1,18,1,2,255
N0285V3S1A16R2.avi,1,16,3,2,285
N0090V1S1A51R2.avi,1,51,1,2,90
N0186V3S1A30R2.avi,1,30,3,2,186
N0253V2S1A41R2.avi,1,41,2,2,253
N0043V3S1A38R2.avi,1,38,3,2,43
N0109V2S1A23R2.avi,1,23,2,2,109
N0265V1S1A39R2.avi,1,39,1,2,265
N0112V2S1A22R2.avi,1,22,2,2,112
N0274V1S1A36R2.avi,1,36,1,2,274
N0273V3S1A15R2.avi,1,15,3,2,273
N0083V3S1A19R2.avi,1,19,3,2,83
N0264V2S1A06R2.avi,1,6,2,2,264
N0151V3S1A50R2.avi,1,50,3,2,151
N0283V2S1A50R2.avi,1,50,2,2,283
N0230V2S1A13R2.avi,1,13,2,2,230
N0265V2S1A10R2.avi,1,10,2,2,265
N0362V1S1A37R2.avi,1,37,1,2,362
N0098V2S1A41R2.avi,1,41,2,2,98
N0220V1S1A34R2.avi,1,34,1,2,220
N0048V1S1A37R2.avi,1,37,1,2,48
N0031V3S1A15R2.avi,1,15,3,2,31
N0237V3S1A05R2.avi,1,5,3,2,237
N0040V1S1A28R2.avi,1,28,1,2,40
N0110V2S1A22R2.avi,1,22,2,2,110
N0361V2S1A35R2.avi,1,35,2,2,361
N0108V2S1A47R2.avi,1,47,2,2,108
N0121V1S1A32R2.avi,1,32,1,2,121
N0228V1S1A46R2.avi,1,46,1,2,228
N0112V2S1A08R2.avi,1,8,2,2,112
N0273V3S1A31R2.avi,1,31,3,2,273
N0139V2S1A29R2.avi,1,29,2,2,139
N0142V2S1A02R2.avi,1,2,2,2,142
N0233V2S1A33R2.avi,1,33,2,2,233
N0082V1S1A30R2.avi,1,30,1,2,82
N0042V3S1A30R1.avi,1,30,3,1,42
N0346V3S1A33R2.avi,1,33,3,2,346
N0010V3S1A10R2.avi,1,10,3,2,10
N0361V2S1A48R2.avi,1,48,2,2,361
N0100V2S1A33R2.avi,1,33,2,2,100
N0044V2S1A14R2.avi,1,14,2,2,44
N0129V3S1A25R2.avi,1,25,3,2,129
N0136V3S1A22R2.avi,1,22,3,2,136
N0258V3S1A35R2.avi,1,35,3,2,258
N0093V1S1A39R2.avi,1,39,1,2,93
N0252V2S1A02R2.avi,1,2,2,2,252
N0107V1S1A41R2.avi,1,41,1,2,107
N0191V2S1A43R2.avi,1,43,2,2,191
N0289V1S1A30R2.avi,1,30,1,2,289
N0113V2S1A07R2.avi,1,7,2,2,113
N0121V1S1A46R2.avi,1,46,1,2,121
N0048V2S1A17R2.avi,1,17,2,2,48
N0094V3S1A18R2.avi,1,18,3,2,94
N0055V1S1A12R2.avi,1,12,1,2,55
N0077V2S1A41R2.avi,1,41,2,2,77
N0238V2S1A36R2.avi,1,36,2,2,238
N0085V1S1A26R2.avi,1,26,1,2,85
N0145V3S1A14R2.avi,1,14,3,2,145
N0063V2S1A23R2.avi,1,23,2,2,63
N0132V2S1A40R2.avi,1,40,2,2,132
N0179V2S1A43R2.avi,1,43,2,2,179
N0187V1S1A05R2.avi,1,5,1,2,187
N0075V1S1A16R2.avi,1,16,1,2,75
N0282V2S1A31R2.avi,1,31,2,2,282
N0346V3S1A05R2.avi,1,5,3,2,346
N0168V1S1A36R2.avi,1,36,1,2,168
N0355V1S1A47R2.avi,1,47,1,2,355
N0284V2S1A24R2.avi,1,24,2,2,284
N0018V2S1A03R2.avi,1,3,2,2,18
N0169V2S1A17R2.avi,1,17,2,2,169
N0207V2S1A40R2.avi,1,40,2,2,207
N0070V3S1A01R2.avi,1,1,3,2,70
N0269V3S1A44R2.avi,1,44,3,2,269
N0362V1S1A20R2.avi,1,20,1,2,362
N0017V1S1A31R1.avi,1,31,1,1,17
N0256V1S1A29R2.avi,1,29,1,2,256
N0157V2S1A17R2.avi,1,17,2,2,157
N0181V2S1A31R2.avi,1,31,2,2,181
N0118V3S1A34R2.avi,1,34,3,2,118
N0097V1S1A48R2.avi,1,48,1,2,97
N0334V3S1A08R2.avi,1,8,3,2,334
N0136V3S1A29R2.avi,1,29,3,2,136
N0143V1S1A37R2.avi,1,37,1,2,143
N0217V3S1A09R2.avi,1,9,3,2,217
N0096V3S1A46R2.avi,1,46,3,2,96
N0181V2S1A11R2.avi,1,11,2,2,181
N0068V1S1A35R2.avi,1,35,1,2,68
N0130V1S1A41R2.avi,1,41,1,2,130
N0041V2S1A09R2.avi,1,9,2,2,41
N0230V2S1A03R2.avi,1,3,2,2,230
N0146V3S1A38R2.avi,1,38,3,2,146
N0275V2S1A32R2.avi,1,32,2,2,275
N0046V2S1A28R2.avi,1,28,2,2,46
N0143V2S1A42R1.avi,1,42,2,1,143
N0136V3S1A06R2.avi,1,6,3,2,136
N0133V1S1A43R2.avi,1,43,1,2,133
N0279V2S1A41R2.avi,1,41,2,2,279
N0082V3S1A37R2.avi,1,37,3,2,82
N0082V3S1A02R2.avi,1,2,3,2,82
N0205V2S1A12R2.avi,1,12,2,2,205
N0199V3S1A25R2.avi,1,25,3,2,199
N0151V3S1A47R2.avi,1,47,3,2,151
N0072V3S1A47R2.avi,1,47,3,2,72
N0169V3S1A17R2.avi,1,17,3,2,169
N0016V1S1A47R2.avi,1,47,1,2,16
N0354V1S1A19R2.avi,1,19,1,2,354
N0283V1S1A50R2.avi,1,50,1,2,283
N0144V1S1A18R2.avi,1,18,1,2,144
N0358V3S1A24R2.avi,1,24,3,2,358
N0073V2S1A10R2.avi,1,10,2,2,73
N0090V1S1A38R2.avi,1,38,1,2,90
N0142V1S1A30R2.avi,1,30,1,2,142
N0157V1S1A04R2.avi,1,4,1,2,157
N0172V2S1A22R2.avi,1,22,2,2,172
N0022V3S1A47R2.avi,1,47,3,2,22
N0170V1S1A35R2.avi,1,35,1,2,170
N0170V1S1A40R1.avi,1,40,1,1,170
N0119V1S1A11R2.avi,1,11,1,2,119
N0073V1S1A11R2.avi,1,11,1,2,73
N0173V1S1A04R2.avi,1,4,1,2,173
N0202V2S1A41R2.avi,1,41,2,2,202
N0057V3S1A13R2.avi,1,13,3,2,57
N0217V2S1A13R2.avi,1,13,2,2,217
N0052V3S1A51R2.avi,1,51,3,2,52
N0214V3S1A26R2.avi,1,26,3,2,214
N0069V3S1A32R2.avi,1,32,3,2,69
N0035V2S1A21R2.avi,1,21,2,2,35
N0026V2S1A36R1.avi,1,36,2,1,26
N0181V2S1A17R2.avi,1,17,2,2,181
N0141V3S1A22R2.avi,1,22,3,2,141
N0048V1S1A48R2.avi,1,48,1,2,48
N0261V3S1A21R2.avi,1,21,3,2,261
N0267V2S1A13R2.avi,1,13,2,2,267
N0065V1S1A18R2.avi,1,18,1,2,65
N0142V3S1A08R2.avi,1,8,3,2,142
N0050V2S1A37R2.avi,1,37,2,2,50
N0169V1S1A11R2.avi,1,11,1,2,169
N0039V1S1A45R2.avi,1,45,1,2,39
N0288V3S1A22R2.avi,1,22,3,2,288
N0286V2S1A28R2.avi,1,28,2,2,286
N0110V1S1A23R1.avi,1,23,1,1,110
N0146V3S1A47R2.avi,1,47,3,2,146
N0169V2S1A40R2.avi,1,40,2,2,169
N0179V2S1A50R2.avi,1,50,2,2,179
N0098V3S1A37R2.avi,1,37,3,2,98
N0281V3S1A19R2.avi,1,19,3,2,281
N0279V1S1A41R2.avi,1,41,1,2,279
N0106V3S1A47R2.avi,1,47,3,2,106
N0161V1S1A41R2.avi,1,41,1,2,161
N0128V2S1A49R2.avi,1,49,2,2,128
N0049V2S1A10R2.avi,1,10,2,2,49
N0191V1S1A49R2.avi,1,49,1,2,191
N0274V1S1A44R2.avi,1,44,1,2,274
N0141V1S1A19R2.avi,1,19,1,2,141
N0017V1S1A06R2.avi,1,6,1,2,17
N0061V1S1A44R2.avi,1,44,1,2,61
N0272V1S1A07R2.avi,1,7,1,2,272
N0183V2S1A29R2.avi,1,29,2,2,183
N0041V3S1A09R2.avi,1,9,3,2,41
N0360V3S1A51R2.avi,1,51,3,2,360
N0198V3S1A40R2.avi,1,40,3,2,198
N0217V1S1A28R2.avi,1,28,1,2,217
N0274V3S1A33R2.avi,1,33,3,2,274
N0119V2S1A43R2.avi,1,43,2,2,119
N0158V1S1A36R2.avi,1,36,1,2,158
N0258V2S1A04R2.avi,1,4,2,2,258
N0179V3S1A09R2.avi,1,9,3,2,179
N0189V3S1A42R1.avi,1,42,3,1,189
N0349V2S1A16R2.avi,1,16,2,2,349
N0210V2S1A22R2.avi,1,22,2,2,210
N0215V1S1A18R2.avi,1,18,1,2,215
N0066V2S1A35R2.avi,1,35,2,2,66
N0216V2S1A51R2.avi,1,51,2,2,216
N0354V1S1A22R2.avi,1,22,1,2,354
N0157V3S1A22R2.avi,1,22,3,2,157
N0222V3S1A23R2.avi,1,23,3,2,222
N0080V1S1A23R2.avi,1,23,1,2,80
N0202V1S1A07R2.avi,1,7,1,2,202
N0103V2S1A22R2.avi,1,22,2,2,103
N0011V2S1A05R2.avi,1,5,2,2,11
N0052V1S1A28R2.avi,1,28,1,2,52
N0078V2S1A25R2.avi,1,25,2,2,78
N0108V2S1A48R2.avi,1,48,2,2,108
N0279V3S1A33R2.avi,1,33,3,2,279
N0091V1S1A45R2.avi,1,45,1,2,91
N0357V2S1A23R2.avi,1,23,2,2,357
N0112V3S1A08R2.avi,1,8,3,2,112
N0205V2S1A21R2.avi,1,21,2,2,205
N0070V2S1A38R2.avi,1,38,2,2,70
N0057V3S1A40R2.avi,1,40,3,2,57
N0071V3S1A15R2.avi,1,15,3,2,71
N0262V3S1A36R2.avi,1,36,3,2,262
N0210V3S1A39R2.avi,1,39,3,2,210
N0037V3S1A41R2.avi,1,41,3,2,37
N0176V2S1A30R2.avi,1,30,2,2,176
N0204V1S1A26R2.avi,1,26,1,2,204
N0116V1S1A08R2.avi,1,8,1,2,116
N0266V3S1A29R2.avi,1,29,3,2,266
N0273V3S1A06R2.avi,1,6,3,2,273
N0227V3S1A05R2.avi,1,5,3,2,227
N0007V3S1A19R2.avi,1,19,3,2,7
N0063V3S1A43R2.avi,1,43,3,2,63
N0198V3S1A17R2.avi,1,17,3,2,198
N0237V2S1A33R2.avi,1,33,2,2,237
N0209V3S1A33R2.avi,1,33,3,2,209
N0004V2S1A14R2.avi,1,14,2,2,4
N0354V2S1A40R2.avi,1,40,2,2,354
N0176V2S1A49R2.avi,1,49,2,2,176
N0163V3S1A13R2.avi,1,13,3,2,163
N0062V1S1A36R2.avi,1,36,1,2,62
N0031V2S1A29R2.avi,1,29,2,2,31
N0041V1S1A11R2.avi,1,11,1,2,41
N0263V3S1A44R2.avi,1,44,3,2,263
N0217V2S1A49R2.avi,1,49,2,2,217
N0287V1S1A42R2.avi,1,42,1,2,287
N0132V3S1A02R2.avi,1,2,3,2,132
N0265V2S1A29R2.avi,1,29,2,2,265
N0280V1S1A25R2.avi,1,25,1,2,280
N0070V3S1A49R2.avi,1,49,3,2,70
N0078V1S1A07R2.avi,1,7,1,2,78
N0337V2S1A28R2.avi,1,28,2,2,337
N0095V1S1A16R2.avi,1,16,1,2,95
N0089V3S1A29R2.avi,1,29,3,2,89
N0112V1S1A09R2.avi,1,9,1,2,112
N0048V3S1A09R1.avi,1,9,3,1,48
N0190V3S1A51R2.avi,1,51,3,2,190
N0201V2S1A15R2.avi,1,15,2,2,201
N0164V3S1A16R2.avi,1,16,3,2,164
N0120V1S1A50R1.avi,1,50,1,1,120
N0067V2S1A41R2.avi,1,41,2,2,67
N0337V1S1A35R2.avi,1,35,1,2,337
N0189V1S1A11R2.avi,1,11,1,2,189
N0050V3S1A10R2.avi,1,10,3,2,50
N0262V1S1A34R2.avi,1,34,1,2,262
N0219V1S1A09R2.avi,1,9,1,2,219
N0012V3S1A01R2.avi,1,1,3,2,12
N0057V3S1A05R2.avi,1,5,3,2,57
N0360V3S1A07R2.avi,1,7,3,2,360
N0033V3S1A42R2.avi,1,42,3,2,33
N0026V3S1A35R2.avi,1,35,3,2,26
N0062V3S1A34R2.avi,1,34,3,2,62
N0349V1S1A26R2.avi,1,26,1,2,349
N0108V1S1A13R2.avi,1,13,1,2,108
N0039V1S1A29R2.avi,1,29,1,2,39
N0268V1S1A50R2.avi,1,50,1,2,268
N0251V3S1A43R2.avi,1,43,3,2,251
N0083V3S1A09R2.avi,1,9,3,2,83
N0197V1S1A46R2.avi,1,46,1,2,197
N0133V1S1A06R2.avi,1,6,1,2,133
N0226V2S1A04R2.avi,1,4,2,2,226
N0336V2S1A19R2.avi,1,19,2,2,336
N0031V3S1A06R2.avi,1,6,3,2,31
N0196V3S1A50R2.avi,1,50,3,2,196
N0341V1S1A38R2.avi,1,38,1,2,341
N0086V2S1A19R2.avi,1,19,2,2,86
N0283V3S1A09R2.avi,1,9,3,2,283
N0047V1S1A40R2.avi,1,40,1,2,47
N0244V2S1A16R2.avi,1,16,2,2,244
N0223V3S1A38R2.avi,1,38,3,2,223
N0049V2S1A19R2.avi,1,19,2,2,49
N0226V2S1A07R2.avi,1,7,2,2,226
N0180V1S1A23R2.avi,1,23,1,2,180
N0173V2S1A29R2.avi,1,29,2,2,173
N0082V1S1A50R2.avi,1,50,1,2,82
N0126V3S1A41R2.avi,1,41,3,2,126
N0339V1S1A16R2.avi,1,16,1,2,339
N0108V1S1A40R2.avi,1,40,1,2,108
N0101V2S1A13R2.avi,1,13,2,2,101
N0253V2S1A50R2.avi,1,50,2,2,253
N0031V2S1A42R2.avi,1,42,2,2,31
N0021V2S1A22R2.avi,1,22,2,2,21
N0076V1S1A47R2.avi,1,47,1,2,76
N0090V3S1A34R2.avi,1,34,3,2,90
N0049V3S1A41R2.avi,1,41,3,2,49
N0100V2S1A36R1.avi,1,36,2,1,100
N0038V2S1A37R2.avi,1,37,2,2,38
N0065V1S1A26R2.avi,1,26,1,2,65
N0111V2S1A44R2.avi,1,44,2,2,111
N0217V1S1A37R2.avi,1,37,1,2,217
N0045V2S1A18R2.avi,1,18,2,2,45
N0091V2S1A50R2.avi,1,50,2,2,91
N0216V1S1A08R2.avi,1,8,1,2,216
N0187V3S1A04R2.avi,1,4,3,2,187
N0120V3S1A02R2.avi,1,2,3,2,120
N0102V2S1A33R2.avi,1,33,2,2,102
N0228V1S1A23R2.avi,1,23,1,2,228
N0209V2S1A05R2.avi,1,5,2,2,209
N0091V3S1A15R2.avi,1,15,3,2,91
N0168V1S1A33R2.avi,1,33,1,2,168
N0030V3S1A47R2.avi,1,47,3,2,30
N0266V1S1A10R2.avi,1,10,1,2,266
N0217V3S1A05R2.avi,1,5,3,2,217
N0153V2S1A44R2.avi,1,44,2,2,153
N0189V1S1A09R2.avi,1,9,1,2,189
N0352V3S1A15R2.avi,1,15,3,2,352
N0233V3S1A34R2.avi,1,34,3,2,233
N0337V3S1A45R2.avi,1,45,3,2,337
N0194V1S1A27R2.avi,1,27,1,2,194
N0184V1S1A27R2.avi,1,27,1,2,184
N0282V3S1A40R2.avi,1,40,3,2,282
N0033V3S1A19R2.avi,1,19,3,2,33
N0279V1S1A33R2.avi,1,33,1,2,279
N0161V3S1A43R2.avi,1,43,3,2,161
N0213V2S1A07R2.avi,1,7,2,2,213
N0234V1S1A16R2.avi,1,16,1,2,234
N0056V3S1A10R2.avi,1,10,3,2,56
N0112V3S1A02R2.avi,1,2,3,2,112
N0037V3S1A20R2.avi,1,20,3,2,37
N0356V3S1A37R2.avi,1,37,3,2,356
N0237V2S1A36R2.avi,1,36,2,2,237
N0169V1S1A45R2.avi,1,45,1,2,169
N0255V2S1A27R2.avi,1,27,2,2,255
N0001V1S1A22R2.avi,1,22,1,2,1
N0136V3S1A03R2.avi,1,3,3,2,136
N0189V1S1A17R2.avi,1,17,1,2,189
N0108V1S1A17R2.avi,1,17,1,2,108
N0025V1S1A12R2.avi,1,12,1,2,25
N0244V2S1A21R2.avi,1,21,2,2,244
N0036V2S1A10R2.avi,1,10,2,2,36
N0258V1S1A45R2.avi,1,45,1,2,258
N0125V3S1A24R2.avi,1,24,3,2,125
N0245V3S1A26R2.avi,1,26,3,2,245
N0007V2S1A23R2.avi,1,23,2,2,7
N0354V2S1A43R2.avi,1,43,2,2,354
N0100V3S1A47R2.avi,1,47,3,2,100
N0191V3S1A46R2.avi,1,46,3,2,191
N0092V1S1A03R2.avi,1,3,1,2,92
N0013V3S1A45R2.avi,1,45,3,2,13
N0203V2S1A49R2.avi,1,49,2,2,203
N0062V2S1A33R2.avi,1,33,2,2,62
N0250V3S1A09R1.avi,1,9,3,1,250
N0172V1S1A36R2.avi,1,36,1,2,172
N0267V2S1A29R2.avi,1,29,2,2,267
N0051V1S1A20R2.avi,1,20,1,2,51
N0211V1S1A28R2.avi,1,28,1,2,211
N0171V3S1A22R2.avi,1,22,3,2,171
N0207V3S1A09R2.avi,1,9,3,2,207
N0053V2S1A19R2.avi,1,19,2,2,53
N0230V1S1A46R2.avi,1,46,1,2,230
N0341V2S1A11R2.avi,1,11,2,2,341
N0090V1S1A02R2.avi,1,2,1,2,90
N0278V3S1A48R2.avi,1,48,3,2,278
N0164V1S1A21R2.avi,1,21,1,2,164
N0202V2S1A39R2.avi,1,39,2,2,202
N0265V3S1A10R2.avi,1,10,3,2,265
N0140V1S1A34R2.avi,1,34,1,2,140
N0187V1S1A22R2.avi,1,22,1,2,187
N0128V1S1A22R2.avi,1,22,1,2,128
N0013V2S1A29R2.avi,1,29,2,2,13
N0080V3S1A28R1.avi,1,28,3,1,80
N0289V2S1A25R2.avi,1,25,2,2,289
N0028V3S1A28R2.avi,1,28,3,2,28
N0178V2S1A06R2.avi,1,6,2,2,178
N0195V1S1A27R2.avi,1,27,1,2,195
N0192V1S1A33R2.avi,1,33,1,2,192
N0283V2S1A44R2.avi,1,44,2,2,283
N0016V2S1A08R2.avi,1,8,2,2,16
N0166V2S1A35R2.avi,1,35,2,2,166
N0259V1S1A11R2.avi,1,11,1,2,259
N0206V2S1A47R2.avi,1,47,2,2,206
N0279V1S1A17R2.avi,1,17,1,2,279
N0111V2S1A20R2.avi,1,20,2,2,111
N0145V1S1A24R2.avi,1,24,1,2,145
N0336V3S1A13R2.avi,1,13,3,2,336
N0176V2S1A37R2.avi,1,37,2,2,176
N0173V2S1A41R2.avi,1,41,2,2,173
N0105V1S1A27R2.avi,1,27,1,2,105
N0358V1S1A12R2.avi,1,12,1,2,358
N0149V1S1A47R2.avi,1,47,1,2,149
N0165V2S1A26R2.avi,1,26,2,2,165
N0010V1S1A38R2.avi,1,38,1,2,10
N0083V2S1A20R2.avi,1,20,2,2,83
N0352V1S1A42R2.avi,1,42,1,2,352
N0191V2S1A06R2.avi,1,6,2,2,191
N0259V1S1A10R2.avi,1,10,1,2,259
N0152V1S1A39R2.avi,1,39,1,2,152
N0276V2S1A41R2.avi,1,41,2,2,276
N0182V1S1A51R2.avi,1,51,1,2,182
N0069V3S1A45R2.avi,1,45,3,2,69
N0107V3S1A45R2.avi,1,45,3,2,107
N0079V3S1A04R2.avi,1,4,3,2,79
N0020V2S1A36R1.avi,1,36,2,1,20
N0250V1S1A17R2.avi,1,17,1,2,250
N0231V2S1A05R2.avi,1,5,2,2,231
N0070V1S1A35R2.avi,1,35,1,2,70
N0060V2S1A02R2.avi,1,2,2,2,60
N0118V1S1A08R2.avi,1,8,1,2,118
N0110V1S1A33R2.avi,1,33,1,2,110
N0026V3S1A10R2.avi,1,10,3,2,26
N0088V1S1A49R2.avi,1,49,1,2,88
N0031V1S1A41R2.avi,1,41,1,2,31
N0276V2S1A29R2.avi,1,29,2,2,276
N0177V1S1A17R2.avi,1,17,1,2,177
N0252V1S1A04R2.avi,1,4,1,2,252
N0255V2S1A24R2.avi,1,24,2,2,255
N0343V2S1A39R2.avi,1,39,2,2,343
N0166V1S1A02R2.avi,1,2,1,2,166
N0203V3S1A43R2.avi,1,43,3,2,203
N0243V1S1A30R2.avi,1,30,1,2,243
N0341V3S1A48R2.avi,1,48,3,2,341
N0152V2S1A23R2.avi,1,23,2,2,152
N0239V1S1A07R2.avi,1,7,1,2,239
N0334V2S1A40R2.avi,1,40,2,2,334
N0168V1S1A06R2.avi,1,6,1,2,168
N0204V2S1A27R2.avi,1,27,2,2,204
N0003V1S1A04R2.avi,1,4,1,2,3
N0044V2S1A21R2.avi,1,21,2,2,44
N0363V3S1A17R2.avi,1,17,3,2,363
N0287V3S1A42R2.avi,1,42,3,2,287
N0090V2S1A47R2.avi,1,47,2,2,90
N0198V2S1A17R2.avi,1,17,2,2,198
N0238V3S1A47R2.avi,1,47,3,2,238
N0093V3S1A41R2.avi,1,41,3,2,93
N0272V1S1A28R2.avi,1,28,1,2,272
N0191V2S1A10R2.avi,1,10,2,2,191
N0347V1S1A02R2.avi,1,2,1,2,347
N0049V2S1A29R2.avi,1,29,2,2,49
N0070V1S1A48R2.avi,1,48,1,2,70
N0149V3S1A38R2.avi,1,38,3,2,149
N0243V3S1A34R2.avi,1,34,3,2,243
N0027V2S1A31R2.avi,1,31,2,2,27
N0158V1S1A34R2.avi,1,34,1,2,158
N0102V2S1A05R2.avi,1,5,2,2,102
N0222V1S1A37R2.avi,1,37,1,2,222
N0288V1S1A04R2.avi,1,4,1,2,288
N0342V3S1A48R2.avi,1,48,3,2,342
N0071V1S1A06R2.avi,1,6,1,2,71
N0230V1S1A45R2.avi,1,45,1,2,230
N0360V3S1A04R2.avi,1,4,3,2,360
N0125V3S1A26R2.avi,1,26,3,2,125
N0158V1S1A08R2.avi,1,8,1,2,158
N0069V1S1A31R2.avi,1,31,1,2,69
N0063V2S1A31R2.avi,1,31,2,2,63
N0036V3S1A25R2.avi,1,25,3,2,36
N0222V2S1A35R2.avi,1,35,2,2,222
N0010V2S1A02R2.avi,1,2,2,2,10
N0276V3S1A37R2.avi,1,37,3,2,276
N0185V1S1A21R2.avi,1,21,1,2,185
N0092V2S1A07R2.avi,1,7,2,2,92
N0251V1S1A15R2.avi,1,15,1,2,251
N0227V2S1A50R2.avi,1,50,2,2,227
N0126V3S1A04R2.avi,1,4,3,2,126
N0209V3S1A31R2.avi,1,31,3,2,209
N0208V1S1A51R2.avi,1,51,1,2,208
N0107V1S1A23R2.avi,1,23,1,2,107
N0108V3S1A34R2.avi,1,34,3,2,108
N0122V2S1A29R2.avi,1,29,2,2,122
N0170V3S1A40R1.avi,1,40,3,1,170
N0266V3S1A09R2.avi,1,9,3,2,266
N0198V2S1A30R2.avi,1,30,2,2,198
N0178V2S1A49R2.avi,1,49,2,2,178
N0197V3S1A30R2.avi,1,30,3,2,197
N0127V3S1A42R2.avi,1,42,3,2,127
N0345V1S1A48R2.avi,1,48,1,2,345
N0142V2S1A08R2.avi,1,8,2,2,142
N0128V3S1A38R2.avi,1,38,3,2,128
N0107V1S1A45R2.avi,1,45,1,2,107
N0353V1S1A17R2.avi,1,17,1,2,353
N0090V3S1A02R2.avi,1,2,3,2,90
N0259V3S1A39R2.avi,1,39,3,2,259
N0095V2S1A27R2.avi,1,27,2,2,95
N0222V2S1A33R2.avi,1,33,2,2,222
N0119V2S1A51R2.avi,1,51,2,2,119
N0007V3S1A08R2.avi,1,8,3,2,7
N0217V2S1A15R2.avi,1,15,2,2,217
N0069V1S1A11R2.avi,1,11,1,2,69
N0106V3S1A01R2.avi,1,1,3,2,106
N0183V2S1A45R2.avi,1,45,2,2,183
N0068V2S1A13R2.avi,1,13,2,2,68
N0350V3S1A40R2.avi,1,40,3,2,350
N0347V3S1A17R2.avi,1,17,3,2,347
N0181V1S1A32R2.avi,1,32,1,2,181
N0054V3S1A27R2.avi,1,27,3,2,54
N0169V2S1A09R2.avi,1,9,2,2,169
N0337V3S1A31R2.avi,1,31,3,2,337
N0127V1S1A45R2.avi,1,45,1,2,127
N0083V3S1A22R2.avi,1,22,3,2,83
N0078V3S1A48R2.avi,1,48,3,2,78
N0067V3S1A43R2.avi,1,43,3,2,67
N0191V1S1A48R2.avi,1,48,1,2,191
N0147V3S1A41R2.avi,1,41,3,2,147
N0003V3S1A02R2.avi,1,2,3,2,3
N0130V3S1A31R2.avi,1,31,3,2,130
N0221V2S1A19R2.avi,1,19,2,2,221
N0360V3S1A43R2.avi,1,43,3,2,360
N0151V3S1A30R2.avi,1,30,3,2,151
N0077V2S1A22R2.avi,1,22,2,2,77
N0133V3S1A43R2.avi,1,43,3,2,133
N0227V3S1A17R2.avi,1,17,3,2,227
N0180V2S1A02R2.avi,1,2,2,2,180
N0336V2S1A20R2.avi,1,20,2,2,336
N0348V3S1A12R2.avi,1,12,3,2,348
N0120V3S1A29R2.avi,1,29,3,2,120
N0213V2S1A29R2.avi,1,29,2,2,213
N0027V1S1A32R2.avi,1,32,1,2,27
N0070V1S1A29R2.avi,1,29,1,2,70
N0219V3S1A17R2.avi,1,17,3,2,219
N0018V2S1A50R2.avi,1,50,2,2,18
N0030V2S1A23R2.avi,1,23,2,2,30
N0126V3S1A29R2.avi,1,29,3,2,126
N0095V1S1A24R2.avi,1,24,1,2,95
N0078V2S1A02R2.avi,1,2,2,2,78
N0051V2S1A22R2.avi,1,22,2,2,51
N0358V3S1A26R2.avi,1,26,3,2,358
N0222V1S1A44R2.avi,1,44,1,2,222
N0101V1S1A41R2.avi,1,41,1,2,101
N0044V3S1A27R1.avi,1,27,3,1,44
N0060V2S1A36R2.avi,1,36,2,2,60
N0084V1S1A26R2.avi,1,26,1,2,84
N0053V3S1A23R2.avi,1,23,3,2,53
N0165V1S1A24R2.avi,1,24,1,2,165
N0347V2S1A31R2.avi,1,31,2,2,347
N0131V1S1A06R2.avi,1,6,1,2,131
N0166V3S1A46R2.avi,1,46,3,2,166
N0342V1S1A44R2.avi,1,44,1,2,342
N0169V3S1A31R2.avi,1,31,3,2,169
N0193V2S1A40R2.avi,1,40,2,2,193
N0209V2S1A49R2.avi,1,49,2,2,209
N0277V2S1A32R2.avi,1,32,2,2,277
N0146V3S1A40R2.avi,1,40,3,2,146
N0028V2S1A01R2.avi,1,1,2,2,28
N0170V3S1A25R2.avi,1,25,3,2,170
N0205V1S1A24R2.avi,1,24,1,2,205
N0052V2S1A35R2.avi,1,35,2,2,52
N0336V3S1A34R2.avi,1,34,3,2,336
N0178V2S1A36R2.avi,1,36,2,2,178
N0224V3S1A21R2.avi,1,21,3,2,224
N0041V3S1A45R2.avi,1,45,3,2,41
N0117V2S1A49R2.avi,1,49,2,2,117
N0264V3S1A06R2.avi,1,6,3,2,264
N0138V2S1A37R2.avi,1,37,2,2,138
N0282V2S1A29R2.avi,1,29,2,2,282
N0209V2S1A02R2.avi,1,2,2,2,209
N0016V2S1A03R2.avi,1,3,2,2,16
N0201V1S1A30R2.avi,1,30,1,2,201
N0239V2S1A02R2.avi,1,2,2,2,239
N0207V2S1A20R2.avi,1,20,2,2,207
N0283V1S1A22R2.avi,1,22,1,2,283
N0149V3S1A11R2.avi,1,11,3,2,149
N0009V1S1A32R2.avi,1,32,1,2,9
N0002V2S1A17R2.avi,1,17,2,2,2
N0119V2S1A48R2.avi,1,48,2,2,119
N0234V2S1A27R2.avi,1,27,2,2,234
N0026V2S1A49R1.avi,1,49,2,1,26
N0022V3S1A36R1.avi,1,36,3,1,22
N0053V2S1A22R2.avi,1,22,2,2,53
N0341V1S1A46R0.avi,1,46,1,0,341
N0144V1S1A16R2.avi,1,16,1,2,144
N0091V3S1A22R2.avi,1,22,3,2,91
N0261V2S1A27R2.avi,1,27,2,2,261
N0109V3S1A09R2.avi,1,9,3,2,109
N0128V3S1A34R2.avi,1,34,3,2,128
N0081V3S1A15R2.avi,1,15,3,2,81
N0212V3S1A08R2.avi,1,8,3,2,212
N0275V2S1A25R2.avi,1,25,2,2,275
N0345V3S1A47R2.avi,1,47,3,2,345
N0188V2S1A36R2.avi,1,36,2,2,188
N0099V2S1A11R1.avi,1,11,2,1,99
N0140V2S1A33R2.avi,1,33,2,2,140
N0274V3S1A04R2.avi,1,4,3,2,274
N0188V1S1A39R2.avi,1,39,1,2,188
N0061V1S1A20R2.avi,1,20,1,2,61
N0342V2S1A29R2.avi,1,29,2,2,342
N0131V1S1A37R2.avi,1,37,1,2,131
N0038V3S1A48R2.avi,1,48,3,2,38
N0069V3S1A22R2.avi,1,22,3,2,69
N0107V2S1A43R2.avi,1,43,2,2,107
N0038V1S1A49R2.avi,1,49,1,2,38
N0026V1S1A46R2.avi,1,46,1,2,26
N0200V3S1A48R2.avi,1,48,3,2,200
N0156V2S1A51R1.avi,1,51,2,1,156
N0008V2S1A46R2.avi,1,46,2,2,8
N0183V2S1A43R2.avi,1,43,2,2,183
N0108V2S1A40R2.avi,1,40,2,2,108
N0057V3S1A45R2.avi,1,45,3,2,57
N0103V2S1A20R2.avi,1,20,2,2,103
N0183V2S1A42R2.avi,1,42,2,2,183
N0023V1S1A11R2.avi,1,11,1,2,23
N0277V3S1A46R2.avi,1,46,3,2,277
N0266V2S1A23R2.avi,1,23,2,2,266
N0160V3S1A47R2.avi,1,47,3,2,160
N0079V2S1A15R2.avi,1,15,2,2,79
N0140V2S1A28R1.avi,1,28,2,1,140
N0215V1S1A21R2.avi,1,21,1,2,215
N0232V1S1A44R2.avi,1,44,1,2,232
N0171V1S1A01R2.avi,1,1,1,2,171
N0188V1S1A36R2.avi,1,36,1,2,188
N0184V2S1A18R2.avi,1,18,2,2,184
N0241V2S1A23R2.avi,1,23,2,2,241
N0184V2S1A26R2.avi,1,26,2,2,184
N0010V1S1A35R0.avi,1,35,1,0,10
N0003V3S1A50R1.avi,1,50,3,1,3
N0073V3S1A38R2.avi,1,38,3,2,73
N0006V1S1A50R1.avi,1,50,1,1,6
N0189V1S1A31R2.avi,1,31,1,2,189
N0252V2S1A48R1.avi,1,48,2,1,252
N0281V1S1A51R2.avi,1,51,1,2,281
N0087V2S1A43R2.avi,1,43,2,2,87
N0156V1S1A10R2.avi,1,10,1,2,156
N0082V3S1A07R2.avi,1,7,3,2,82
N0280V1S1A01R2.avi,1,1,1,2,280
N0218V3S1A45R2.avi,1,45,3,2,218
N0012V2S1A05R2.avi,1,5,2,2,12
N0231V3S1A05R2.avi,1,5,3,2,231
N0200V2S1A44R2.avi,1,44,2,2,200
N0026V2S1A48R2.avi,1,48,2,2,26
N0183V3S1A11R2.avi,1,11,3,2,183
N0171V3S1A38R2.avi,1,38,3,2,171
N0175V1S1A14R2.avi,1,14,1,2,175
N0251V3S1A07R2.avi,1,7,3,2,251
N0264V2S1A04R2.avi,1,4,2,2,264
N0076V3S1A29R2.avi,1,29,3,2,76
N0338V3S1A12R2.avi,1,12,3,2,338
N0113V2S1A20R2.avi,1,20,2,2,113
N0358V3S1A12R2.avi,1,12,3,2,358
N0275V1S1A07R2.avi,1,7,1,2,275
N0265V1S1A22R2.avi,1,22,1,2,265
N0199V1S1A31R2.avi,1,31,1,2,199
N0052V1S1A40R2.avi,1,40,1,2,52
N0339V2S1A14R2.avi,1,14,2,2,339
N0170V3S1A10R2.avi,1,10,3,2,170
N0129V2S1A25R2.avi,1,25,2,2,129
N0350V1S1A04R2.avi,1,4,1,2,350
N0255V3S1A16R2.avi,1,16,3,2,255
N0262V1S1A29R2.avi,1,29,1,2,262
N0041V1S1A44R2.avi,1,44,1,2,41
N0360V2S1A06R2.avi,1,6,2,2,360
N0351V1S1A47R2.avi,1,47,1,2,351
N0335V3S1A44R2.avi,1,44,3,2,335
N0066V3S1A30R2.avi,1,30,3,2,66
N0203V1S1A36R2.avi,1,36,1,2,203
N0157V1S1A05R2.avi,1,5,1,2,157
N0181V3S1A07R2.avi,1,7,3,2,181
N0224V1S1A26R2.avi,1,26,1,2,224
N0280V1S1A38R2.avi,1,38,1,2,280
N0334V2S1A42R2.avi,1,42,2,2,334
N0227V1S1A15R2.avi,1,15,1,2,227
N0177V3S1A29R2.avi,1,29,3,2,177
N0158V2S1A30R2.avi,1,30,2,2,158
N0012V2S1A03R2.avi,1,3,2,2,12
N0356V3S1A42R1.avi,1,42,3,1,356
N0156V1S1A30R2.avi,1,30,1,2,156
N0091V3S1A31R2.avi,1,31,3,2,91
N0032V3S1A35R0.avi,1,35,3,0,32
N0032V3S1A49R2.avi,1,49,3,2,32
N0056V1S1A38R2.avi,1,38,1,2,56
N0272V1S1A34R2.avi,1,34,1,2,272
N0357V2S1A45R2.avi,1,45,2,2,357
N0286V2S1A51R2.avi,1,51,2,2,286
N0161V2S1A15R2.avi,1,15,2,2,161
N0060V1S1A10R2.avi,1,10,1,2,60
N0231V1S1A02R2.avi,1,2,1,2,231
N0097V3S1A13R2.avi,1,13,3,2,97
N0086V3S1A29R2.avi,1,29,3,2,86
N0041V3S1A29R2.avi,1,29,3,2,41
N0283V3S1A50R2.avi,1,50,3,2,283
N0218V2S1A25R2.avi,1,25,2,2,218
N0052V3S1A49R2.avi,1,49,3,2,52
N0092V1S1A47R2.avi,1,47,1,2,92
N0005V3S1A27R0.avi,1,27,3,0,5
N0037V3S1A11R2.avi,1,11,3,2,37
N0017V3S1A04R2.avi,1,4,3,2,17
N0121V2S1A38R2.avi,1,38,2,2,121
N0071V3S1A17R2.avi,1,17,3,2,71
N0111V2S1A43R2.avi,1,43,2,2,111
N0256V3S1A39R2.avi,1,39,3,2,256
N0152V3S1A39R2.avi,1,39,3,2,152
N0096V1S1A05R2.avi,1,5,1,2,96
N0111V2S1A31R2.avi,1,31,2,2,111
N0210V1S1A38R2.avi,1,38,1,2,210
N0121V3S1A06R2.avi,1,6,3,2,121
N0066V3S1A10R2.avi,1,10,3,2,66
N0263V3S1A05R2.avi,1,5,3,2,263
N0019V3S1A31R2.avi,1,31,3,2,19
N0039V2S1A42R2.avi,1,42,2,2,39
N0274V3S1A08R2.avi,1,8,3,2,274
N0081V3S1A11R1.avi,1,11,3,1,81
N0142V2S1A34R2.avi,1,34,2,2,142
N0054V3S1A12R2.avi,1,12,3,2,54
N0348V3S1A26R2.avi,1,26,3,2,348
N0284V1S1A12R2.avi,1,12,1,2,284
N0217V2S1A10R1.avi,1,10,2,1,217
N0162V3S1A25R2.avi,1,25,3,2,162
N0006V2S1A48R2.avi,1,48,2,2,6
N0061V2S1A31R2.avi,1,31,2,2,61
N0073V1S1A41R2.avi,1,41,1,2,73
N0335V3S1A47R2.avi,1,47,3,2,335
N0177V2S1A19R2.avi,1,19,2,2,177
N0069V2S1A15R2.avi,1,15,2,2,69
N0196V1S1A33R2.avi,1,33,1,2,196
N0178V3S1A02R2.avi,1,2,3,2,178
N0198V1S1A06R2.avi,1,6,1,2,198
N0226V1S1A25R2.avi,1,25,1,2,226
N0063V1S1A19R2.avi,1,19,1,2,63
N0209V3S1A09R2.avi,1,9,3,2,209
N0357V3S1A31R2.avi,1,31,3,2,357
N0026V2S1A02R2.avi,1,2,2,2,26
N0016V2S1A23R2.avi,1,23,2,2,16
N0078V3S1A50R2.avi,1,50,3,2,78
N0170V2S1A02R2.avi,1,2,2,2,170
N0163V1S1A11R2.avi,1,11,1,2,163
N0069V3S1A04R2.avi,1,4,3,2,69
N0130V1S1A23R2.avi,1,23,1,2,130
N0188V3S1A08R2.avi,1,8,3,2,188
N0071V1S1A04R2.avi,1,4,1,2,71
N0223V2S1A15R2.avi,1,15,2,2,223
N0288V3S1A37R2.avi,1,37,3,2,288
N0006V3S1A40R2.avi,1,40,3,2,6
N0167V2S1A05R2.avi,1,5,2,2,167
N0335V3S1A32R2.avi,1,32,3,2,335
N0185V3S1A14R2.avi,1,14,3,2,185
N0242V1S1A50R2.avi,1,50,1,2,242
N0150V1S1A07R2.avi,1,7,1,2,150
N0149V1S1A41R2.avi,1,41,1,2,149
N0162V1S1A48R2.avi,1,48,1,2,162
N0228V1S1A47R2.avi,1,47,1,2,228
N0004V3S1A27R0.avi,1,27,3,0,4
N0262V1S1A51R2.avi,1,51,1,2,262
N0028V1S1A17R2.avi,1,17,1,2,28
N0289V2S1A49R2.avi,1,49,2,2,289
N0036V2S1A48R2.avi,1,48,2,2,36
N0020V1S1A08R2.avi,1,8,1,2,20
N0030V3S1A51R2.avi,1,51,3,2,30
N0238V2S1A13R2.avi,1,13,2,2,238
N0017V2S1A13R2.avi,1,13,2,2,17
N0106V2S1A28R2.avi,1,28,2,2,106
N0209V1S1A33R2.avi,1,33,1,2,209
N0232V3S1A40R2.avi,1,40,3,2,232
N0042V1S1A49R2.avi,1,49,1,2,42
N0089V2S1A19R2.avi,1,19,2,2,89
N0196V3S1A22R2.avi,1,22,3,2,196
N0289V3S1A50R2.avi,1,50,3,2,289
N0137V3S1A32R2.avi,1,32,3,2,137
N0220V3S1A04R2.avi,1,4,3,2,220
N0099V2S1A34R2.avi,1,34,2,2,99
N0350V3S1A42R2.avi,1,42,3,2,350
N0125V1S1A12R2.avi,1,12,1,2,125
N0067V2S1A43R2.avi,1,43,2,2,67
N0343V1S1A39R2.avi,1,39,1,2,343
N0269V1S1A11R2.avi,1,11,1,2,269
N0201V3S1A15R2.avi,1,15,3,2,201
N0262V1S1A25R2.avi,1,25,1,2,262
N0335V2S1A44R2.avi,1,44,2,2,335
N0197V3S1A48R2.avi,1,48,3,2,197
N0189V3S1A41R2.avi,1,41,3,2,189
N0152V2S1A39R2.avi,1,39,2,2,152
N0189V2S1A11R2.avi,1,11,2,2,189
N0262V3S1A38R2.avi,1,38,3,2,262
N0221V3S1A28R2.avi,1,28,3,2,221
N0261V1S1A27R2.avi,1,27,1,2,261
N0256V3S1A33R2.avi,1,33,3,2,256
N0112V2S1A46R2.avi,1,46,2,2,112
N0274V2S1A34R2.avi,1,34,2,2,274
N0278V1S1A03R2.avi,1,3,1,2,278
N0243V1S1A49R2.avi,1,49,1,2,243
N0202V2S1A51R2.avi,1,51,2,2,202
N0266V1S1A36R2.avi,1,36,1,2,266
N0176V1S1A34R2.avi,1,34,1,2,176
N0200V2S1A08R2.avi,1,8,2,2,200
N0362V3S1A06R2.avi,1,6,3,2,362
N0238V1S1A50R2.avi,1,50,1,2,238
N0151V2S1A30R2.avi,1,30,2,2,151
N0120V2S1A37R2.avi,1,37,2,2,120
N0339V3S1A12R2.avi,1,12,3,2,339
N0156V3S1A23R2.avi,1,23,3,2,156
N0029V3S1A20R2.avi,1,20,3,2,29
N0167V1S1A15R2.avi,1,15,1,2,167
N0120V1S1A37R2.avi,1,37,1,2,120
N0336V1S1A22R2.avi,1,22,1,2,336
N0354V1S1A07R2.avi,1,7,1,2,354
N0121V3S1A51R2.avi,1,51,3,2,121
N0007V3S1A43R2.avi,1,43,3,2,7
N0009V2S1A22R2.avi,1,22,2,2,9
N0357V1S1A31R2.avi,1,31,1,2,357
N0158V3S1A06R2.avi,1,6,3,2,158
N0233V3S1A28R0.avi,1,28,3,0,233
N0252V1S1A05R2.avi,1,5,1,2,252
N0281V3S1A29R2.avi,1,29,3,2,281
N0047V3S1A45R2.avi,1,45,3,2,47
N0097V3S1A33R2.avi,1,33,3,2,97
N0289V2S1A46R2.avi,1,46,2,2,289
N0122V2S1A28R2.avi,1,28,2,2,122
N0009V1S1A42R2.avi,1,42,1,2,9
N0138V3S1A37R2.avi,1,37,3,2,138
N0149V3S1A47R2.avi,1,47,3,2,149
N0199V1S1A50R2.avi,1,50,1,2,199
N0017V3S1A07R2.avi,1,7,3,2,17
N0236V1S1A04R2.avi,1,4,1,2,236
N0051V3S1A44R2.avi,1,44,3,2,51
N0354V3S1A02R2.avi,1,2,3,2,354
N0112V2S1A49R2.avi,1,49,2,2,112
N0277V2S1A13R2.avi,1,13,2,2,277
N0052V2S1A47R2.avi,1,47,2,2,52
N0345V1S1A34R2.avi,1,34,1,2,345
N0188V2S1A01R2.avi,1,1,2,2,188
N0091V1S1A31R2.avi,1,31,1,2,91
N0285V3S1A12R2.avi,1,12,3,2,285
N0123V3S1A38R2.avi,1,38,3,2,123
N0282V2S1A28R2.avi,1,28,2,2,282
N0207V1S1A06R2.avi,1,6,1,2,207
N0253V3S1A37R2.avi,1,37,3,2,253
N0172V3S1A08R2.avi,1,8,3,2,172
N0264V2S1A37R2.avi,1,37,2,2,264
N0283V2S1A39R2.avi,1,39,2,2,283
N0082V3S1A17R2.avi,1,17,3,2,82
N0274V2S1A36R2.avi,1,36,2,2,274
N0011V1S1A20R2.avi,1,20,1,2,11
N0072V1S1A28R2.avi,1,28,1,2,72
N0065V3S1A18R2.avi,1,18,3,2,65
N0237V1S1A03R2.avi,1,3,1,2,237
N0212V3S1A48R2.avi,1,48,3,2,212
N0167V3S1A17R2.avi,1,17,3,2,167
N0146V1S1A35R2.avi,1,35,1,2,146
N0181V1S1A06R2.avi,1,6,1,2,181
N0015V3S1A24R2.avi,1,24,3,2,15
N0110V3S1A29R2.avi,1,29,3,2,110
N0121V2S1A30R2.avi,1,30,2,2,121
N0057V2S1A15R2.avi,1,15,2,2,57
N0167V3S1A15R2.avi,1,15,3,2,167
N0053V2S1A42R2.avi,1,42,2,2,53
N0061V2S1A22R2.avi,1,22,2,2,61
N0231V3S1A11R2.avi,1,11,3,2,231
N0361V3S1A13R2.avi,1,13,3,2,361
N0043V3S1A22R2.avi,1,22,3,2,43
N0041V3S1A20R2.avi,1,20,3,2,41
N0228V2S1A25R2.avi,1,25,2,2,228
N0361V2S1A46R2.avi,1,46,2,2,361
N0028V1S1A35R2.avi,1,35,1,2,28
N0236V3S1A01R2.avi,1,1,3,2,236
N0040V2S1A03R2.avi,1,3,2,2,40
N0277V3S1A33R2.avi,1,33,3,2,277
N0240V2S1A40R2.avi,1,40,2,2,240
N0283V2S1A48R2.avi,1,48,2,2,283
N0224V2S1A14R2.avi,1,14,2,2,224
N0037V2S1A09R2.avi,1,9,2,2,37
N0058V1S1A40R2.avi,1,40,1,2,58
N0016V2S1A28R1.avi,1,28,2,1,16
N0142V3S1A25R2.avi,1,25,3,2,142
N0041V2S1A44R2.avi,1,44,2,2,41
N0098V3S1A22R2.avi,1,22,3,2,98
N0012V3S1A03R2.avi,1,3,3,2,12
N0146V2S1A23R2.avi,1,23,2,2,146
N0213V3S1A15R2.avi,1,15,3,2,213
N0075V3S1A18R2.avi,1,18,3,2,75
N0078V3S1A30R2.avi,1,30,3,2,78
N0039V2S1A09R2.avi,1,9,2,2,39
N0234V1S1A24R2.avi,1,24,1,2,234
N0117V3S1A45R2.avi,1,45,3,2,117
N0049V2S1A04R2.avi,1,4,2,2,49
N0133V1S1A23R2.avi,1,23,1,2,133
N0071V1S1A20R2.avi,1,20,1,2,71
N0207V2S1A06R2.avi,1,6,2,2,207
N0112V1S1A34R2.avi,1,34,1,2,112
N0128V1S1A33R2.avi,1,33,1,2,128
N0103V2S1A32R2.avi,1,32,2,2,103
N0080V3S1A37R2.avi,1,37,3,2,80
N0243V3S1A15R2.avi,1,15,3,2,243
N0230V3S1A13R2.avi,1,13,3,2,230
N0140V3S1A30R2.avi,1,30,3,2,140
N0098V1S1A38R2.avi,1,38,1,2,98
N0225V1S1A21R1.avi,1,21,1,1,225
N0117V3S1A44R2.avi,1,44,3,2,117
N0272V2S1A34R2.avi,1,34,2,2,272
N0135V2S1A18R2.avi,1,18,2,2,135
N0219V3S1A29R2.avi,1,29,3,2,219
N0100V3S1A39R2.avi,1,39,3,2,100
N0073V3S1A04R2.avi,1,4,3,2,73
N0139V1S1A42R2.avi,1,42,1,2,139
N0182V1S1A37R2.avi,1,37,1,2,182
N0027V2S1A09R2.avi,1,9,2,2,27
N0224V3S1A12R2.avi,1,12,3,2,224
N0099V1S1A08R2.avi,1,8,1,2,99
N0100V3S1A38R2.avi,1,38,3,2,100
N0052V2S1A48R2.avi,1,48,2,2,52
N0093V2S1A10R2.avi,1,10,2,2,93
N0289V1S1A07R2.avi,1,7,1,2,289
N0060V3S1A39R2.avi,1,39,3,2,60
N0338V2S1A16R2.avi,1,16,2,2,338
N0025V1S1A18R2.avi,1,18,1,2,25
N0143V2S1A13R2.avi,1,13,2,2,143
N0190V2S1A01R2.avi,1,1,2,2,190
N0284V1S1A27R2.avi,1,27,1,2,284
N0028V2S1A09R2.avi,1,9,2,2,28
N0037V2S1A22R2.avi,1,22,2,2,37
N0112V2S1A41R2.avi,1,41,2,2,112
N0176V1S1A48R2.avi,1,48,1,2,176
N0034V3S1A24R2.avi,1,24,3,2,34
N0213V3S1A20R2.avi,1,20,3,2,213
N0142V3S1A34R2.avi,1,34,3,2,142
N0349V3S1A24R2.avi,1,24,3,2,349
N0061V1S1A31R2.avi,1,31,1,2,61
N0180V3S1A30R2.avi,1,30,3,2,180
N0142V3S1A48R2.avi,1,48,3,2,142
N0055V3S1A12R2.avi,1,12,3,2,55
N0179V1S1A09R2.avi,1,9,1,2,179
N0006V1S1A02R2.avi,1,2,1,2,6
N0353V3S1A15R2.avi,1,15,3,2,353
N0106V2S1A51R1.avi,1,51,2,1,106
N0162V2S1A33R2.avi,1,33,2,2,162
N0118V2S1A04R2.avi,1,4,2,2,118
N0262V3S1A34R2.avi,1,34,3,2,262
N0188V1S1A37R2.avi,1,37,1,2,188
N0046V3S1A47R2.avi,1,47,3,2,46
N0159V1S1A31R2.avi,1,31,1,2,159
N0012V2S1A51R2.avi,1,51,2,2,12
N0046V3S1A39R2.avi,1,39,3,2,46
N0196V1S1A40R2.avi,1,40,1,2,196
N0337V1S1A34R2.avi,1,34,1,2,337
N0354V2S1A51R2.avi,1,51,2,2,354
N0106V1S1A34R2.avi,1,34,1,2,106
N0128V2S1A29R2.avi,1,29,2,2,128
N0143V2S1A28R0.avi,1,28,2,0,143
N0274V2S1A19R2.avi,1,19,2,2,274
N0264V2S1A01R2.avi,1,1,2,2,264
N0337V2S1A08R2.avi,1,8,2,2,337
N0228V3S1A42R1.avi,1,42,3,1,228
N0356V2S1A22R2.avi,1,22,2,2,356
N0010V3S1A33R2.avi,1,33,3,2,10
N0116V3S1A08R2.avi,1,8,3,2,116
N0019V1S1A20R2.avi,1,20,1,2,19
N0133V2S1A25R2.avi,1,25,2,2,133
N0133V1S1A13R2.avi,1,13,1,2,133
N0362V3S1A40R2.avi,1,40,3,2,362
N0356V3S1A49R2.avi,1,49,3,2,356
N0123V3S1A13R2.avi,1,13,3,2,123
N0094V2S1A12R2.avi,1,12,2,2,94
N0351V3S1A47R2.avi,1,47,3,2,351
N0209V2S1A10R2.avi,1,10,2,2,209
N0192V3S1A34R2.avi,1,34,3,2,192
N0013V1S1A11R2.avi,1,11,1,2,13
N0049V2S1A23R2.avi,1,23,2,2,49
N0241V1S1A33R2.avi,1,33,1,2,241
N0129V3S1A10R2.avi,1,10,3,2,129
N0186V1S1A25R2.avi,1,25,1,2,186
N0336V3S1A44R2.avi,1,44,3,2,336
N0147V2S1A15R2.avi,1,15,2,2,147
N0106V3S1A23R2.avi,1,23,3,2,106
N0049V2S1A42R2.avi,1,42,2,2,49
N0252V2S1A06R2.avi,1,6,2,2,252
N0168V1S1A49R2.avi,1,49,1,2,168
N0033V2S1A08R2.avi,1,8,2,2,33
N0225V2S1A26R2.avi,1,26,2,2,225
N0093V1S1A38R2.avi,1,38,1,2,93
N0219V2S1A30R2.avi,1,30,2,2,219
N0171V3S1A15R2.avi,1,15,3,2,171
N0211V2S1A17R2.avi,1,17,2,2,211
N0360V3S1A20R2.avi,1,20,3,2,360
N0272V3S1A03R2.avi,1,3,3,2,272
N0156V2S1A28R2.avi,1,28,2,2,156
N0240V1S1A02R2.avi,1,2,1,2,240
N0143V2S1A01R2.avi,1,1,2,2,143
N0020V3S1A28R2.avi,1,28,3,2,20
N0032V2S1A01R2.avi,1,1,2,2,32
N0360V1S1A40R2.avi,1,40,1,2,360
N0086V1S1A25R2.avi,1,25,1,2,86
N0226V1S1A08R2.avi,1,8,1,2,226
N0242V1S1A43R2.avi,1,43,1,2,242
N0037V3S1A17R2.avi,1,17,3,2,37
N0069V1S1A29R2.avi,1,29,1,2,69
N0090V3S1A01R2.avi,1,1,3,2,90
N0197V1S1A48R2.avi,1,48,1,2,197
N0007V1S1A44R1.avi,1,44,1,1,7
N0276V1S1A34R2.avi,1,34,1,2,276
N0192V2S1A37R2.avi,1,37,2,2,192
N0037V3S1A50R1.avi,1,50,3,1,37
N0253V2S1A36R2.avi,1,36,2,2,253
N0043V2S1A22R2.avi,1,22,2,2,43
N0012V3S1A34R2.avi,1,34,3,2,12
N0251V2S1A07R2.avi,1,7,2,2,251
N0353V1S1A33R2.avi,1,33,1,2,353
N0229V3S1A30R0.avi,1,30,3,0,229
N0043V2S1A41R2.avi,1,41,2,2,43
N0083V1S1A20R2.avi,1,20,1,2,83
N0051V1S1A42R2.avi,1,42,1,2,51
N0251V2S1A42R2.avi,1,42,2,2,251
N0075V2S1A18R2.avi,1,18,2,2,75
N0100V2S1A19R2.avi,1,19,2,2,100
N0342V1S1A20R2.avi,1,20,1,2,342
N0004V2S1A18R2.avi,1,18,2,2,4
N0358V2S1A24R2.avi,1,24,2,2,358
N0062V2S1A37R2.avi,1,37,2,2,62
N0162V1S1A33R2.avi,1,33,1,2,162
N0056V2S1A48R2.avi,1,48,2,2,56
N0057V2S1A42R2.avi,1,42,2,2,57
N0077V1S1A43R2.avi,1,43,1,2,77
N0202V1S1A34R2.avi,1,34,1,2,202
N0023V2S1A09R2.avi,1,9,2,2,23
N0280V2S1A10R2.avi,1,10,2,2,280
N0335V1S1A33R2.avi,1,33,1,2,335
N0052V2S1A40R2.avi,1,40,2,2,52
N0337V3S1A07R2.avi,1,7,3,2,337
N0355V1S1A41R2.avi,1,41,1,2,355
N0117V2S1A23R2.avi,1,23,2,2,117
N0042V3S1A48R2.avi,1,48,3,2,42
N0280V3S1A25R2.avi,1,25,3,2,280
N0123V3S1A47R2.avi,1,47,3,2,123
N0026V1S1A36R1.avi,1,36,1,1,26
N0360V3S1A42R2.avi,1,42,3,2,360
N0013V2S1A11R2.avi,1,11,2,2,13
N0228V2S1A33R2.avi,1,33,2,2,228
N0347V1S1A51R2.avi,1,51,1,2,347
N0274V3S1A41R2.avi,1,41,3,2,274
N0128V3S1A02R2.avi,1,2,3,2,128
N0241V2S1A17R2.avi,1,17,2,2,241
N0016V3S1A30R2.avi,1,30,3,2,16
N0337V2S1A45R2.avi,1,45,2,2,337
N0137V3S1A07R2.avi,1,7,3,2,137
N0232V3S1A07R2.avi,1,7,3,2,232
N0006V1S1A48R2.avi,1,48,1,2,6
N0341V2S1A17R2.avi,1,17,2,2,341
N0334V1S1A25R2.avi,1,25,1,2,334
N0241V1S1A05R2.avi,1,5,1,2,241
N0161V1S1A15R2.avi,1,15,1,2,161
N0168V1S1A03R2.avi,1,3,1,2,168
N0163V2S1A13R2.avi,1,13,2,2,163
N0139V2S1A35R2.avi,1,35,2,2,139
N0137V2S1A32R2.avi,1,32,2,2,137
N0355V1S1A32R2.avi,1,32,1,2,355
N0042V3S1A13R2.avi,1,13,3,2,42
N0119V3S1A51R2.avi,1,51,3,2,119
N0347V2S1A30R2.avi,1,30,2,2,347
N0161V3S1A44R2.avi,1,44,3,2,161
N0032V3S1A34R2.avi,1,34,3,2,32
N0102V1S1A50R2.avi,1,50,1,2,102
N0228V3S1A13R2.avi,1,13,3,2,228
N0228V1S1A49R2.avi,1,49,1,2,228
N0008V2S1A48R2.avi,1,48,2,2,8
N0231V3S1A51R2.avi,1,51,3,2,231
N0211V1S1A02R2.avi,1,2,1,2,211
N0208V3S1A33R2.avi,1,33,3,2,208
N0233V2S1A34R2.avi,1,34,2,2,233
N0009V3S1A04R2.avi,1,4,3,2,9
N0090V1S1A01R2.avi,1,1,1,2,90
N0090V2S1A02R2.avi,1,2,2,2,90
N0259V2S1A11R2.avi,1,11,2,2,259
N0352V3S1A19R2.avi,1,19,3,2,352
N0275V2S1A15R2.avi,1,15,2,2,275
N0149V1S1A44R2.avi,1,44,1,2,149
N0069V3S1A41R2.avi,1,41,3,2,69
N0281V3S1A15R2.avi,1,15,3,2,281
N0066V2S1A08R2.avi,1,8,2,2,66
N0034V2S1A14R2.avi,1,14,2,2,34
N0032V1S1A02R2.avi,1,2,1,2,32
N0138V1S1A47R2.avi,1,47,1,2,138
N0352V1S1A06R2.avi,1,6,1,2,352
N0228V3S1A02R2.avi,1,2,3,2,228
N0207V3S1A05R2.avi,1,5,3,2,207
N0241V1S1A46R2.avi,1,46,1,2,241
N0129V2S1A09R2.avi,1,9,2,2,129
N0259V1S1A25R2.avi,1,25,1,2,259
N0069V1S1A39R2.avi,1,39,1,2,69
N0068V3S1A03R2.avi,1,3,3,2,68
N0029V2S1A20R2.avi,1,20,2,2,29
N0353V3S1A47R2.avi,1,47,3,2,353
N0243V2S1A41R1.avi,1,41,2,1,243
N0154V1S1A26R2.avi,1,26,1,2,154
N0117V2S1A15R2.avi,1,15,2,2,117
N0287V1S1A32R2.avi,1,32,1,2,287
N0108V2S1A05R2.avi,1,5,2,2,108
N0127V1S1A06R2.avi,1,6,1,2,127
N0212V1S1A02R2.avi,1,2,1,2,212
N0336V2S1A06R2.avi,1,6,2,2,336
N0280V1S1A10R2.avi,1,10,1,2,280
N0262V3S1A23R2.avi,1,23,3,2,262
N0153V1S1A38R2.avi,1,38,1,2,153
N0137V1S1A44R2.avi,1,44,1,2,137
N0036V3S1A10R2.avi,1,10,3,2,36
N0161V2S1A37R2.avi,1,37,2,2,161
N0001V2S1A19R2.avi,1,19,2,2,1
N0040V3S1A25R2.avi,1,25,3,2,40
N0215V2S1A14R2.avi,1,14,2,2,215
N0093V1S1A10R2.avi,1,10,1,2,93
N0346V2S1A49R2.avi,1,49,2,2,346
N0211V2S1A37R2.avi,1,37,2,2,211
N0188V2S1A46R2.avi,1,46,2,2,188
N0346V3S1A19R2.avi,1,19,3,2,346
N0218V2S1A13R2.avi,1,13,2,2,218
N0078V1S1A40R2.avi,1,40,1,2,78
N0027V3S1A05R2.avi,1,5,3,2,27
N0152V1S1A50R2.avi,1,50,1,2,152
N0056V2S1A47R2.avi,1,47,2,2,56
N0237V1S1A32R2.avi,1,32,1,2,237
N0335V2S1A35R2.avi,1,35,2,2,335
N0267V3S1A29R2.avi,1,29,3,2,267
N0231V1S1A09R2.avi,1,9,1,2,231
N0258V1S1A03R2.avi,1,3,1,2,258
N0184V1S1A18R2.avi,1,18,1,2,184
N0091V2S1A17R2.avi,1,17,2,2,91
N0267V2S1A47R2.avi,1,47,2,2,267
N0205V1S1A21R2.avi,1,21,1,2,205
N0272V3S1A04R2.avi,1,4,3,2,272
N0335V1S1A34R2.avi,1,34,1,2,335
N0086V2S1A48R2.avi,1,48,2,2,86
N0227V2S1A30R2.avi,1,30,2,2,227
N0184V2S1A12R2.avi,1,12,2,2,184
N0097V1S1A31R2.avi,1,31,1,2,97
N0203V1S1A02R2.avi,1,2,1,2,203
N0275V1S1A39R2.avi,1,39,1,2,275
N0137V2S1A30R2.avi,1,30,2,2,137
N0209V1S1A17R2.avi,1,17,1,2,209
N0219V3S1A32R2.avi,1,32,3,2,219
N0042V1S1A03R2.avi,1,3,1,2,42
N0046V2S1A46R2.avi,1,46,2,2,46
N0170V1S1A50R2.avi,1,50,1,2,170
N0140V1S1A03R2.avi,1,3,1,2,140
N0040V3S1A47R2.avi,1,47,3,2,40
N0048V2S1A33R2.avi,1,33,2,2,48
N0043V3S1A39R2.avi,1,39,3,2,43
N0347V2S1A09R2.avi,1,9,2,2,347
N0287V2S1A47R2.avi,1,47,2,2,287
N0236V3S1A50R2.avi,1,50,3,2,236
N0077V2S1A32R2.avi,1,32,2,2,77
N0240V3S1A10R2.avi,1,10,3,2,240
N0264V1S1A47R2.avi,1,47,1,2,264
N0072V1S1A25R2.avi,1,25,1,2,72
N0278V3S1A06R2.avi,1,6,3,2,278
N0061V1S1A32R2.avi,1,32,1,2,61
N0062V3S1A03R2.avi,1,3,3,2,62
N0150V1S1A15R2.avi,1,15,1,2,150
N0156V2S1A08R2.avi,1,8,2,2,156
N0288V1S1A29R2.avi,1,29,1,2,288
N0140V3S1A28R1.avi,1,28,3,1,140
N0025V1S1A16R2.avi,1,16,1,2,25
N0077V3S1A22R2.avi,1,22,3,2,77
N0002V2S1A05R2.avi,1,5,2,2,2
N0338V3S1A18R2.avi,1,18,3,2,338
N0012V2S1A34R2.avi,1,34,2,2,12
N0041V2S1A07R2.avi,1,7,2,2,41
N0127V1S1A51R1.avi,1,51,1,1,127
N0159V1S1A05R2.avi,1,5,1,2,159
N0192V2S1A08R2.avi,1,8,2,2,192
N0049V2S1A22R2.avi,1,22,2,2,49
N0224V1S1A14R2.avi,1,14,1,2,224
N0348V1S1A12R2.avi,1,12,1,2,348
N0046V1S1A30R2.avi,1,30,1,2,46
N0107V2S1A40R1.avi,1,40,2,1,107
N0166V3S1A34R2.avi,1,34,3,2,166
N0196V2S1A33R2.avi,1,33,2,2,196
N0208V3S1A17R2.avi,1,17,3,2,208
N0106V1S1A51R1.avi,1,51,1,1,106
N0099V3S1A07R2.avi,1,7,3,2,99
N0220V2S1A23R2.avi,1,23,2,2,220
N0002V3S1A46R2.avi,1,46,3,2,2
N0094V3S1A21R2.avi,1,21,3,2,94
N0222V1S1A10R2.avi,1,10,1,2,222
N0087V3S1A09R2.avi,1,9,3,2,87
N0209V3S1A03R2.avi,1,3,3,2,209
N0275V3S1A07R2.avi,1,7,3,2,275
N0133V3S1A06R2.avi,1,6,3,2,133
N0079V2S1A31R2.avi,1,31,2,2,79
N0222V1S1A03R2.avi,1,3,1,2,222
N0073V3S1A19R2.avi,1,19,3,2,73
N0051V3S1A31R2.avi,1,31,3,2,51
N0208V1S1A22R2.avi,1,22,1,2,208
N0123V2S1A42R2.avi,1,42,2,2,123
N0135V2S1A26R2.avi,1,26,2,2,135
N0360V1S1A43R2.avi,1,43,1,2,360
N0018V1S1A07R2.avi,1,7,1,2,18
N0131V3S1A46R2.avi,1,46,3,2,131
N0279V1S1A34R2.avi,1,34,1,2,279
N0196V2S1A45R2.avi,1,45,2,2,196
N0186V1S1A38R2.avi,1,38,1,2,186
N0282V1S1A43R2.avi,1,43,1,2,282
N0282V2S1A23R2.avi,1,23,2,2,282
N0101V1S1A15R2.avi,1,15,1,2,101
N0281V3S1A42R2.avi,1,42,3,2,281
N0262V1S1A36R2.avi,1,36,1,2,262
N0193V2S1A51R2.avi,1,51,2,2,193
N0075V2S1A14R2.avi,1,14,2,2,75
N0352V1S1A38R2.avi,1,38,1,2,352
N0061V1S1A22R2.avi,1,22,1,2,61
N0201V2S1A32R2.avi,1,32,2,2,201
N0005V1S1A27R0.avi,1,27,1,0,5
N0052V2S1A02R2.avi,1,2,2,2,52
N0026V3S1A38R2.avi,1,38,3,2,26
N0039V1S1A08R2.avi,1,8,1,2,39
N0133V2S1A08R2.avi,1,8,2,2,133
N0281V1S1A22R2.avi,1,22,1,2,281
N0107V3S1A41R2.avi,1,41,3,2,107
N0189V1S1A22R2.avi,1,22,1,2,189
N0116V1S1A50R2.avi,1,50,1,2,116
N0029V3S1A15R2.avi,1,15,3,2,29
N0363V1S1A11R2.avi,1,11,1,2,363
N0049V1S1A09R2.avi,1,9,1,2,49
N0242V3S1A45R2.avi,1,45,3,2,242
N0156V2S1A48R2.avi,1,48,2,2,156
N0038V2S1A09R2.avi,1,9,2,2,38
N0159V2S1A17R2.avi,1,17,2,2,159
N0103V3S1A32R2.avi,1,32,3,2,103
N0268V2S1A02R2.avi,1,2,2,2,268
N0251V1S1A43R2.avi,1,43,1,2,251
N0050V1S1A10R2.avi,1,10,1,2,50
N0098V2S1A37R2.avi,1,37,2,2,98
N0028V1S1A49R1.avi,1,49,1,1,28
N0116V1S1A09R2.avi,1,9,1,2,116
N0180V2S1A29R2.avi,1,29,2,2,180
N0129V2S1A06R2.avi,1,6,2,2,129
N0187V2S1A05R2.avi,1,5,2,2,187
N0353V1S1A50R2.avi,1,50,1,2,353
N0360V3S1A08R2.avi,1,8,3,2,360
N0253V1S1A41R2.avi,1,41,1,2,253
N0177V1S1A22R2.avi,1,22,1,2,177
N0073V2S1A45R2.avi,1,45,2,2,73
N0041V2S1A22R2.avi,1,22,2,2,41
N0363V1S1A10R2.avi,1,10,1,2,363
N0228V2S1A35R2.avi,1,35,2,2,228
N0344V3S1A51R2.avi,1,51,3,2,344
N0243V1S1A44R2.avi,1,44,1,2,243
N0138V3S1A47R2.avi,1,47,3,2,138
N0193V3S1A15R2.avi,1,15,3,2,193
N0267V1S1A30R2.avi,1,30,1,2,267
N0139V3S1A42R2.avi,1,42,3,2,139
N0047V3S1A05R2.avi,1,5,3,2,47
N0199V3S1A04R2.avi,1,4,3,2,199
N0357V2S1A46R2.avi,1,46,2,2,357
N0267V3S1A15R2.avi,1,15,3,2,267
N0176V1S1A35R2.avi,1,35,1,2,176
N0009V1S1A13R2.avi,1,13,1,2,9
N0056V3S1A46R2.avi,1,46,3,2,56
N0203V3S1A10R2.avi,1,10,3,2,203
N0197V1S1A03R2.avi,1,3,1,2,197
N0156V3S1A29R2.avi,1,29,3,2,156
N0076V2S1A35R2.avi,1,35,2,2,76
N0097V1S1A49R2.avi,1,49,1,2,97
N0239V2S1A40R2.avi,1,40,2,2,239
N0202V1S1A44R2.avi,1,44,1,2,202
N0093V1S1A43R2.avi,1,43,1,2,93
N0151V1S1A08R1.avi,1,8,1,1,151
N0280V3S1A49R2.avi,1,49,3,2,280
N0197V3S1A19R2.avi,1,19,3,2,197
N0017V1S1A05R2.avi,1,5,1,2,17
N0241V3S1A46R2.avi,1,46,3,2,241
N0216V2S1A40R2.avi,1,40,2,2,216
N0262V3S1A28R2.avi,1,28,3,2,262
N0166V1S1A09R2.avi,1,9,1,2,166
N0072V3S1A25R2.avi,1,25,3,2,72
N0197V2S1A30R2.avi,1,30,2,2,197
N0031V1S1A11R0.avi,1,11,1,0,31
N0226V2S1A33R2.avi,1,33,2,2,226
N0347V2S1A01R2.avi,1,1,2,2,347
N0219V1S1A29R2.avi,1,29,1,2,219
N0162V1S1A49R2.avi,1,49,1,2,162
N0002V2S1A13R2.avi,1,13,2,2,2
N0151V2S1A46R2.avi,1,46,2,2,151
N0107V2S1A31R2.avi,1,31,2,2,107
N0116V1S1A38R2.avi,1,38,1,2,116
N0220V1S1A11R2.avi,1,11,1,2,220
N0363V3S1A51R2.avi,1,51,3,2,363
N0126V1S1A47R2.avi,1,47,1,2,126
N0089V3S1A39R2.avi,1,39,3,2,89
N0023V1S1A41R2.avi,1,41,1,2,23
N0255V1S1A21R2.avi,1,21,1,2,255
N0143V2S1A06R2.avi,1,6,2,2,143
N0126V1S1A34R2.avi,1,34,1,2,126
N0188V1S1A38R2.avi,1,38,1,2,188
N0221V1S1A32R2.avi,1,32,1,2,221
N0120V2S1A33R2.avi,1,33,2,2,120
N0150V1S1A05R2.avi,1,5,1,2,150
N0217V1S1A33R2.avi,1,33,1,2,217
N0210V2S1A47R2.avi,1,47,2,2,210
N0113V1S1A06R2.avi,1,6,1,2,113
N0086V1S1A36R2.avi,1,36,1,2,86
N0183V1S1A15R2.avi,1,15,1,2,183
N0228V2S1A49R2.avi,1,49,2,2,228
N0197V1S1A13R2.avi,1,13,1,2,197
N0181V2S1A19R2.avi,1,19,2,2,181
N0222V1S1A50R2.avi,1,50,1,2,222
N0024V1S1A21R2.avi,1,21,1,2,24
N0271V2S1A18R2.avi,1,18,2,2,271
N0262V2S1A33R2.avi,1,33,2,2,262
N0117V2S1A08R2.avi,1,8,2,2,117
N0252V3S1A33R2.avi,1,33,3,2,252
N0282V1S1A03R2.avi,1,3,1,2,282
N0081V2S1A04R2.avi,1,4,2,2,81
N0141V3S1A11R2.avi,1,11,3,2,141
N0233V2S1A17R2.avi,1,17,2,2,233
N0029V3S1A43R2.avi,1,43,3,2,29
N0283V1S1A25R2.avi,1,25,1,2,283
N0118V2S1A29R2.avi,1,29,2,2,118
N0363V2S1A20R2.avi,1,20,2,2,363
N0160V1S1A33R2.avi,1,33,1,2,160
N0216V1S1A33R2.avi,1,33,1,2,216
N0129V3S1A37R2.avi,1,37,3,2,129
N0269V2S1A44R2.avi,1,44,2,2,269
N0149V1S1A45R2.avi,1,45,1,2,149
N0268V3S1A23R2.avi,1,23,3,2,268
N0163V1S1A38R2.avi,1,38,1,2,163
N0237V3S1A37R2.avi,1,37,3,2,237
N0139V3S1A13R2.avi,1,13,3,2,139
N0240V1S1A40R2.avi,1,40,1,2,240
N0160V2S1A09R2.avi,1,9,2,2,160
N0181V3S1A45R2.avi,1,45,3,2,181
N0351V1S1A37R2.avi,1,37,1,2,351
N0123V1S1A48R2.avi,1,48,1,2,123
N0228V3S1A46R2.avi,1,46,3,2,228
N0350V3S1A05R2.avi,1,5,3,2,350
N0211V3S1A03R2.avi,1,3,3,2,211
N0147V1S1A19R2.avi,1,19,1,2,147
N0205V3S1A14R2.avi,1,14,3,2,205
N0252V1S1A40R2.avi,1,40,1,2,252
N0122V3S1A19R2.avi,1,19,3,2,122
N0350V1S1A03R2.avi,1,3,1,2,350
N0200V3S1A04R2.avi,1,4,3,2,200
N0286V3S1A31R2.avi,1,31,3,2,286
N0055V3S1A26R2.avi,1,26,3,2,55
N0133V3S1A44R2.avi,1,44,3,2,133
N0038V3S1A09R2.avi,1,9,3,2,38
N0354V3S1A25R2.avi,1,25,3,2,354
N0206V2S1A04R2.avi,1,4,2,2,206
N0091V3S1A41R2.avi,1,41,3,2,91
N0010V3S1A46R2.avi,1,46,3,2,10
N0352V1S1A13R2.avi,1,13,1,2,352
N0167V3S1A22R2.avi,1,22,3,2,167
N0051V3S1A07R2.avi,1,7,3,2,51
N0334V1S1A42R2.avi,1,42,1,2,334
N0198V2S1A40R2.avi,1,40,2,2,198
N0268V1S1A47R2.avi,1,47,1,2,268
N0274V3S1A19R2.avi,1,19,3,2,274
N0141V2S1A01R2.avi,1,1,2,2,141
N0227V1S1A02R2.avi,1,2,1,2,227
N0360V3S1A25R2.avi,1,25,3,2,360
N0263V2S1A08R2.avi,1,8,2,2,263
N0208V3S1A47R2.avi,1,47,3,2,208
N0274V3S1A23R2.avi,1,23,3,2,274
N0280V2S1A40R2.avi,1,40,2,2,280
N0036V1S1A49R2.avi,1,49,1,2,36
N0279V1S1A51R2.avi,1,51,1,2,279
N0082V3S1A50R2.avi,1,50,3,2,82
N0257V1S1A45R2.avi,1,45,1,2,257
N0191V2S1A15R2.avi,1,15,2,2,191
N0011V1S1A15R2.avi,1,15,1,2,11
N0263V1S1A13R2.avi,1,13,1,2,263
N0159V3S1A13R2.avi,1,13,3,2,159
N0041V1S1A42R2.avi,1,42,1,2,41
N0013V2S1A07R2.avi,1,7,2,2,13
N0149V1S1A15R2.avi,1,15,1,2,149
N0281V2S1A15R2.avi,1,15,2,2,281
N0076V3S1A51R2.avi,1,51,3,2,76
N0194V1S1A12R2.avi,1,12,1,2,194
N0021V1S1A40R2.avi,1,40,1,2,21
N0221V2S1A10R2.avi,1,10,2,2,221
N0028V1S1A36R2.avi,1,36,1,2,28
N0266V2S1A33R2.avi,1,33,2,2,266
N0230V3S1A02R2.avi,1,2,3,2,230
N0347V3S1A45R2.avi,1,45,3,2,347
N0275V1S1A48R2.avi,1,48,1,2,275
N0257V1S1A06R2.avi,1,6,1,2,257
N0357V1S1A47R2.avi,1,47,1,2,357
N0019V2S1A11R2.avi,1,11,2,2,19
N0146V2S1A29R2.avi,1,29,2,2,146
N0113V2S1A06R2.avi,1,6,2,2,113
N0210V2S1A38R2.avi,1,38,2,2,210
N0269V2S1A23R2.avi,1,23,2,2,269
N0011V3S1A15R2.avi,1,15,3,2,11
N0203V1S1A34R2.avi,1,34,1,2,203
N0110V3S1A02R2.avi,1,2,3,2,110
N0110V3S1A03R2.avi,1,3,3,2,110
N0122V1S1A03R2.avi,1,3,1,2,122
N0097V1S1A29R2.avi,1,29,1,2,97
N0066V1S1A51R2.avi,1,51,1,2,66
N0218V3S1A37R2.avi,1,37,3,2,218
N0031V3S1A11R0.avi,1,11,3,0,31
N0178V1S1A28R2.avi,1,28,1,2,178
N0175V2S1A24R2.avi,1,24,2,2,175
N0058V2S1A37R2.avi,1,37,2,2,58
N0217V3S1A37R2.avi,1,37,3,2,217
N0057V1S1A38R2.avi,1,38,1,2,57
N0102V1S1A25R2.avi,1,25,1,2,102
N0222V3S1A28R2.avi,1,28,3,2,222
N0078V3S1A34R2.avi,1,34,3,2,78
N0126V3S1A33R2.avi,1,33,3,2,126
N0161V1S1A48R2.avi,1,48,1,2,161
N0030V1S1A29R2.avi,1,29,1,2,30
N0184V2S1A16R2.avi,1,16,2,2,184
N0110V3S1A08R2.avi,1,8,3,2,110
N0057V3S1A32R2.avi,1,32,3,2,57
N0146V2S1A34R2.avi,1,34,2,2,146
N0264V2S1A28R2.avi,1,28,2,2,264
N0190V3S1A23R2.avi,1,23,3,2,190
N0268V2S1A17R2.avi,1,17,2,2,268
N0102V1S1A35R2.avi,1,35,1,2,102
N0063V2S1A29R2.avi,1,29,2,2,63
N0188V3S1A33R2.avi,1,33,3,2,188
N0123V2S1A25R2.avi,1,25,2,2,123
N0221V3S1A10R2.avi,1,10,3,2,221
N0269V1S1A34R2.avi,1,34,1,2,269
N0356V2S1A48R2.avi,1,48,2,2,356
N0282V2S1A03R2.avi,1,3,2,2,282
N0052V1S1A30R2.avi,1,30,1,2,52
N0219V1S1A05R2.avi,1,5,1,2,219
N0228V1S1A38R2.avi,1,38,1,2,228
N0123V2S1A41R2.avi,1,41,2,2,123
N0269V2S1A48R2.avi,1,48,2,2,269
N0171V1S1A07R2.avi,1,7,1,2,171
N0360V1S1A02R2.avi,1,2,1,2,360
N0358V2S1A21R2.avi,1,21,2,2,358
N0080V1S1A38R2.avi,1,38,1,2,80
N0243V3S1A08R2.avi,1,8,3,2,243
N0137V1S1A17R2.avi,1,17,1,2,137
N0016V1S1A30R2.avi,1,30,1,2,16
N0214V2S1A21R2.avi,1,21,2,2,214
N0274V2S1A04R2.avi,1,4,2,2,274
N0139V3S1A35R2.avi,1,35,3,2,139
N0131V2S1A13R2.avi,1,13,2,2,131
N0188V3S1A30R2.avi,1,30,3,2,188
N0191V3S1A11R2.avi,1,11,3,2,191
N0170V1S1A02R2.avi,1,2,1,2,170
N0285V1S1A18R2.avi,1,18,1,2,285
N0169V2S1A20R2.avi,1,20,2,2,169
N0241V2S1A07R2.avi,1,7,2,2,241
N0335V2S1A29R2.avi,1,29,2,2,335
N0020V2S1A02R2.avi,1,2,2,2,20
N0139V3S1A06R2.avi,1,6,3,2,139
N0193V3S1A41R2.avi,1,41,3,2,193
N0156V2S1A09R2.avi,1,9,2,2,156
N0077V1S1A42R2.avi,1,42,1,2,77
N0185V1S1A18R2.avi,1,18,1,2,185
N0255V2S1A12R2.avi,1,12,2,2,255
N0056V3S1A19R2.avi,1,19,3,2,56
N0040V3S1A38R2.avi,1,38,3,2,40
N0113V3S1A09R2.avi,1,9,3,2,113
N0153V3S1A13R2.avi,1,13,3,2,153
N0109V2S1A10R2.avi,1,10,2,2,109
N0350V2S1A25R2.avi,1,25,2,2,350
N0187V3S1A20R2.avi,1,20,3,2,187
N0066V1S1A08R2.avi,1,8,1,2,66
N0028V3S1A30R2.avi,1,30,3,2,28
N0146V2S1A20R2.avi,1,20,2,2,146
N0100V1S1A35R2.avi,1,35,1,2,100
N0160V3S1A36R2.avi,1,36,3,2,160
N0078V2S1A48R2.avi,1,48,2,2,78
N0061V2S1A32R2.avi,1,32,2,2,61
N0122V2S1A38R2.avi,1,38,2,2,122
N0280V1S1A37R2.avi,1,37,1,2,280
N0072V1S1A35R2.avi,1,35,1,2,72
N0073V3S1A42R2.avi,1,42,3,2,73
N0080V3S1A25R2.avi,1,25,3,2,80
N0080V2S1A36R2.avi,1,36,2,2,80
N0142V2S1A28R0.avi,1,28,2,0,142
N0262V1S1A03R2.avi,1,3,1,2,262
N0243V3S1A07R2.avi,1,7,3,2,243
N0161V3S1A06R2.avi,1,6,3,2,161
N0118V1S1A35R2.avi,1,35,1,2,118
N0063V1S1A29R2.avi,1,29,1,2,63
N0072V2S1A01R2.avi,1,1,2,2,72
N0022V3S1A37R2.avi,1,37,3,2,22
N0011V2S1A50R2.avi,1,50,2,2,11
N0355V3S1A15R2.avi,1,15,3,2,355
N0222V1S1A08R2.avi,1,8,1,2,222
N0354V3S1A43R2.avi,1,43,3,2,354
N0064V2S1A16R2.avi,1,16,2,2,64
N0119V3S1A38R2.avi,1,38,3,2,119
N0008V1S1A48R2.avi,1,48,1,2,8
N0043V2S1A10R2.avi,1,10,2,2,43
N0206V2S1A38R2.avi,1,38,2,2,206
N0115V2S1A18R2.avi,1,18,2,2,115
N0226V2S1A34R2.avi,1,34,2,2,226
N0111V1S1A20R2.avi,1,20,1,2,111
N0079V2S1A44R2.avi,1,44,2,2,79
N0121V2S1A15R2.avi,1,15,2,2,121
N0128V2S1A40R2.avi,1,40,2,2,128
N0114V3S1A21R2.avi,1,21,3,2,114
N0191V2S1A35R2.avi,1,35,2,2,191
N0231V1S1A44R2.avi,1,44,1,2,231
N0345V3S1A32R2.avi,1,32,3,2,345
N0164V2S1A24R2.avi,1,24,2,2,164
N0337V2S1A23R2.avi,1,23,2,2,337
N0181V3S1A17R2.avi,1,17,3,2,181
N0177V2S1A45R2.avi,1,45,2,2,177
N0192V1S1A13R2.avi,1,13,1,2,192
N0227V1S1A06R2.avi,1,6,1,2,227
N0162V3S1A28R2.avi,1,28,3,2,162
N0217V3S1A03R2.avi,1,3,3,2,217
N0218V2S1A23R2.avi,1,23,2,2,218
N0176V3S1A35R2.avi,1,35,3,2,176
N0257V2S1A08R2.avi,1,8,2,2,257
N0003V2S1A32R2.avi,1,32,2,2,3
N0030V1S1A39R2.avi,1,39,1,2,30
N0009V2S1A40R2.avi,1,40,2,2,9
N0188V3S1A37R2.avi,1,37,3,2,188
N0192V1S1A45R2.avi,1,45,1,2,192
N0178V2S1A32R2.avi,1,32,2,2,178
N0288V2S1A17R2.avi,1,17,2,2,288
N0143V1S1A28R2.avi,1,28,1,2,143
N0002V1S1A07R2.avi,1,7,1,2,2
N0177V1S1A13R2.avi,1,13,1,2,177
N0278V3S1A50R2.avi,1,50,3,2,278
N0241V2S1A15R2.avi,1,15,2,2,241
N0092V3S1A30R2.avi,1,30,3,2,92
N0062V2S1A06R2.avi,1,6,2,2,62
N0010V3S1A38R2.avi,1,38,3,2,10
N0148V3S1A48R2.avi,1,48,3,2,148
N0038V2S1A48R2.avi,1,48,2,2,38
N0267V1S1A19R2.avi,1,19,1,2,267
N0068V3S1A50R2.avi,1,50,3,2,68
N0038V2S1A49R2.avi,1,49,2,2,38
N0046V3S1A36R2.avi,1,36,3,2,46
N0211V1S1A35R2.avi,1,35,1,2,211
N0082V3S1A47R2.avi,1,47,3,2,82
N0163V3S1A07R2.avi,1,7,3,2,163
N0355V3S1A35R2.avi,1,35,3,2,355
N0129V3S1A38R2.avi,1,38,3,2,129
N0193V1S1A40R2.avi,1,40,1,2,193
N0212V3S1A23R2.avi,1,23,3,2,212
N0010V2S1A08R2.avi,1,8,2,2,10
N0335V1S1A38R2.avi,1,38,1,2,335
N0173V1S1A07R2.avi,1,7,1,2,173
N0011V1S1A22R1.avi,1,22,1,1,11
N0180V2S1A10R2.avi,1,10,2,2,180
N0335V1S1A29R2.avi,1,29,1,2,335
N0357V1S1A34R2.avi,1,34,1,2,357
N0041V3S1A44R2.avi,1,44,3,2,41
N0186V3S1A49R2.avi,1,49,3,2,186
N0038V1S1A50R2.avi,1,50,1,2,38
N0263V1S1A29R2.avi,1,29,1,2,263
N0173V3S1A22R2.avi,1,22,3,2,173
N0258V2S1A05R2.avi,1,5,2,2,258
N0288V3S1A50R2.avi,1,50,3,2,288
N0337V3S1A46R0.avi,1,46,3,0,337
N0055V2S1A21R2.avi,1,21,2,2,55
N0193V2S1A39R2.avi,1,39,2,2,193
N0265V3S1A36R2.avi,1,36,3,2,265
N0097V3S1A49R2.avi,1,49,3,2,97
N0053V2S1A23R2.avi,1,23,2,2,53
N0151V1S1A38R2.avi,1,38,1,2,151
N0338V3S1A16R2.avi,1,16,3,2,338
N0336V1S1A20R2.avi,1,20,1,2,336
N0262V3S1A41R2.avi,1,41,3,2,262
N0238V1S1A13R2.avi,1,13,1,2,238
N0132V2S1A48R2.avi,1,48,2,2,132
N0261V1S1A18R2.avi,1,18,1,2,261
N0052V1S1A33R2.avi,1,33,1,2,52
N0342V1S1A38R2.avi,1,38,1,2,342
N0356V2S1A43R2.avi,1,43,2,2,356
N0053V2S1A11R2.avi,1,11,2,2,53
N0075V1S1A18R2.avi,1,18,1,2,75
N0242V2S1A29R2.avi,1,29,2,2,242
N0183V3S1A20R2.avi,1,20,3,2,183
N0077V1S1A20R2.avi,1,20,1,2,77
N0200V3S1A28R0.avi,1,28,3,0,200
N0006V1S1A17R2.avi,1,17,1,2,6
N0030V2S1A29R2.avi,1,29,2,2,30
N0021V1S1A50R2.avi,1,50,1,2,21
N0043V2S1A31R2.avi,1,31,2,2,43
N0200V1S1A48R2.avi,1,48,1,2,200
N0170V1S1A36R2.avi,1,36,1,2,170
N0337V3S1A34R2.avi,1,34,3,2,337
N0078V3S1A33R2.avi,1,33,3,2,78
N0089V1S1A32R2.avi,1,32,1,2,89
N0100V3S1A35R2.avi,1,35,3,2,100
N0206V2S1A03R2.avi,1,3,2,2,206
N0071V3S1A20R2.avi,1,20,3,2,71
N0357V3S1A02R2.avi,1,2,3,2,357
N0091V2S1A05R2.avi,1,5,2,2,91
N0144V3S1A21R2.avi,1,21,3,2,144
N0219V2S1A17R2.avi,1,17,2,2,219
N0029V1S1A15R2.avi,1,15,1,2,29
N0211V1S1A30R2.avi,1,30,1,2,211
N0041V1S1A15R2.avi,1,15,1,2,41
N0072V2S1A03R2.avi,1,3,2,2,72
N0080V3S1A30R2.avi,1,30,3,2,80
N0220V3S1A38R2.avi,1,38,3,2,220
N0138V2S1A01R2.avi,1,1,2,2,138
N0334V2S1A29R2.avi,1,29,2,2,334
N0132V1S1A01R2.avi,1,1,1,2,132
N0062V3S1A37R2.avi,1,37,3,2,62
N0221V2S1A28R2.avi,1,28,2,2,221
N0017V1S1A17R2.avi,1,17,1,2,17
N0276V3S1A50R2.avi,1,50,3,2,276
N0083V3S1A45R2.avi,1,45,3,2,83
N0261V2S1A24R2.avi,1,24,2,2,261
N0120V3S1A47R2.avi,1,47,3,2,120
N0241V3S1A45R2.avi,1,45,3,2,241
N0281V3S1A46R2.avi,1,46,3,2,281
N0123V1S1A39R2.avi,1,39,1,2,123
N0233V1S1A28R0.avi,1,28,1,0,233
N0015V1S1A27R0.avi,1,27,1,0,15
N0207V1S1A09R2.avi,1,9,1,2,207
N0268V3S1A05R2.avi,1,5,3,2,268
N0053V2S1A15R2.avi,1,15,2,2,53
N0351V3S1A48R2.avi,1,48,3,2,351
N0263V1S1A38R2.avi,1,38,1,2,263
N0220V3S1A45R2.avi,1,45,3,2,220
N0154V2S1A26R2.avi,1,26,2,2,154
N0278V1S1A31R2.avi,1,31,1,2,278
N0182V3S1A02R2.avi,1,2,3,2,182
N0051V2S1A20R2.avi,1,20,2,2,51
N0046V3S1A29R2.avi,1,29,3,2,46
N0177V3S1A06R2.avi,1,6,3,2,177
N0218V3S1A47R2.avi,1,47,3,2,218
N0345V2S1A47R2.avi,1,47,2,2,345
N0002V2S1A25R2.avi,1,25,2,2,2
N0188V2S1A02R2.avi,1,2,2,2,188
N0210V2S1A40R2.avi,1,40,2,2,210
N0347V2S1A50R2.avi,1,50,2,2,347
N0343V3S1A09R2.avi,1,9,3,2,343
N0106V1S1A37R2.avi,1,37,1,2,106
N0363V1S1A33R2.avi,1,33,1,2,363
N0088V2S1A37R2.avi,1,37,2,2,88
N0243V3S1A22R2.avi,1,22,3,2,243
N0140V3S1A46R2.avi,1,46,3,2,140
N0359V2S1A27R2.avi,1,27,2,2,359
N0047V3S1A50R2.avi,1,50,3,2,47
N0152V3S1A50R2.avi,1,50,3,2,152
N0070V2S1A36R1.avi,1,36,2,1,70
N0353V1S1A07R2.avi,1,7,1,2,353
N0263V1S1A06R2.avi,1,6,1,2,263
N0358V3S1A14R2.avi,1,14,3,2,358
N0011V3S1A29R2.avi,1,29,3,2,11
N0280V2S1A50R2.avi,1,50,2,2,280
N0267V2S1A17R2.avi,1,17,2,2,267
N0098V1S1A29R2.avi,1,29,1,2,98
N0002V1S1A50R1.avi,1,50,1,1,2
N0199V3S1A42R2.avi,1,42,3,2,199
N0170V1S1A47R2.avi,1,47,1,2,170
N0011V3S1A13R2.avi,1,13,3,2,11
N0263V1S1A33R2.avi,1,33,1,2,263
N0079V2S1A11R2.avi,1,11,2,2,79
N0168V1S1A48R2.avi,1,48,1,2,168
N0048V3S1A02R2.avi,1,2,3,2,48
N0111V3S1A38R2.avi,1,38,3,2,111
N0101V2S1A07R2.avi,1,7,2,2,101
N0264V1S1A01R2.avi,1,1,1,2,264
N0062V3S1A51R2.avi,1,51,3,2,62
N0048V3S1A06R2.avi,1,6,3,2,48
N0165V1S1A26R2.avi,1,26,1,2,165
N0282V1S1A31R2.avi,1,31,1,2,282
N0182V3S1A51R2.avi,1,51,3,2,182
N0281V1S1A08R2.avi,1,8,1,2,281
N0100V3S1A33R2.avi,1,33,3,2,100
N0156V3S1A33R2.avi,1,33,3,2,156
N0040V3S1A36R2.avi,1,36,3,2,40
N0159V2S1A43R2.avi,1,43,2,2,159
N0203V1S1A50R2.avi,1,50,1,2,203
N0200V2S1A03R2.avi,1,3,2,2,200
N0197V3S1A37R2.avi,1,37,3,2,197
N0157V1S1A20R2.avi,1,20,1,2,157
N0362V1S1A13R2.avi,1,13,1,2,362
N0219V2S1A09R2.avi,1,9,2,2,219
N0017V1S1A50R2.avi,1,50,1,2,17
N0227V2S1A02R2.avi,1,2,2,2,227
N0008V1S1A30R2.avi,1,30,1,2,8
N0233V3S1A31R2.avi,1,31,3,2,233
N0181V1S1A41R2.avi,1,41,1,2,181
N0153V2S1A15R2.avi,1,15,2,2,153
N0252V2S1A32R2.avi,1,32,2,2,252
N0259V1S1A36R2.avi,1,36,1,2,259
N0108V3S1A28R2.avi,1,28,3,2,108
N0121V1S1A17R2.avi,1,17,1,2,121
N0177V3S1A44R2.avi,1,44,3,2,177
N0259V2S1A36R2.avi,1,36,2,2,259
N0362V1S1A29R2.avi,1,29,1,2,362
N0093V1S1A22R2.avi,1,22,1,2,93
N0089V1S1A45R1.avi,1,45,1,1,89
N0120V2S1A20R2.avi,1,20,2,2,120
N0153V2S1A40R1.avi,1,40,2,1,153
N0146V2S1A30R2.avi,1,30,2,2,146
N0113V1S1A02R2.avi,1,2,1,2,113
N0135V3S1A24R2.avi,1,24,3,2,135
N0272V3S1A29R2.avi,1,29,3,2,272
N0132V1S1A29R2.avi,1,29,1,2,132
N0021V1S1A20R2.avi,1,20,1,2,21
N0141V3S1A41R2.avi,1,41,3,2,141
N0148V1S1A19R2.avi,1,19,1,2,148
N0186V3S1A50R2.avi,1,50,3,2,186
N0214V3S1A27R2.avi,1,27,3,2,214
N0102V2S1A46R2.avi,1,46,2,2,102
N0061V3S1A50R2.avi,1,50,3,2,61
N0212V3S1A46R2.avi,1,46,3,2,212
N0017V1S1A45R0.avi,1,45,1,0,17
N0106V2S1A34R2.avi,1,34,2,2,106
N0081V2S1A31R2.avi,1,31,2,2,81
N0339V1S1A18R2.avi,1,18,1,2,339
N0073V2S1A04R2.avi,1,4,2,2,73
N0260V2S1A21R2.avi,1,21,2,2,260
N0189V2S1A13R2.avi,1,13,2,2,189
N0086V1S1A01R2.avi,1,1,1,2,86
N0334V3S1A22R2.avi,1,22,3,2,334
N0077V1S1A31R2.avi,1,31,1,2,77
N0132V1S1A02R2.avi,1,2,1,2,132
N0229V3S1A17R2.avi,1,17,3,2,229
N0268V2S1A28R2.avi,1,28,2,2,268
N0137V2S1A43R2.avi,1,43,2,2,137
N0111V2S1A13R2.avi,1,13,2,2,111
N0026V1S1A48R2.avi,1,48,1,2,26
N0087V1S1A44R2.avi,1,44,1,2,87
N0275V3S1A32R2.avi,1,32,3,2,275
N0063V3S1A20R2.avi,1,20,3,2,63
N0113V2S1A47R2.avi,1,47,2,2,113
N0230V2S1A46R2.avi,1,46,2,2,230
N0268V2S1A34R2.avi,1,34,2,2,268
N0071V1S1A09R2.avi,1,9,1,2,71
N0176V1S1A23R2.avi,1,23,1,2,176
N0032V3S1A51R2.avi,1,51,3,2,32
N0250V3S1A37R2.avi,1,37,3,2,250
N0242V3S1A48R2.avi,1,48,3,2,242
N0110V1S1A37R2.avi,1,37,1,2,110
N0166V3S1A23R2.avi,1,23,3,2,166
N0037V1S1A06R2.avi,1,6,1,2,37
N0360V3S1A50R2.avi,1,50,3,2,360
N0220V1S1A25R2.avi,1,25,1,2,220
N0196V2S1A25R2.avi,1,25,2,2,196
N0101V1S1A11R2.avi,1,11,1,2,101
N0057V2S1A43R2.avi,1,43,2,2,57
N0118V3S1A45R2.avi,1,45,3,2,118
N0107V3S1A06R2.avi,1,6,3,2,107
N0002V3S1A30R2.avi,1,30,3,2,2
N0222V1S1A25R2.avi,1,25,1,2,222
N0037V3S1A07R2.avi,1,7,3,2,37
N0136V3S1A04R2.avi,1,4,3,2,136
N0259V2S1A19R2.avi,1,19,2,2,259
N0052V2S1A36R2.avi,1,36,2,2,52
N0206V1S1A43R1.avi,1,43,1,1,206
N0253V3S1A46R2.avi,1,46,3,2,253
N0180V1S1A10R2.avi,1,10,1,2,180
N0228V2S1A50R2.avi,1,50,2,2,228
N0211V3S1A35R2.avi,1,35,3,2,211
N0041V2S1A15R2.avi,1,15,2,2,41
N0086V2S1A10R2.avi,1,10,2,2,86
N0357V3S1A30R2.avi,1,30,3,2,357
N0109V1S1A29R2.avi,1,29,1,2,109
N0022V3S1A17R2.avi,1,17,3,2,22
N0114V1S1A26R2.avi,1,26,1,2,114
N0150V3S1A32R2.avi,1,32,3,2,150
N0213V3S1A07R2.avi,1,7,3,2,213
N0283V2S1A34R2.avi,1,34,2,2,283
N0210V1S1A01R2.avi,1,1,1,2,210
N0027V1S1A44R2.avi,1,44,1,2,27
N0274V3S1A22R2.avi,1,22,3,2,274
N0101V3S1A45R2.avi,1,45,3,2,101
N0170V2S1A03R2.avi,1,3,2,2,170
N0146V2S1A38R2.avi,1,38,2,2,146
N0040V2S1A49R2.avi,1,49,2,2,40
N0039V3S1A43R2.avi,1,43,3,2,39
N0352V3S1A43R2.avi,1,43,3,2,352
N0058V2S1A25R2.avi,1,25,2,2,58
N0208V2S1A44R1.avi,1,44,2,1,208
N0259V2S1A25R2.avi,1,25,2,2,259
N0250V2S1A02R2.avi,1,2,2,2,250
N0056V1S1A25R2.avi,1,25,1,2,56
N0209V2S1A30R2.avi,1,30,2,2,209
N0017V1S1A40R2.avi,1,40,1,2,17
N0212V3S1A45R2.avi,1,45,3,2,212
N0356V3S1A44R2.avi,1,44,3,2,356
N0113V3S1A10R2.avi,1,10,3,2,113
N0079V3S1A23R2.avi,1,23,3,2,79
N0163V1S1A22R2.avi,1,22,1,2,163
N0349V1S1A18R2.avi,1,18,1,2,349
N0172V3S1A46R2.avi,1,46,3,2,172
N0116V2S1A28R2.avi,1,28,2,2,116
N0043V3S1A19R2.avi,1,19,3,2,43
N0120V1S1A22R2.avi,1,22,1,2,120
N0217V2S1A32R2.avi,1,32,2,2,217
N0038V3S1A13R2.avi,1,13,3,2,38
N0141V1S1A45R2.avi,1,45,1,2,141
N0224V1S1A27R2.avi,1,27,1,2,224
N0278V3S1A01R2.avi,1,1,3,2,278
N0096V3S1A19R2.avi,1,19,3,2,96
N0263V3S1A23R2.avi,1,23,3,2,263
N0078V3S1A05R2.avi,1,5,3,2,78
N0034V3S1A27R2.avi,1,27,3,2,34
N0202V2S1A45R2.avi,1,45,2,2,202
N0362V2S1A44R2.avi,1,44,2,2,362
N0082V2S1A47R2.avi,1,47,2,2,82
N0148V2S1A06R2.avi,1,6,2,2,148
N0350V1S1A50R2.avi,1,50,1,2,350
N0129V1S1A20R2.avi,1,20,1,2,129
N0089V3S1A08R2.avi,1,8,3,2,89
N0196V2S1A47R2.avi,1,47,2,2,196
N0161V1S1A37R2.avi,1,37,1,2,161
N0211V3S1A50R2.avi,1,50,3,2,211
N0032V2S1A02R2.avi,1,2,2,2,32
N0206V2S1A45R2.avi,1,45,2,2,206
N0057V2S1A32R2.avi,1,32,2,2,57
N0077V3S1A38R2.avi,1,38,3,2,77
N0264V3S1A48R2.avi,1,48,3,2,264
N0031V1S1A38R2.avi,1,38,1,2,31
N0063V3S1A29R2.avi,1,29,3,2,63
N0257V3S1A17R2.avi,1,17,3,2,257
N0092V3S1A48R2.avi,1,48,3,2,92
N0086V3S1A49R2.avi,1,49,3,2,86
N0237V2S1A06R2.avi,1,6,2,2,237
N0010V2S1A30R2.avi,1,30,2,2,10
N0002V2S1A07R2.avi,1,7,2,2,2
N0122V2S1A19R2.avi,1,19,2,2,122
N0051V1S1A31R2.avi,1,31,1,2,51
N0098V3S1A06R2.avi,1,6,3,2,98
N0263V1S1A19R2.avi,1,19,1,2,263
N0098V3S1A13R2.avi,1,13,3,2,98
N0352V1S1A40R1.avi,1,40,1,1,352
N0162V3S1A33R2.avi,1,33,3,2,162
N0289V3S1A41R2.avi,1,41,3,2,289
N0180V3S1A10R2.avi,1,10,3,2,180
N0358V1S1A16R2.avi,1,16,1,2,358
N0265V3S1A30R2.avi,1,30,3,2,265
N0092V3S1A37R2.avi,1,37,3,2,92
N0100V3S1A30R1.avi,1,30,3,1,100
N0363V2S1A23R2.avi,1,23,2,2,363
N0068V2S1A49R2.avi,1,49,2,2,68
N0347V3S1A15R2.avi,1,15,3,2,347
N0122V1S1A34R2.avi,1,34,1,2,122
N0227V2S1A36R2.avi,1,36,2,2,227
N0221V1S1A28R2.avi,1,28,1,2,221
N0055V3S1A14R2.avi,1,14,3,2,55
N0010V3S1A03R2.avi,1,3,3,2,10
N0065V1S1A14R2.avi,1,14,1,2,65
N0191V2S1A17R2.avi,1,17,2,2,191
N0080V1S1A48R2.avi,1,48,1,2,80
N0236V1S1A37R2.avi,1,37,1,2,236
N0128V2S1A03R2.avi,1,3,2,2,128
N0130V3S1A37R2.avi,1,37,3,2,130
N0021V3S1A40R2.avi,1,40,3,2,21
N0237V2S1A28R2.avi,1,28,2,2,237
N0336V3S1A49R2.avi,1,49,3,2,336
N0150V2S1A06R1.avi,1,6,2,1,150
N0242V2S1A45R2.avi,1,45,2,2,242
N0173V3S1A40R2.avi,1,40,3,2,173
N0254V1S1A24R2.avi,1,24,1,2,254
N0093V2S1A42R2.avi,1,42,2,2,93
N0189V2S1A20R2.avi,1,20,2,2,189
N0096V2S1A19R2.avi,1,19,2,2,96
N0160V3S1A09R2.avi,1,9,3,2,160
N0055V3S1A16R2.avi,1,16,3,2,55
N0275V2S1A20R2.avi,1,20,2,2,275
N0170V1S1A28R2.avi,1,28,1,2,170
N0102V2S1A49R2.avi,1,49,2,2,102
N0233V2S1A46R2.avi,1,46,2,2,233
N0023V3S1A08R2.avi,1,8,3,2,23
N0189V3S1A05R2.avi,1,5,3,2,189
N0044V3S1A16R2.avi,1,16,3,2,44
N0167V3S1A05R2.avi,1,5,3,2,167
N0083V2S1A32R2.avi,1,32,2,2,83
N0363V3S1A39R2.avi,1,39,3,2,363
N0251V3S1A33R2.avi,1,33,3,2,251
N0064V1S1A14R2.avi,1,14,1,2,64
N0221V3S1A29R2.avi,1,29,3,2,221
N0277V3S1A32R2.avi,1,32,3,2,277
N0071V2S1A40R2.avi,1,40,2,2,71
N0191V2S1A33R2.avi,1,33,2,2,191
N0236V2S1A49R2.avi,1,49,2,2,236
N0180V2S1A37R2.avi,1,37,2,2,180
N0142V3S1A01R1.avi,1,1,3,1,142
N0203V2S1A13R2.avi,1,13,2,2,203
N0086V2S1A29R2.avi,1,29,2,2,86
N0068V1S1A50R2.avi,1,50,1,2,68
N0256V1S1A11R2.avi,1,11,1,2,256
N0157V1S1A17R2.avi,1,17,1,2,157
N0336V1S1A33R2.avi,1,33,1,2,336
N0341V2S1A10R2.avi,1,10,2,2,341
N0057V2S1A41R2.avi,1,41,2,2,57
N0056V2S1A33R2.avi,1,33,2,2,56
N0049V1S1A45R2.avi,1,45,1,2,49
N0273V1S1A51R2.avi,1,51,1,2,273
N0013V1S1A19R2.avi,1,19,1,2,13
N0170V1S1A37R2.avi,1,37,1,2,170
N0111V1S1A42R2.avi,1,42,1,2,111
N0282V2S1A02R2.avi,1,2,2,2,282
N0089V1S1A10R2.avi,1,10,1,2,89
N0281V2S1A46R2.avi,1,46,2,2,281
N0251V3S1A34R2.avi,1,34,3,2,251
N0210V1S1A29R2.avi,1,29,1,2,210
N0168V1S1A35R2.avi,1,35,1,2,168
N0343V2S1A46R0.avi,1,46,2,0,343
N0098V3S1A49R2.avi,1,49,3,2,98
N0270V2S1A16R2.avi,1,16,2,2,270
N0139V2S1A13R2.avi,1,13,2,2,139
N0254V1S1A14R2.avi,1,14,1,2,254
N0188V1S1A33R2.avi,1,33,1,2,188
N0220V3S1A47R2.avi,1,47,3,2,220
N0062V3S1A49R2.avi,1,49,3,2,62
N0046V1S1A35R2.avi,1,35,1,2,46
N0022V1S1A36R1.avi,1,36,1,1,22
N0113V2S1A50R2.avi,1,50,2,2,113
N0142V1S1A47R2.avi,1,47,1,2,142
N0118V2S1A40R2.avi,1,40,2,2,118
N0162V3S1A32R2.avi,1,32,3,2,162
N0139V1S1A17R2.avi,1,17,1,2,139
N0033V2S1A22R2.avi,1,22,2,2,33
N0093V2S1A38R2.avi,1,38,2,2,93
N0267V3S1A22R2.avi,1,22,3,2,267
N0274V2S1A22R2.avi,1,22,2,2,274
N0126V3S1A09R2.avi,1,9,3,2,126
N0077V2S1A40R2.avi,1,40,2,2,77
N0034V3S1A14R2.avi,1,14,3,2,34
N0227V2S1A48R2.avi,1,48,2,2,227
N0211V3S1A02R2.avi,1,2,3,2,211
N0082V3S1A40R2.avi,1,40,3,2,82
N0168V3S1A25R2.avi,1,25,3,2,168
N0265V3S1A15R2.avi,1,15,3,2,265
N0077V1S1A09R2.avi,1,9,1,2,77
N0113V1S1A05R2.avi,1,5,1,2,113
N0044V1S1A27R1.avi,1,27,1,1,44
N0257V3S1A39R2.avi,1,39,3,2,257
N0186V1S1A47R2.avi,1,47,1,2,186
N0072V2S1A35R2.avi,1,35,2,2,72
N0070V2S1A37R2.avi,1,37,2,2,70
N0275V2S1A10R2.avi,1,10,2,2,275
N0012V2S1A07R2.avi,1,7,2,2,12
N0046V1S1A46R2.avi,1,46,1,2,46
N0231V3S1A38R2.avi,1,38,3,2,231
N0168V2S1A25R2.avi,1,25,2,2,168
N0058V3S1A47R2.avi,1,47,3,2,58
N0179V2S1A09R2.avi,1,9,2,2,179
N0017V1S1A42R2.avi,1,42,1,2,17
N0037V3S1A13R2.avi,1,13,3,2,37
N0252V3S1A05R2.avi,1,5,3,2,252
N0120V2S1A40R2.avi,1,40,2,2,120
N0045V3S1A14R2.avi,1,14,3,2,45
N0265V3S1A25R2.avi,1,25,3,2,265
N0242V2S1A28R2.avi,1,28,2,2,242
N0126V2S1A47R2.avi,1,47,2,2,126
N0179V2S1A41R2.avi,1,41,2,2,179
N0106V3S1A02R2.avi,1,2,3,2,106
N0212V1S1A04R2.avi,1,4,1,2,212
N0040V2S1A36R2.avi,1,36,2,2,40
N0258V2S1A06R2.avi,1,6,2,2,258
N0162V2S1A38R2.avi,1,38,2,2,162
N0346V3S1A44R2.avi,1,44,3,2,346
N0081V2S1A15R2.avi,1,15,2,2,81
N0002V3S1A37R2.avi,1,37,3,2,2
N0181V2S1A07R2.avi,1,7,2,2,181
N0038V1S1A35R2.avi,1,35,1,2,38
N0079V3S1A08R2.avi,1,8,3,2,79
N0253V1S1A48R2.avi,1,48,1,2,253
N0006V1S1A51R2.avi,1,51,1,2,6
N0117V3S1A08R2.avi,1,8,3,2,117
N0178V1S1A39R2.avi,1,39,1,2,178
N0001V2S1A44R2.avi,1,44,2,2,1
N0256V2S1A33R2.avi,1,33,2,2,256
N0008V3S1A36R2.avi,1,36,3,2,8
N0153V3S1A42R2.avi,1,42,3,2,153
N0259V3S1A07R2.avi,1,7,3,2,259
N0180V3S1A50R2.avi,1,50,3,2,180
N0071V2S1A15R2.avi,1,15,2,2,71
N0006V2S1A13R2.avi,1,13,2,2,6
N0150V2S1A01R2.avi,1,1,2,2,150
N0263V3S1A22R2.avi,1,22,3,2,263
N0278V1S1A13R2.avi,1,13,1,2,278
N0018V2S1A35R2.avi,1,35,2,2,18
N0033V3S1A41R2.avi,1,41,3,2,33
N0149V1S1A29R2.avi,1,29,1,2,149
N0228V3S1A10R2.avi,1,10,3,2,228
N0023V1S1A19R2.avi,1,19,1,2,23
N0252V1S1A01R2.avi,1,1,1,2,252
N0051V1S1A43R2.avi,1,43,1,2,51
N0133V3S1A29R2.avi,1,29,3,2,133
N0252V1S1A35R2.avi,1,35,1,2,252
N0263V1S1A39R2.avi,1,39,1,2,263
N0028V2S1A25R2.avi,1,25,2,2,28
N0286V2S1A22R2.avi,1,22,2,2,286
N0340V3S1A19R2.avi,1,19,3,2,340
N0137V2S1A47R2.avi,1,47,2,2,137
N0171V3S1A11R2.avi,1,11,3,2,171
N0009V2S1A31R2.avi,1,31,2,2,9
N0127V3S1A49R2.avi,1,49,3,2,127
N0142V1S1A49R2.avi,1,49,1,2,142
N0337V3S1A39R2.avi,1,39,3,2,337
N0116V2S1A11R2.avi,1,11,2,2,116
N0012V3S1A06R1.avi,1,6,3,1,12
N0243V2S1A23R0.avi,1,23,2,0,243
N0151V3S1A28R0.avi,1,28,3,0,151
N0020V3S1A46R2.avi,1,46,3,2,20
N0081V2S1A42R2.avi,1,42,2,2,81
N0269V2S1A15R2.avi,1,15,2,2,269
N0237V2S1A50R2.avi,1,50,2,2,237
N0159V3S1A04R2.avi,1,4,3,2,159
N0178V3S1A36R2.avi,1,36,3,2,178
N0103V3S1A11R2.avi,1,11,3,2,103
N0187V3S1A15R2.avi,1,15,3,2,187
N0067V3S1A40R2.avi,1,40,3,2,67
N0337V3S1A17R2.avi,1,17,3,2,337
N0123V1S1A07R2.avi,1,7,1,2,123
N0046V3S1A38R2.avi,1,38,3,2,46
N0252V2S1A23R2.avi,1,23,2,2,252
N0031V2S1A41R2.avi,1,41,2,2,31
N0063V1S1A10R2.avi,1,10,1,2,63
N0072V3S1A40R2.avi,1,40,3,2,72
N0206V3S1A28R2.avi,1,28,3,2,206
N0155V1S1A18R2.avi,1,18,1,2,155
N0119V3S1A02R2.avi,1,2,3,2,119
N0271V1S1A18R2.avi,1,18,1,2,271
N0216V2S1A50R2.avi,1,50,2,2,216
N0035V2S1A18R2.avi,1,18,2,2,35
N0110V3S1A04R2.avi,1,4,3,2,110
N0256V2S1A50R2.avi,1,50,2,2,256
N0041V2S1A04R2.avi,1,4,2,2,41
N0139V1S1A44R2.avi,1,44,1,2,139
N0259V2S1A29R2.avi,1,29,2,2,259
N0210V1S1A50R2.avi,1,50,1,2,210
N0051V3S1A32R2.avi,1,32,3,2,51
N0362V2S1A20R2.avi,1,20,2,2,362
N0267V2S1A51R2.avi,1,51,2,2,267
N0288V3S1A28R2.avi,1,28,3,2,288
N0058V1S1A48R2.avi,1,48,1,2,58
N0062V3S1A33R2.avi,1,33,3,2,62
N0277V1S1A15R2.avi,1,15,1,2,277
N0222V2S1A45R2.avi,1,45,2,2,222
N0347V2S1A23R2.avi,1,23,2,2,347
N0244V1S1A12R2.avi,1,12,1,2,244
N0352V3S1A13R2.avi,1,13,3,2,352
N0127V2S1A45R2.avi,1,45,2,2,127
N0119V3S1A39R2.avi,1,39,3,2,119
N0350V3S1A51R2.avi,1,51,3,2,350
N0265V3S1A39R2.avi,1,39,3,2,265
N0058V3S1A35R2.avi,1,35,3,2,58
N0090V3S1A36R2.avi,1,36,3,2,90
N0140V3S1A51R2.avi,1,51,3,2,140
N0021V3S1A05R2.avi,1,5,3,2,21
N0287V3S1A17R2.avi,1,17,3,2,287
N0277V1S1A46R2.avi,1,46,1,2,277
N0040V1S1A10R2.avi,1,10,1,2,40
N0058V1S1A05R2.avi,1,5,1,2,58
N0221V1S1A02R2.avi,1,2,1,2,221
N0228V1S1A44R2.avi,1,44,1,2,228
N0167V3S1A45R2.avi,1,45,3,2,167
N0090V1S1A19R2.avi,1,19,1,2,90
N0170V3S1A38R2.avi,1,38,3,2,170
N0147V1S1A46R2.avi,1,46,1,2,147
N0097V1S1A35R2.avi,1,35,1,2,97
N0354V1S1A20R1.avi,1,20,1,1,354
N0110V2S1A07R2.avi,1,7,2,2,110
N0218V1S1A04R2.avi,1,4,1,2,218
N0267V3S1A23R2.avi,1,23,3,2,267
N0277V1S1A51R2.avi,1,51,1,2,277
N0276V2S1A37R2.avi,1,37,2,2,276
N0090V2S1A48R2.avi,1,48,2,2,90
N0274V2S1A40R2.avi,1,40,2,2,274
N0083V2S1A42R2.avi,1,42,2,2,83
N0226V2S1A41R2.avi,1,41,2,2,226
N0203V3S1A06R2.avi,1,6,3,2,203
N0342V1S1A15R2.avi,1,15,1,2,342
N0238V2S1A02R2.avi,1,2,2,2,238
N0175V1S1A16R2.avi,1,16,1,2,175
N0174V2S1A24R2.avi,1,24,2,2,174
N0250V3S1A25R2.avi,1,25,3,2,250
N0229V2S1A22R2.avi,1,22,2,2,229
N0121V1S1A42R2.avi,1,42,1,2,121
N0219V1S1A32R2.avi,1,32,1,2,219
N0282V3S1A06R2.avi,1,6,3,2,282
N0266V1S1A37R2.avi,1,37,1,2,266
N0211V1S1A48R2.avi,1,48,1,2,211
N0019V2S1A41R2.avi,1,41,2,2,19
N0138V2S1A03R2.avi,1,3,2,2,138
N0039V1S1A31R2.avi,1,31,1,2,39
N0176V1S1A09R2.avi,1,9,1,2,176
N0211V1S1A05R2.avi,1,5,1,2,211
N0160V3S1A51R2.avi,1,51,3,2,160
N0350V2S1A01R2.avi,1,1,2,2,350
N0210V3S1A41R2.avi,1,41,3,2,210
N0086V2S1A23R2.avi,1,23,2,2,86
N0172V3S1A25R2.avi,1,25,3,2,172
N0272V3S1A22R2.avi,1,22,3,2,272
N0203V2S1A10R2.avi,1,10,2,2,203
N0182V2S1A50R2.avi,1,50,2,2,182
N0350V1S1A38R2.avi,1,38,1,2,350
N0150V2S1A15R2.avi,1,15,2,2,150
N0350V1S1A51R2.avi,1,51,1,2,350
N0105V1S1A12R2.avi,1,12,1,2,105
N0163V2S1A09R2.avi,1,9,2,2,163
N0241V1S1A44R2.avi,1,44,1,2,241
N0219V1S1A20R2.avi,1,20,1,2,219
N0026V1S1A35R2.avi,1,35,1,2,26
N0270V3S1A16R2.avi,1,16,3,2,270
N0043V2S1A08R2.avi,1,8,2,2,43
N0003V3S1A36R2.avi,1,36,3,2,3
N0031V3S1A20R2.avi,1,20,3,2,31
N0289V3S1A11R2.avi,1,11,3,2,289
N0162V2S1A29R2.avi,1,29,2,2,162
N0009V2S1A45R2.avi,1,45,2,2,9
N0273V3S1A43R1.avi,1,43,3,1,273
N0031V3S1A17R2.avi,1,17,3,2,31
N0118V3S1A35R2.avi,1,35,3,2,118
N0058V1S1A06R2.avi,1,6,1,2,58
N0106V1S1A03R2.avi,1,3,1,2,106
N0052V3S1A46R2.avi,1,46,3,2,52
N0172V3S1A34R2.avi,1,34,3,2,172
N0115V3S1A18R2.avi,1,18,3,2,115
N0240V2S1A11R2.avi,1,11,2,2,240
N0202V2S1A33R2.avi,1,33,2,2,202
N0071V1S1A11R1.avi,1,11,1,1,71
N0079V1S1A41R2.avi,1,41,1,2,79
N0351V2S1A29R2.avi,1,29,2,2,351
N0110V2S1A38R2.avi,1,38,2,2,110
N0101V2S1A05R2.avi,1,5,2,2,101
N0018V3S1A25R2.avi,1,25,3,2,18
N0191V1S1A50R2.avi,1,50,1,2,191
N0259V1S1A09R2.avi,1,9,1,2,259
N0222V2S1A25R2.avi,1,25,2,2,222
N0143V3S1A01R2.avi,1,1,3,2,143
N0214V1S1A12R2.avi,1,12,1,2,214
N0199V1S1A43R2.avi,1,43,1,2,199
N0016V1S1A33R2.avi,1,33,1,2,16
N0286V3S1A34R2.avi,1,34,3,2,286
N0229V3S1A32R2.avi,1,32,3,2,229
N0173V1S1A41R2.avi,1,41,1,2,173
N0172V2S1A38R2.avi,1,38,2,2,172
N0200V1S1A42R2.avi,1,42,1,2,200
N0154V3S1A27R2.avi,1,27,3,2,154
N0196V3S1A39R2.avi,1,39,3,2,196
N0024V3S1A26R2.avi,1,26,3,2,24
N0157V2S1A20R2.avi,1,20,2,2,157
N0106V2S1A19R2.avi,1,19,2,2,106
N0216V3S1A01R2.avi,1,1,3,2,216
N0221V1S1A19R2.avi,1,19,1,2,221
N0180V2S1A28R2.avi,1,28,2,2,180
N0117V1S1A05R2.avi,1,5,1,2,117
N0168V2S1A23R2.avi,1,23,2,2,168
N0210V2S1A08R2.avi,1,8,2,2,210
N0083V2S1A41R2.avi,1,41,2,2,83
N0229V2S1A15R2.avi,1,15,2,2,229
N0012V3S1A13R2.avi,1,13,3,2,12
N0355V1S1A31R2.avi,1,31,1,2,355
N0009V3S1A06R2.avi,1,6,3,2,9
N0088V1S1A28R2.avi,1,28,1,2,88
N0171V1S1A43R2.avi,1,43,1,2,171
N0281V3S1A07R2.avi,1,7,3,2,281
N0020V1S1A29R2.avi,1,29,1,2,20
N0054V1S1A14R2.avi,1,14,1,2,54
N0008V1S1A39R2.avi,1,39,1,2,8
N0005V2S1A14R2.avi,1,14,2,2,5
N0191V1S1A10R2.avi,1,10,1,2,191
N0350V3S1A09R2.avi,1,9,3,2,350
N0044V3S1A24R2.avi,1,24,3,2,44
N0039V1S1A09R2.avi,1,9,1,2,39
N0343V3S1A33R2.avi,1,33,3,2,343
N0275V2S1A39R2.avi,1,39,2,2,275
N0051V2S1A09R2.avi,1,9,2,2,51
N0136V1S1A19R2.avi,1,19,1,2,136
N0080V2S1A34R2.avi,1,34,2,2,80
N0223V1S1A32R2.avi,1,32,1,2,223
N0061V3S1A05R2.avi,1,5,3,2,61
N0056V2S1A36R2.avi,1,36,2,2,56
N0160V1S1A34R2.avi,1,34,1,2,160
N0187V3S1A22R2.avi,1,22,3,2,187
N0137V3S1A47R2.avi,1,47,3,2,137
N0352V3S1A22R2.avi,1,22,3,2,352
N0028V3S1A49R1.avi,1,49,3,1,28
N0258V3S1A04R2.avi,1,4,3,2,258
N0112V2S1A35R2.avi,1,35,2,2,112
N0336V3S1A37R2.avi,1,37,3,2,336
N0046V1S1A08R2.avi,1,8,1,2,46
N0136V3S1A49R2.avi,1,49,3,2,136
N0203V3S1A31R2.avi,1,31,3,2,203
N0072V3S1A17R2.avi,1,17,3,2,72
N0096V3S1A51R2.avi,1,51,3,2,96
N0088V1S1A06R2.avi,1,6,1,2,88
N0020V3S1A01R2.avi,1,1,3,2,20
N0132V1S1A34R2.avi,1,34,1,2,132
N0097V2S1A32R2.avi,1,32,2,2,97
N0139V2S1A20R2.avi,1,20,2,2,139
N0251V3S1A06R2.avi,1,6,3,2,251
N0036V3S1A46R2.avi,1,46,3,2,36
N0028V1S1A30R2.avi,1,30,1,2,28
N0142V1S1A02R2.avi,1,2,1,2,142
N0221V1S1A35R2.avi,1,35,1,2,221
N0181V2S1A06R2.avi,1,6,2,2,181
N0043V2S1A43R2.avi,1,43,2,2,43
N0250V1S1A48R2.avi,1,48,1,2,250
N0286V3S1A33R2.avi,1,33,3,2,286
N0219V3S1A09R2.avi,1,9,3,2,219
N0176V1S1A40R2.avi,1,40,1,2,176
N0224V3S1A16R2.avi,1,16,3,2,224
N0236V3S1A22R2.avi,1,22,3,2,236
N0239V3S1A51R2.avi,1,51,3,2,239
N0179V3S1A11R2.avi,1,11,3,2,179
N0101V2S1A06R2.avi,1,6,2,2,101
N0117V3S1A15R2.avi,1,15,3,2,117
N0021V3S1A04R2.avi,1,4,3,2,21
N0361V2S1A39R2.avi,1,39,2,2,361
N0151V1S1A37R2.avi,1,37,1,2,151
N0124V3S1A27R2.avi,1,27,3,2,124
N0242V1S1A17R2.avi,1,17,1,2,242
N0068V3S1A17R2.avi,1,17,3,2,68
N0039V3S1A42R2.avi,1,42,3,2,39
N0282V3S1A04R2.avi,1,4,3,2,282
N0129V1S1A02R2.avi,1,2,1,2,129
N0260V2S1A27R2.avi,1,27,2,2,260
N0060V2S1A25R2.avi,1,25,2,2,60
N0347V1S1A45R2.avi,1,45,1,2,347
N0092V1S1A34R2.avi,1,34,1,2,92
N0280V3S1A41R2.avi,1,41,3,2,280
N0147V1S1A22R2.avi,1,22,1,2,147
N0216V2S1A25R2.avi,1,25,2,2,216
N0334V1S1A41R2.avi,1,41,1,2,334
N0101V1S1A09R2.avi,1,9,1,2,101
N0345V3S1A34R2.avi,1,34,3,2,345
N0084V2S1A18R2.avi,1,18,2,2,84
N0007V1S1A09R2.avi,1,9,1,2,7
N0196V1S1A39R2.avi,1,39,1,2,196
N0088V1S1A01R2.avi,1,1,1,2,88
N0060V2S1A23R2.avi,1,23,2,2,60
N0279V1S1A08R2.avi,1,8,1,2,279
N0223V1S1A06R2.avi,1,6,1,2,223
N0178V2S1A10R2.avi,1,10,2,2,178
N0048V1S1A30R2.avi,1,30,1,2,48
N0280V2S1A38R2.avi,1,38,2,2,280
N0114V2S1A26R2.avi,1,26,2,2,114
N0102V3S1A05R2.avi,1,5,3,2,102
N0356V1S1A19R2.avi,1,19,1,2,356
N0165V2S1A27R2.avi,1,27,2,2,165
N0072V3S1A50R2.avi,1,50,3,2,72
N0047V1S1A17R2.avi,1,17,1,2,47
N0244V1S1A16R2.avi,1,16,1,2,244
N0176V2S1A02R2.avi,1,2,2,2,176
N0166V1S1A36R2.avi,1,36,1,2,166
N0153V2S1A11R2.avi,1,11,2,2,153
N0110V2S1A29R2.avi,1,29,2,2,110
N0209V1S1A19R2.avi,1,19,1,2,209
N0147V1S1A42R2.avi,1,42,1,2,147
N0076V1S1A48R2.avi,1,48,1,2,76
N0106V2S1A02R2.avi,1,2,2,2,106
N0102V1S1A49R2.avi,1,49,1,2,102
N0109V2S1A31R2.avi,1,31,2,2,109
N0355V2S1A10R2.avi,1,10,2,2,355
N0022V2S1A02R2.avi,1,2,2,2,22
N0250V1S1A10R2.avi,1,10,1,2,250
N0343V2S1A45R2.avi,1,45,2,2,343
N0353V3S1A29R2.avi,1,29,3,2,353
N0131V1S1A47R2.avi,1,47,1,2,131
N0098V2S1A33R2.avi,1,33,2,2,98
N0268V2S1A51R2.avi,1,51,2,2,268
N0357V2S1A28R2.avi,1,28,2,2,357
N0078V3S1A03R2.avi,1,3,3,2,78
N0037V3S1A31R2.avi,1,31,3,2,37
N0109V2S1A22R2.avi,1,22,2,2,109
N0127V1S1A25R2.avi,1,25,1,2,127
N0346V1S1A29R2.avi,1,29,1,2,346
N0286V2S1A48R2.avi,1,48,2,2,286
N0241V1S1A29R2.avi,1,29,1,2,241
N0041V3S1A38R2.avi,1,38,3,2,41
N0123V1S1A46R2.avi,1,46,1,2,123
N0119V2S1A10R2.avi,1,10,2,2,119
N0102V2S1A02R2.avi,1,2,2,2,102
N0061V2S1A29R2.avi,1,29,2,2,61
N0168V3S1A46R2.avi,1,46,3,2,168
N0185V1S1A24R2.avi,1,24,1,2,185
N0023V2S1A19R2.avi,1,19,2,2,23
N0262V1S1A49R2.avi,1,49,1,2,262
N0241V2S1A08R2.avi,1,8,2,2,241
N0037V1S1A22R2.avi,1,22,1,2,37
N0284V2S1A16R2.avi,1,16,2,2,284
N0053V3S1A11R2.avi,1,11,3,2,53
N0013V1S1A08R2.avi,1,8,1,2,13
N0052V1S1A17R2.avi,1,17,1,2,52
N0350V2S1A50R2.avi,1,50,2,2,350
N0102V3S1A36R2.avi,1,36,3,2,102
N0280V1S1A49R2.avi,1,49,1,2,280
N0142V2S1A32R2.avi,1,32,2,2,142
N0138V1S1A03R2.avi,1,3,1,2,138
N0232V2S1A41R2.avi,1,41,2,2,232
N0122V1S1A23R2.avi,1,23,1,2,122
N0180V3S1A36R2.avi,1,36,3,2,180
N0169V1S1A15R2.avi,1,15,1,2,169
N0352V2S1A40R1.avi,1,40,2,1,352
N0267V1S1A42R2.avi,1,42,1,2,267
N0105V2S1A18R2.avi,1,18,2,2,105
N0345V2S1A28R2.avi,1,28,2,2,345
N0171V3S1A07R2.avi,1,7,3,2,171
N0253V3S1A29R2.avi,1,29,3,2,253
N0352V3S1A49R2.avi,1,49,3,2,352
N0259V3S1A44R2.avi,1,44,3,2,259
N0119V1S1A07R2.avi,1,7,1,2,119
N0152V3S1A38R2.avi,1,38,3,2,152
N0016V2S1A02R2.avi,1,2,2,2,16
N0359V2S1A21R2.avi,1,21,2,2,359
N0091V1S1A13R2.avi,1,13,1,2,91
N0067V3S1A06R2.avi,1,6,3,2,67
N0158V1S1A32R2.avi,1,32,1,2,158
N0187V1S1A15R2.avi,1,15,1,2,187
N0218V3S1A49R2.avi,1,49,3,2,218
N0208V2S1A07R2.avi,1,7,2,2,208
N0337V2S1A44R2.avi,1,44,2,2,337
N0036V3S1A48R2.avi,1,48,3,2,36
N0141V3S1A19R2.avi,1,19,3,2,141
N0203V2S1A43R2.avi,1,43,2,2,203
N0168V1S1A02R2.avi,1,2,1,2,168
N0109V3S1A31R2.avi,1,31,3,2,109
N0044V3S1A21R2.avi,1,21,3,2,44
N0158V2S1A46R2.avi,1,46,2,2,158
N0038V1S1A07R2.avi,1,7,1,2,38
N0062V1S1A06R2.avi,1,6,1,2,62
N0362V1S1A42R2.avi,1,42,1,2,362
N0035V2S1A26R2.avi,1,26,2,2,35
N0042V3S1A35R2.avi,1,35,3,2,42
N0190V1S1A34R2.avi,1,34,1,2,190
N0355V2S1A41R2.avi,1,41,2,2,355
N0006V3S1A48R2.avi,1,48,3,2,6
N0163V2S1A43R2.avi,1,43,2,2,163
N0039V3S1A31R2.avi,1,31,3,2,39
N0188V3S1A02R2.avi,1,2,3,2,188
N0278V2S1A35R2.avi,1,35,2,2,278
N0146V3S1A30R2.avi,1,30,3,2,146
N0355V1S1A10R2.avi,1,10,1,2,355
N0272V3S1A35R2.avi,1,35,3,2,272
N0336V3S1A05R2.avi,1,5,3,2,336
N0231V2S1A06R2.avi,1,6,2,2,231
N0098V1S1A22R2.avi,1,22,1,2,98
N0188V3S1A23R2.avi,1,23,3,2,188
N0082V1S1A37R2.avi,1,37,1,2,82
N0209V3S1A19R2.avi,1,19,3,2,209
N0278V1S1A47R2.avi,1,47,1,2,278
N0007V2S1A44R1.avi,1,44,2,1,7
N0243V3S1A46R2.avi,1,46,3,2,243
N0174V1S1A27R2.avi,1,27,1,2,174
N0079V2S1A04R2.avi,1,4,2,2,79
N0211V2S1A32R2.avi,1,32,2,2,211
N0019V2S1A09R2.avi,1,9,2,2,19
N0268V3S1A31R1.avi,1,31,3,1,268
N0281V2S1A45R2.avi,1,45,2,2,281
N0280V1S1A11R2.avi,1,11,1,2,280
N0101V1S1A50R2.avi,1,50,1,2,101
N0028V2S1A37R2.avi,1,37,2,2,28
N0106V2S1A01R2.avi,1,1,2,2,106
N0341V2S1A46R0.avi,1,46,2,0,341
N0073V2S1A44R2.avi,1,44,2,2,73
N0062V3S1A30R2.avi,1,30,3,2,62
N0151V2S1A33R2.avi,1,33,2,2,151
N0108V3S1A47R2.avi,1,47,3,2,108
N0106V2S1A03R2.avi,1,3,2,2,106
N0107V1S1A43R2.avi,1,43,1,2,107
N0158V2S1A29R2.avi,1,29,2,2,158
N0192V1S1A47R2.avi,1,47,1,2,192
N0348V3S1A21R2.avi,1,21,3,2,348
N0272V3S1A11R2.avi,1,11,3,2,272
N0233V2S1A30R2.avi,1,30,2,2,233
N0042V2S1A35R2.avi,1,35,2,2,42
N0143V2S1A15R2.avi,1,15,2,2,143
N0018V1S1A06R2.avi,1,6,1,2,18
N0186V2S1A50R2.avi,1,50,2,2,186
N0026V1S1A47R2.avi,1,47,1,2,26
N0336V3S1A38R2.avi,1,38,3,2,336
N0044V2S1A18R2.avi,1,18,2,2,44
N0166V1S1A35R2.avi,1,35,1,2,166
N0224V2S1A26R2.avi,1,26,2,2,224
N0172V2S1A01R2.avi,1,1,2,2,172
N0344V2S1A42R2.avi,1,42,2,2,344
N0361V3S1A46R2.avi,1,46,3,2,361
N0052V2S1A06R2.avi,1,6,2,2,52
N0162V3S1A46R2.avi,1,46,3,2,162
N0268V1S1A40R2.avi,1,40,1,2,268
N0352V3S1A40R1.avi,1,40,3,1,352
N0256V1S1A40R2.avi,1,40,1,2,256
N0341V3S1A49R2.avi,1,49,3,2,341
N0058V2S1A03R2.avi,1,3,2,2,58
N0088V1S1A03R2.avi,1,3,1,2,88
N0271V3S1A12R2.avi,1,12,3,2,271
N0114V2S1A16R2.avi,1,16,2,2,114
N0050V3S1A46R2.avi,1,46,3,2,50
N0091V3S1A44R2.avi,1,44,3,2,91
N0231V2S1A40R2.avi,1,40,2,2,231
N0170V3S1A02R2.avi,1,2,3,2,170
N0070V2S1A35R2.avi,1,35,2,2,70
N0065V2S1A26R2.avi,1,26,2,2,65
N0265V1S1A44R2.avi,1,44,1,2,265
N0213V1S1A39R2.avi,1,39,1,2,213
N0245V2S1A24R2.avi,1,24,2,2,245
N0206V1S1A28R2.avi,1,28,1,2,206
N0022V3S1A46R2.avi,1,46,3,2,22
N0261V2S1A18R2.avi,1,18,2,2,261
N0172V2S1A37R2.avi,1,37,2,2,172
N0010V1S1A49R1.avi,1,49,1,1,10
N0147V3S1A45R2.avi,1,45,3,2,147
N0085V2S1A16R2.avi,1,16,2,2,85
N0280V3S1A48R2.avi,1,48,3,2,280
N0356V2S1A37R2.avi,1,37,2,2,356
N0001V2S1A20R2.avi,1,20,2,2,1
N0153V1S1A40R1.avi,1,40,1,1,153
N0234V3S1A21R2.avi,1,21,3,2,234
N0203V1S1A33R2.avi,1,33,1,2,203
N0195V3S1A18R2.avi,1,18,3,2,195
N0049V1S1A32R2.avi,1,32,1,2,49
N0146V1S1A33R2.avi,1,33,1,2,146
N0083V1S1A32R2.avi,1,32,1,2,83
N0286V3S1A38R2.avi,1,38,3,2,286
N0213V2S1A22R2.avi,1,22,2,2,213
N0113V3S1A43R2.avi,1,43,3,2,113
N0063V2S1A45R2.avi,1,45,2,2,63
N0149V3S1A17R2.avi,1,17,3,2,149
N0269V1S1A30R2.avi,1,30,1,2,269
N0241V3S1A47R2.avi,1,47,3,2,241
N0256V2S1A03R1.avi,1,3,2,1,256
N0050V2S1A25R2.avi,1,25,2,2,50
N0344V2S1A51R2.avi,1,51,2,2,344
N0089V1S1A20R2.avi,1,20,1,2,89
N0227V3S1A19R2.avi,1,19,3,2,227
N0009V1S1A05R2.avi,1,5,1,2,9
N0256V1S1A50R2.avi,1,50,1,2,256
N0190V3S1A40R2.avi,1,40,3,2,190
N0192V2S1A50R2.avi,1,50,2,2,192
N0231V2S1A44R2.avi,1,44,2,2,231
N0264V2S1A45R2.avi,1,45,2,2,264
N0211V3S1A34R2.avi,1,34,3,2,211
N0009V3S1A17R2.avi,1,17,3,2,9
N0283V1S1A29R2.avi,1,29,1,2,283
N0052V2S1A34R2.avi,1,34,2,2,52
N0169V3S1A41R2.avi,1,41,3,2,169
N0129V3S1A15R2.avi,1,15,3,2,129
N0281V2S1A23R2.avi,1,23,2,2,281
N0020V1S1A37R2.avi,1,37,1,2,20
N0032V1S1A28R0.avi,1,28,1,0,32
N0335V2S1A10R2.avi,1,10,2,2,335
N0161V2S1A44R2.avi,1,44,2,2,161
N0120V2S1A48R2.avi,1,48,2,2,120
N0346V2S1A29R2.avi,1,29,2,2,346
N0226V2S1A50R2.avi,1,50,2,2,226
N0361V2S1A45R2.avi,1,45,2,2,361
N0211V2S1A10R2.avi,1,10,2,2,211
N0098V2S1A49R2.avi,1,49,2,2,98
N0215V2S1A18R2.avi,1,18,2,2,215
N0175V1S1A12R2.avi,1,12,1,2,175
N0355V1S1A36R2.avi,1,36,1,2,355
N0137V1S1A10R2.avi,1,10,1,2,137
N0173V3S1A15R2.avi,1,15,3,2,173
N0069V1S1A08R2.avi,1,8,1,2,69
N0211V3S1A30R2.avi,1,30,3,2,211
N0230V3S1A44R2.avi,1,44,3,2,230
N0278V1S1A45R2.avi,1,45,1,2,278
N0066V2S1A01R2.avi,1,1,2,2,66
N0090V2S1A34R2.avi,1,34,2,2,90
N0186V3S1A10R2.avi,1,10,3,2,186
N0050V2S1A29R2.avi,1,29,2,2,50
N0200V3S1A08R2.avi,1,8,3,2,200
N0180V2S1A30R2.avi,1,30,2,2,180
N0269V3S1A19R2.avi,1,19,3,2,269
N0263V2S1A43R2.avi,1,43,2,2,263
N0212V1S1A50R2.avi,1,50,1,2,212
N0180V2S1A38R2.avi,1,38,2,2,180
N0257V1S1A30R2.avi,1,30,1,2,257
N0039V3S1A04R2.avi,1,4,3,2,39
N0156V1S1A37R2.avi,1,37,1,2,156
N0172V3S1A38R2.avi,1,38,3,2,172
N0063V3S1A15R2.avi,1,15,3,2,63
N0179V3S1A38R2.avi,1,38,3,2,179
N0156V2S1A25R2.avi,1,25,2,2,156
N0221V3S1A06R2.avi,1,6,3,2,221
N0028V3S1A46R2.avi,1,46,3,2,28
N0047V3S1A07R2.avi,1,7,3,2,47
N0150V3S1A42R1.avi,1,42,3,1,150
N0167V3S1A44R2.avi,1,44,3,2,167
N0058V1S1A02R2.avi,1,2,1,2,58
N0077V1S1A05R2.avi,1,5,1,2,77
N0148V2S1A49R2.avi,1,49,2,2,148
N0101V2S1A32R2.avi,1,32,2,2,101
N0343V3S1A01R2.avi,1,1,3,2,343
N0058V3S1A07R2.avi,1,7,3,2,58
N0273V2S1A23R2.avi,1,23,2,2,273
N0067V3S1A05R2.avi,1,5,3,2,67
N0274V3S1A01R2.avi,1,1,3,2,274
N0270V1S1A14R2.avi,1,14,1,2,270
N0163V1S1A43R2.avi,1,43,1,2,163
N0042V3S1A02R2.avi,1,2,3,2,42
N0166V3S1A35R2.avi,1,35,3,2,166
N0084V2S1A16R2.avi,1,16,2,2,84
N0202V3S1A44R2.avi,1,44,3,2,202
N0148V3S1A22R2.avi,1,22,3,2,148
N0027V3S1A43R2.avi,1,43,3,2,27
N0067V1S1A31R2.avi,1,31,1,2,67
N0129V2S1A02R2.avi,1,2,2,2,129
N0260V1S1A26R2.avi,1,26,1,2,260
N0200V3S1A47R2.avi,1,47,3,2,200
N0200V3S1A45R2.avi,1,45,3,2,200
N0090V2S1A25R2.avi,1,25,2,2,90
N0207V2S1A39R2.avi,1,39,2,2,207
N0040V2S1A37R2.avi,1,37,2,2,40
N0031V3S1A50R2.avi,1,50,3,2,31
N0229V1S1A22R2.avi,1,22,1,2,229
N0163V3S1A09R2.avi,1,9,3,2,163
N0167V2S1A45R2.avi,1,45,2,2,167
N0036V2S1A03R2.avi,1,3,2,2,36
N0279V1S1A15R2.avi,1,15,1,2,279
N0340V1S1A40R2.avi,1,40,1,2,340
N0058V3S1A46R2.avi,1,46,3,2,58
N0266V3S1A41R2.avi,1,41,3,2,266
N0138V3S1A07R2.avi,1,7,3,2,138
N0276V2S1A03R2.avi,1,3,2,2,276
N0354V2S1A42R2.avi,1,42,2,2,354
N0289V2S1A44R2.avi,1,44,2,2,289
N0001V3S1A22R2.avi,1,22,3,2,1
N0239V3S1A06R2.avi,1,6,3,2,239
N0259V3S1A29R2.avi,1,29,3,2,259
N0190V3S1A29R2.avi,1,29,3,2,190
N0341V1S1A17R2.avi,1,17,1,2,341
N0017V1S1A41R2.avi,1,41,1,2,17
N0166V2S1A48R2.avi,1,48,2,2,166
N0108V1S1A03R2.avi,1,3,1,2,108
N0250V1S1A33R2.avi,1,33,1,2,250
N0008V3S1A02R2.avi,1,2,3,2,8
N0338V1S1A21R2.avi,1,21,1,2,338
N0136V3S1A02R2.avi,1,2,3,2,136
N0086V1S1A29R2.avi,1,29,1,2,86
N0068V1S1A33R2.avi,1,33,1,2,68
N0251V2S1A44R2.avi,1,44,2,2,251
N0092V2S1A28R2.avi,1,28,2,2,92
N0033V1S1A15R2.avi,1,15,1,2,33
N0162V2S1A02R2.avi,1,2,2,2,162
N0069V2S1A38R2.avi,1,38,2,2,69
N0181V1S1A45R2.avi,1,45,1,2,181
N0152V1S1A34R2.avi,1,34,1,2,152
N0151V3S1A08R2.avi,1,8,3,2,151
N0187V1S1A45R2.avi,1,45,1,2,187
N0036V2S1A19R2.avi,1,19,2,2,36
N0256V3S1A03R1.avi,1,3,3,1,256
N0283V3S1A49R2.avi,1,49,3,2,283
N0188V3S1A19R2.avi,1,19,3,2,188
N0360V1S1A30R2.avi,1,30,1,2,360
N0190V2S1A51R2.avi,1,51,2,2,190
N0347V2S1A45R2.avi,1,45,2,2,347
N0258V2S1A33R2.avi,1,33,2,2,258
N0184V2S1A24R2.avi,1,24,2,2,184
N0057V2S1A09R2.avi,1,9,2,2,57
N0161V2S1A20R2.avi,1,20,2,2,161
N0023V3S1A04R2.avi,1,4,3,2,23
N0011V2S1A38R2.avi,1,38,2,2,11
N0280V3S1A38R2.avi,1,38,3,2,280
N0156V2S1A34R2.avi,1,34,2,2,156
N0102V3S1A35R2.avi,1,35,3,2,102
N0171V3S1A43R2.avi,1,43,3,2,171
N0130V3S1A34R2.avi,1,34,3,2,130
N0077V2S1A11R2.avi,1,11,2,2,77
N0278V1S1A33R2.avi,1,33,1,2,278
N0161V2S1A19R2.avi,1,19,2,2,161
N0258V3S1A05R2.avi,1,5,3,2,258
N0130V1S1A03R2.avi,1,3,1,2,130
N0043V3S1A43R2.avi,1,43,3,2,43
N0357V1S1A39R2.avi,1,39,1,2,357
N0211V3S1A13R2.avi,1,13,3,2,211
N0357V2S1A10R2.avi,1,10,2,2,357
N0282V3S1A50R2.avi,1,50,3,2,282
N0262V3S1A48R2.avi,1,48,3,2,262
N0032V1S1A48R2.avi,1,48,1,2,32
N0112V3S1A22R2.avi,1,22,3,2,112
N0283V1S1A38R2.avi,1,38,1,2,283
N0288V2S1A51R2.avi,1,51,2,2,288
N0112V3S1A01R2.avi,1,1,3,2,112
N0120V3S1A19R2.avi,1,19,3,2,120
N0171V1S1A17R2.avi,1,17,1,2,171
N0066V2S1A49R2.avi,1,49,2,2,66
N0225V3S1A16R2.avi,1,16,3,2,225
N0157V2S1A43R2.avi,1,43,2,2,157
N0179V2S1A38R2.avi,1,38,2,2,179
N0043V1S1A41R2.avi,1,41,1,2,43
N0168V2S1A50R2.avi,1,50,2,2,168
N0226V1S1A17R2.avi,1,17,1,2,226
N0179V1S1A17R2.avi,1,17,1,2,179
N0161V3S1A31R2.avi,1,31,3,2,161
N0181V3S1A01R2.avi,1,1,3,2,181
N0120V1S1A38R2.avi,1,38,1,2,120
N0286V1S1A28R2.avi,1,28,1,2,286
N0169V1S1A20R2.avi,1,20,1,2,169
N0253V2S1A29R2.avi,1,29,2,2,253
N0012V1S1A49R2.avi,1,49,1,2,12
N0232V2S1A51R2.avi,1,51,2,2,232
N0265V2S1A07R2.avi,1,7,2,2,265
N0218V2S1A08R2.avi,1,8,2,2,218
N0167V3S1A29R2.avi,1,29,3,2,167
N0206V2S1A25R2.avi,1,25,2,2,206
N0181V2S1A15R2.avi,1,15,2,2,181
N0082V2S1A34R2.avi,1,34,2,2,82
N0113V3S1A02R2.avi,1,2,3,2,113
N0244V2S1A27R1.avi,1,27,2,1,244
N0346V2S1A03R2.avi,1,3,2,2,346
N0226V1S1A22R2.avi,1,22,1,2,226
N0100V1S1A28R2.avi,1,28,1,2,100
N0056V1S1A23R2.avi,1,23,1,2,56
N0097V3S1A46R2.avi,1,46,3,2,97
N0201V1S1A20R2.avi,1,20,1,2,201
N0145V2S1A12R2.avi,1,12,2,2,145
N0218V1S1A25R2.avi,1,25,1,2,218
N0039V2S1A19R2.avi,1,19,2,2,39
N0101V3S1A31R2.avi,1,31,3,2,101
N0006V2S1A33R2.avi,1,33,2,2,6
N0219V3S1A06R2.avi,1,6,3,2,219
N0077V1S1A11R2.avi,1,11,1,2,77
N0129V2S1A31R2.avi,1,31,2,2,129
N0191V2S1A37R2.avi,1,37,2,2,191
N0065V1S1A16R2.avi,1,16,1,2,65
N0050V1S1A08R2.avi,1,8,1,2,50
N0177V1S1A32R2.avi,1,32,1,2,177
N0056V3S1A33R2.avi,1,33,3,2,56
N0352V3S1A03R2.avi,1,3,3,2,352
N0187V3S1A29R2.avi,1,29,3,2,187
N0082V3S1A30R2.avi,1,30,3,2,82
N0223V3S1A22R2.avi,1,22,3,2,223
N0277V1S1A19R2.avi,1,19,1,2,277
N0211V3S1A33R2.avi,1,33,3,2,211
N0020V2S1A23R2.avi,1,23,2,2,20
N0077V2S1A06R2.avi,1,6,2,2,77
N0158V3S1A38R2.avi,1,38,3,2,158
N0201V3S1A20R2.avi,1,20,3,2,201
N0276V1S1A50R2.avi,1,50,1,2,276
N0103V3S1A23R2.avi,1,23,3,2,103
N0139V2S1A44R2.avi,1,44,2,2,139
N0288V1S1A13R2.avi,1,13,1,2,288
N0353V3S1A23R2.avi,1,23,3,2,353
N0110V1S1A10R2.avi,1,10,1,2,110
N0097V1S1A44R2.avi,1,44,1,2,97
N0251V1S1A33R2.avi,1,33,1,2,251
N0352V1S1A03R2.avi,1,3,1,2,352
N0096V1S1A01R2.avi,1,1,1,2,96
N0201V1S1A40R2.avi,1,40,1,2,201
N0188V3S1A36R2.avi,1,36,3,2,188
N0062V2S1A30R2.avi,1,30,2,2,62
N0090V3S1A23R2.avi,1,23,3,2,90
N0261V1S1A12R2.avi,1,12,1,2,261
N0287V3S1A34R2.avi,1,34,3,2,287
N0199V2S1A23R2.avi,1,23,2,2,199
N0083V1S1A45R2.avi,1,45,1,2,83
N0275V1S1A50R2.avi,1,50,1,2,275
N0128V1S1A19R2.avi,1,19,1,2,128
N0221V1S1A43R2.avi,1,43,1,2,221
N0346V1S1A20R2.avi,1,20,1,2,346
N0267V1S1A17R2.avi,1,17,1,2,267
N0128V3S1A19R2.avi,1,19,3,2,128
N0253V3S1A10R2.avi,1,10,3,2,253
N0289V1S1A44R2.avi,1,44,1,2,289
N0358V3S1A18R2.avi,1,18,3,2,358
N0208V3S1A44R1.avi,1,44,3,1,208
N0047V3S1A38R2.avi,1,38,3,2,47
N0099V1S1A28R2.avi,1,28,1,2,99
N0210V3S1A38R2.avi,1,38,3,2,210
N0010V1S1A25R1.avi,1,25,1,1,10
N0078V2S1A49R2.avi,1,49,2,2,78
N0134V1S1A24R2.avi,1,24,1,2,134
N0064V3S1A21R2.avi,1,21,3,2,64
N0222V2S1A13R2.avi,1,13,2,2,222
N0099V3S1A01R2.avi,1,1,3,2,99
N0041V1S1A09R2.avi,1,9,1,2,41
N0121V3S1A15R2.avi,1,15,3,2,121
N0221V3S1A36R2.avi,1,36,3,2,221
N0190V3S1A17R2.avi,1,17,3,2,190
N0038V2S1A47R2.avi,1,47,2,2,38
N0345V2S1A17R2.avi,1,17,2,2,345
N0051V2S1A06R2.avi,1,6,2,2,51
N0268V2S1A22R2.avi,1,22,2,2,268
N0043V1S1A04R2.avi,1,4,1,2,43
N0256V2S1A25R2.avi,1,25,2,2,256
N0143V2S1A04R2.avi,1,4,2,2,143
N0198V1S1A09R2.avi,1,9,1,2,198
N0351V3S1A35R2.avi,1,35,3,2,351
N0201V2S1A40R2.avi,1,40,2,2,201
N0275V1S1A32R2.avi,1,32,1,2,275
N0066V3S1A08R2.avi,1,8,3,2,66
N0110V1S1A34R2.avi,1,34,1,2,110
N0137V3S1A51R0.avi,1,51,3,0,137
N0030V3S1A37R2.avi,1,37,3,2,30
N0256V2S1A28R2.avi,1,28,2,2,256
N0072V2S1A28R2.avi,1,28,2,2,72
N0188V1S1A06R2.avi,1,6,1,2,188
N0267V2S1A06R2.avi,1,6,2,2,267
N0206V2S1A35R2.avi,1,35,2,2,206
N0135V3S1A21R1.avi,1,21,3,1,135
N0170V1S1A46R2.avi,1,46,1,2,170
N0110V3S1A48R2.avi,1,48,3,2,110
N0173V3S1A07R2.avi,1,7,3,2,173
N0156V3S1A47R2.avi,1,47,3,2,156
N0083V3S1A44R2.avi,1,44,3,2,83
N0106V2S1A46R2.avi,1,46,2,2,106
N0073V2S1A09R2.avi,1,9,2,2,73
N0069V2S1A23R2.avi,1,23,2,2,69
N0170V3S1A08R2.avi,1,8,3,2,170
N0029V1S1A39R2.avi,1,39,1,2,29
N0011V3S1A17R2.avi,1,17,3,2,11
N0345V2S1A11R2.avi,1,11,2,2,345
N0024V3S1A12R2.avi,1,12,3,2,24
N0281V2S1A47R2.avi,1,47,2,2,281
N0141V2S1A43R2.avi,1,43,2,2,141
N0110V3S1A10R2.avi,1,10,3,2,110
N0060V3S1A30R2.avi,1,30,3,2,60
N0068V1S1A37R2.avi,1,37,1,2,68
N0036V1S1A39R2.avi,1,39,1,2,36
N0287V2S1A34R2.avi,1,34,2,2,287
N0201V2S1A17R2.avi,1,17,2,2,201
N0090V2S1A39R2.avi,1,39,2,2,90
N0287V2S1A38R2.avi,1,38,2,2,287
N0058V1S1A03R2.avi,1,3,1,2,58
N0204V3S1A27R2.avi,1,27,3,2,204
N0225V2S1A16R2.avi,1,16,2,2,225
N0157V1S1A42R1.avi,1,42,1,1,157
N0150V2S1A04R2.avi,1,4,2,2,150
N0210V2S1A17R2.avi,1,17,2,2,210
N0102V3S1A30R2.avi,1,30,3,2,102
N0013V2S1A39R2.avi,1,39,2,2,13
N0207V2S1A15R2.avi,1,15,2,2,207
N0086V2S1A01R2.avi,1,1,2,2,86
N0056V2S1A29R2.avi,1,29,2,2,56
N0233V1S1A02R2.avi,1,2,1,2,233
N0257V3S1A07R2.avi,1,7,3,2,257
N0132V2S1A22R2.avi,1,22,2,2,132
N0170V3S1A49R2.avi,1,49,3,2,170
N0070V1S1A38R2.avi,1,38,1,2,70
N0099V3S1A35R2.avi,1,35,3,2,99
N0226V3S1A04R2.avi,1,4,3,2,226
N0168V3S1A29R2.avi,1,29,3,2,168
N0241V2S1A06R2.avi,1,6,2,2,241
N0007V1S1A10R2.avi,1,10,1,2,7
N0256V3S1A49R2.avi,1,49,3,2,256
N0123V3S1A50R2.avi,1,50,3,2,123
N0076V3S1A30R2.avi,1,30,3,2,76
N0095V3S1A16R2.avi,1,16,3,2,95
N0242V2S1A47R2.avi,1,47,2,2,242
N0278V2S1A06R2.avi,1,6,2,2,278
N0111V1S1A51R2.avi,1,51,1,2,111
N0039V1S1A43R2.avi,1,43,1,2,39
N0010V3S1A19R2.avi,1,19,3,2,10
N0053V2S1A38R2.avi,1,38,2,2,53
N0120V1S1A28R2.avi,1,28,1,2,120
N0121V2S1A17R2.avi,1,17,2,2,121
N0181V3S1A43R2.avi,1,43,3,2,181
N0282V3S1A33R2.avi,1,33,3,2,282
N0280V2S1A23R2.avi,1,23,2,2,280
N0186V3S1A51R2.avi,1,51,3,2,186
N0157V3S1A38R2.avi,1,38,3,2,157
N0031V3S1A41R2.avi,1,41,3,2,31
N0213V2S1A41R2.avi,1,41,2,2,213
N0072V3S1A34R2.avi,1,34,3,2,72
N0086V2S1A36R2.avi,1,36,2,2,86
N0156V3S1A37R2.avi,1,37,3,2,156
N0344V1S1A05R2.avi,1,5,1,2,344
N0173V2S1A07R2.avi,1,7,2,2,173
N0223V2S1A17R2.avi,1,17,2,2,223
N0240V2S1A35R2.avi,1,35,2,2,240
N0073V1S1A39R2.avi,1,39,1,2,73
N0172V3S1A36R2.avi,1,36,3,2,172
N0222V1S1A45R2.avi,1,45,1,2,222
N0042V3S1A06R2.avi,1,6,3,2,42
N0038V1S1A05R2.avi,1,5,1,2,38
N0113V1S1A48R2.avi,1,48,1,2,113
N0068V1S1A36R2.avi,1,36,1,2,68
N0269V2S1A07R2.avi,1,7,2,2,269
N0231V1S1A15R2.avi,1,15,1,2,231
N0032V1S1A33R2.avi,1,33,1,2,32
N0273V3S1A39R2.avi,1,39,3,2,273
N0066V3S1A19R2.avi,1,19,3,2,66
N0240V1S1A29R2.avi,1,29,1,2,240
N0142V1S1A08R2.avi,1,8,1,2,142
N0350V2S1A08R2.avi,1,8,2,2,350
N0073V2S1A22R2.avi,1,22,2,2,73
N0263V2S1A22R2.avi,1,22,2,2,263
N0343V3S1A31R2.avi,1,31,3,2,343
N0259V3S1A41R2.avi,1,41,3,2,259
N0038V2S1A50R1.avi,1,50,2,1,38
N0069V2S1A19R2.avi,1,19,2,2,69
N0273V1S1A39R2.avi,1,39,1,2,273
N0342V1S1A41R2.avi,1,41,1,2,342
N0032V1S1A49R2.avi,1,49,1,2,32
N0103V1S1A41R2.avi,1,41,1,2,103
N0343V3S1A46R0.avi,1,46,3,0,343
N0142V1S1A36R2.avi,1,36,1,2,142
N0089V3S1A04R2.avi,1,4,3,2,89
N0090V1S1A23R2.avi,1,23,1,2,90
N0357V1S1A28R2.avi,1,28,1,2,357
N0127V2S1A08R2.avi,1,8,2,2,127
N0130V1S1A33R2.avi,1,33,1,2,130
N0281V3S1A08R2.avi,1,8,3,2,281
N0129V1S1A37R2.avi,1,37,1,2,129
N0046V1S1A19R2.avi,1,19,1,2,46
N0232V1S1A25R2.avi,1,25,1,2,232
N0109V1S1A09R2.avi,1,9,1,2,109
N0016V1S1A29R2.avi,1,29,1,2,16
N0137V3S1A43R2.avi,1,43,3,2,137
N0149V2S1A31R2.avi,1,31,2,2,149
N0341V1S1A10R2.avi,1,10,1,2,341
N0047V1S1A15R2.avi,1,15,1,2,47
N0180V3S1A08R2.avi,1,8,3,2,180
N0347V2S1A10R2.avi,1,10,2,2,347
N0121V1S1A06R2.avi,1,6,1,2,121
N0020V1S1A36R1.avi,1,36,1,1,20
N0241V2S1A47R2.avi,1,47,2,2,241
N0093V3S1A31R2.avi,1,31,3,2,93
N0037V2S1A11R2.avi,1,11,2,2,37
N0140V3S1A36R2.avi,1,36,3,2,140
N0182V2S1A39R2.avi,1,39,2,2,182
N0258V1S1A35R2.avi,1,35,1,2,258
N0222V3S1A10R2.avi,1,10,3,2,222
N0197V2S1A34R2.avi,1,34,2,2,197
N0191V1S1A09R2.avi,1,9,1,2,191
N0044V2S1A27R1.avi,1,27,2,1,44
N0109V1S1A38R2.avi,1,38,1,2,109
N0063V2S1A09R2.avi,1,9,2,2,63
N0252V1S1A13R2.avi,1,13,1,2,252
N0103V3S1A10R2.avi,1,10,3,2,103
N0251V3S1A32R2.avi,1,32,3,2,251
N0335V1S1A44R2.avi,1,44,1,2,335
N0052V1S1A37R2.avi,1,37,1,2,52
N0032V3S1A40R2.avi,1,40,3,2,32
N0199V2S1A08R2.avi,1,8,2,2,199
N0033V1S1A04R2.avi,1,4,1,2,33
N0206V3S1A44R2.avi,1,44,3,2,206
N0180V3S1A34R2.avi,1,34,3,2,180
N0252V3S1A01R2.avi,1,1,3,2,252
N0276V3S1A38R2.avi,1,38,3,2,276
N0058V2S1A13R2.avi,1,13,2,2,58
N0340V2S1A38R2.avi,1,38,2,2,340
N0211V3S1A28R2.avi,1,28,3,2,211
N0039V3S1A39R2.avi,1,39,3,2,39
N0196V3S1A47R2.avi,1,47,3,2,196
N0187V3S1A05R2.avi,1,5,3,2,187
N0118V1S1A38R2.avi,1,38,1,2,118
N0002V3S1A49R2.avi,1,49,3,2,2
N0283V1S1A41R2.avi,1,41,1,2,283
N0174V1S1A12R2.avi,1,12,1,2,174
N0144V3S1A24R2.avi,1,24,3,2,144
N0017V2S1A07R2.avi,1,7,2,2,17
N0098V2S1A32R2.avi,1,32,2,2,98
N0210V3S1A17R2.avi,1,17,3,2,210
N0042V1S1A51R1.avi,1,51,1,1,42
N0032V2S1A40R2.avi,1,40,2,2,32
N0100V3S1A08R2.avi,1,8,3,2,100
N0277V2S1A15R2.avi,1,15,2,2,277
N0260V2S1A18R2.avi,1,18,2,2,260
N0251V1S1A08R2.avi,1,8,1,2,251
N0353V3S1A01R2.avi,1,1,3,2,353
N0058V2S1A06R2.avi,1,6,2,2,58
N0120V2S1A22R2.avi,1,22,2,2,120
N0275V1S1A37R2.avi,1,37,1,2,275
N0018V3S1A17R2.avi,1,17,3,2,18
N0028V2S1A49R1.avi,1,49,2,1,28
N0341V1S1A37R2.avi,1,37,1,2,341
N0354V2S1A09R2.avi,1,9,2,2,354
N0253V1S1A33R2.avi,1,33,1,2,253
N0119V2S1A47R2.avi,1,47,2,2,119
N0267V1S1A51R2.avi,1,51,1,2,267
N0030V1S1A28R2.avi,1,28,1,2,30
N0189V2S1A45R2.avi,1,45,2,2,189
N0103V3S1A15R2.avi,1,15,3,2,103
N0252V3S1A43R2.avi,1,43,3,2,252
N0054V1S1A16R2.avi,1,16,1,2,54
N0011V1S1A17R2.avi,1,17,1,2,11
N0090V3S1A25R2.avi,1,25,3,2,90
N0344V3S1A06R2.avi,1,6,3,2,344
N0004V3S1A24R2.avi,1,24,3,2,4
N0217V3S1A28R2.avi,1,28,3,2,217
N0203V3S1A09R2.avi,1,9,3,2,203
N0005V1S1A21R2.avi,1,21,1,2,5
N0114V3S1A27R2.avi,1,27,3,2,114
N0278V1S1A32R2.avi,1,32,1,2,278
N0144V2S1A26R2.avi,1,26,2,2,144
N0094V2S1A18R2.avi,1,18,2,2,94
N0015V3S1A21R2.avi,1,21,3,2,15
N0019V2S1A19R2.avi,1,19,2,2,19
N0092V2S1A33R2.avi,1,33,2,2,92
N0029V2S1A41R2.avi,1,41,2,2,29
N0170V2S1A38R2.avi,1,38,2,2,170
N0251V3S1A08R2.avi,1,8,3,2,251
N0342V2S1A04R2.avi,1,4,2,2,342
N0042V1S1A13R2.avi,1,13,1,2,42
N0345V3S1A13R2.avi,1,13,3,2,345
N0107V2S1A44R2.avi,1,44,2,2,107
N0158V1S1A19R2.avi,1,19,1,2,158
N0289V2S1A38R2.avi,1,38,2,2,289
N0107V2S1A41R2.avi,1,41,2,2,107
N0188V3S1A48R2.avi,1,48,3,2,188
N0218V2S1A45R2.avi,1,45,2,2,218
N0127V1S1A49R2.avi,1,49,1,2,127
N0237V3S1A50R2.avi,1,50,3,2,237
N0061V2S1A11R2.avi,1,11,2,2,61
N0028V3S1A35R2.avi,1,35,3,2,28
N0026V3S1A30R2.avi,1,30,3,2,26
N0281V1S1A45R2.avi,1,45,1,2,281
N0210V3S1A40R2.avi,1,40,3,2,210
N0114V1S1A16R2.avi,1,16,1,2,114
N0099V1S1A45R2.avi,1,45,1,2,99
N0189V2S1A04R2.avi,1,4,2,2,189
N0354V2S1A41R2.avi,1,41,2,2,354
N0109V3S1A32R2.avi,1,32,3,2,109
N0362V3S1A36R2.avi,1,36,3,2,362
N0279V2S1A07R2.avi,1,7,2,2,279
N0208V2S1A25R2.avi,1,25,2,2,208
N0053V1S1A10R2.avi,1,10,1,2,53
N0053V1S1A04R2.avi,1,4,1,2,53
N0052V1S1A01R2.avi,1,1,1,2,52
N0253V2S1A09R2.avi,1,9,2,2,253
N0077V3S1A42R2.avi,1,42,3,2,77
N0034V1S1A26R2.avi,1,26,1,2,34
N0352V1S1A05R2.avi,1,5,1,2,352
N0188V1S1A02R2.avi,1,2,1,2,188
N0222V1S1A04R2.avi,1,4,1,2,222
N0147V3S1A31R2.avi,1,31,3,2,147
N0008V1S1A29R2.avi,1,29,1,2,8
N0275V3S1A17R2.avi,1,17,3,2,275
N0157V1S1A32R2.avi,1,32,1,2,157
N0090V3S1A29R2.avi,1,29,3,2,90
N0098V1S1A13R2.avi,1,13,1,2,98
N0156V2S1A40R2.avi,1,40,2,2,156
N0259V3S1A50R2.avi,1,50,3,2,259
N0082V2S1A01R2.avi,1,1,2,2,82
N0180V3S1A38R2.avi,1,38,3,2,180
N0139V2S1A31R2.avi,1,31,2,2,139
N0269V2S1A25R2.avi,1,25,2,2,269
N0145V1S1A12R2.avi,1,12,1,2,145
N0136V1S1A02R2.avi,1,2,1,2,136
N0142V2S1A46R2.avi,1,46,2,2,142
N0236V2S1A36R2.avi,1,36,2,2,236
N0058V2S1A36R2.avi,1,36,2,2,58
N0284V3S1A14R2.avi,1,14,3,2,284
N0134V2S1A18R2.avi,1,18,2,2,134
N0079V1S1A11R2.avi,1,11,1,2,79
N0052V2S1A01R2.avi,1,1,2,2,52
N0262V2S1A48R2.avi,1,48,2,2,262
N0231V2S1A30R2.avi,1,30,2,2,231
N0152V3S1A36R1.avi,1,36,3,1,152
N0082V3S1A13R1.avi,1,13,3,1,82
N0146V3S1A51R2.avi,1,51,3,2,146
N0168V3S1A02R2.avi,1,2,3,2,168
N0016V2S1A48R2.avi,1,48,2,2,16
N0098V2S1A20R2.avi,1,20,2,2,98
N0068V1S1A06R2.avi,1,6,1,2,68
N0208V1S1A34R2.avi,1,34,1,2,208
N0040V1S1A38R2.avi,1,38,1,2,40
N0111V3S1A15R2.avi,1,15,3,2,111
N0027V2S1A43R2.avi,1,43,2,2,27
N0266V3S1A28R2.avi,1,28,3,2,266
N0212V3S1A38R2.avi,1,38,3,2,212
N0036V2S1A47R2.avi,1,47,2,2,36
N0167V3S1A01R2.avi,1,1,3,2,167
N0034V1S1A14R2.avi,1,14,1,2,34
N0146V2S1A36R2.avi,1,36,2,2,146
N0122V1S1A28R2.avi,1,28,1,2,122
N0107V3S1A11R2.avi,1,11,3,2,107
N0282V2S1A04R2.avi,1,4,2,2,282
N0274V1S1A28R2.avi,1,28,1,2,274
N0228V3S1A34R2.avi,1,34,3,2,228
N0100V3S1A46R2.avi,1,46,3,2,100
N0239V3S1A41R2.avi,1,41,3,2,239
N0240V1S1A39R2.avi,1,39,1,2,240
N0169V3S1A22R2.avi,1,22,3,2,169
N0118V2S1A08R2.avi,1,8,2,2,118
N0238V3S1A08R2.avi,1,8,3,2,238
N0257V3S1A32R2.avi,1,32,3,2,257
N0147V2S1A04R2.avi,1,4,2,2,147
N0146V3S1A29R2.avi,1,29,3,2,146
N0241V3S1A29R2.avi,1,29,3,2,241
N0180V1S1A34R2.avi,1,34,1,2,180
N0363V1S1A01R2.avi,1,1,1,2,363
N0278V3S1A39R2.avi,1,39,3,2,278
N0203V2S1A05R2.avi,1,5,2,2,203
N0200V2S1A48R2.avi,1,48,2,2,200
N0050V3S1A30R2.avi,1,30,3,2,50
N0008V1S1A38R2.avi,1,38,1,2,8
N0193V2S1A29R2.avi,1,29,2,2,193
N0162V3S1A38R2.avi,1,38,3,2,162
N0107V3S1A22R2.avi,1,22,3,2,107
N0252V3S1A04R2.avi,1,4,3,2,252
N0151V2S1A23R2.avi,1,23,2,2,151
N0230V3S1A47R2.avi,1,47,3,2,230
N0278V1S1A48R2.avi,1,48,1,2,278
N0257V2S1A05R2.avi,1,5,2,2,257
N0280V3S1A51R2.avi,1,51,3,2,280
N0236V3S1A47R2.avi,1,47,3,2,236
N0279V3S1A25R2.avi,1,25,3,2,279
N0105V3S1A12R2.avi,1,12,3,2,105
N0101V2S1A45R2.avi,1,45,2,2,101
N0045V1S1A18R2.avi,1,18,1,2,45
N0048V1S1A02R2.avi,1,2,1,2,48
N0128V2S1A02R2.avi,1,2,2,2,128
N0072V2S1A36R2.avi,1,36,2,2,72
N0111V3S1A06R2.avi,1,6,3,2,111
N0348V2S1A27R2.avi,1,27,2,2,348
N0027V3S1A45R2.avi,1,45,3,2,27
N0353V3S1A39R2.avi,1,39,3,2,353
N0008V3S1A39R2.avi,1,39,3,2,8
N0345V1S1A38R2.avi,1,38,1,2,345
N0149V2S1A42R2.avi,1,42,2,2,149
N0146V1S1A50R2.avi,1,50,1,2,146
N0088V2S1A03R2.avi,1,3,2,2,88
N0277V3S1A07R2.avi,1,7,3,2,277
N0099V3S1A28R2.avi,1,28,3,2,99
N0103V3S1A39R2.avi,1,39,3,2,103
N0011V3S1A50R2.avi,1,50,3,2,11
N0141V1S1A04R2.avi,1,4,1,2,141
N0132V1S1A03R2.avi,1,3,1,2,132
N0219V1S1A23R2.avi,1,23,1,2,219
N0269V3S1A09R2.avi,1,9,3,2,269
N0151V1S1A32R2.avi,1,32,1,2,151
N0350V2S1A22R2.avi,1,22,2,2,350
N0130V1S1A35R0.avi,1,35,1,0,130
N0028V1S1A46R2.avi,1,46,1,2,28
N0080V1S1A29R2.avi,1,29,1,2,80
N0013V2S1A23R2.avi,1,23,2,2,13
N0190V2S1A25R2.avi,1,25,2,2,190
N0223V2S1A05R2.avi,1,5,2,2,223
N0110V3S1A19R2.avi,1,19,3,2,110
N0356V2S1A32R2.avi,1,32,2,2,356
N0206V3S1A49R2.avi,1,49,3,2,206
N0026V1S1A29R2.avi,1,29,1,2,26
N0358V2S1A16R2.avi,1,16,2,2,358
N0162V2S1A35R2.avi,1,35,2,2,162
N0032V2S1A07R2.avi,1,7,2,2,32
N0170V3S1A29R2.avi,1,29,3,2,170
N0012V3S1A46R2.avi,1,46,3,2,12
N0045V1S1A27R2.avi,1,27,1,2,45
N0191V3S1A15R2.avi,1,15,3,2,191
N0176V2S1A36R2.avi,1,36,2,2,176
N0030V2S1A47R2.avi,1,47,2,2,30
N0067V1S1A17R2.avi,1,17,1,2,67
N0361V2S1A37R2.avi,1,37,2,2,361
N0264V1S1A37R2.avi,1,37,1,2,264
N0340V3S1A25R2.avi,1,25,3,2,340
N0022V2S1A06R2.avi,1,6,2,2,22
N0173V2S1A04R2.avi,1,4,2,2,173
N0351V2S1A48R2.avi,1,48,2,2,351
N0232V1S1A47R2.avi,1,47,1,2,232
N0192V1S1A35R2.avi,1,35,1,2,192
N0036V2S1A34R2.avi,1,34,2,2,36
N0046V3S1A30R2.avi,1,30,3,2,46
N0045V3S1A18R2.avi,1,18,3,2,45
N0238V2S1A47R2.avi,1,47,2,2,238
N0003V3S1A46R2.avi,1,46,3,2,3
N0233V3S1A19R2.avi,1,19,3,2,233
N0215V3S1A16R2.avi,1,16,3,2,215
N0019V1S1A43R2.avi,1,43,1,2,19
N0251V3S1A22R2.avi,1,22,3,2,251
N0099V2S1A01R2.avi,1,1,2,2,99
N0045V1S1A16R2.avi,1,16,1,2,45
N0029V2S1A15R2.avi,1,15,2,2,29
N0101V2S1A17R2.avi,1,17,2,2,101
N0113V1S1A47R2.avi,1,47,1,2,113
N0226V1S1A34R2.avi,1,34,1,2,226
N0219V1S1A30R2.avi,1,30,1,2,219
N0213V3S1A09R2.avi,1,9,3,2,213
N0142V3S1A02R2.avi,1,2,3,2,142
N0029V2S1A10R2.avi,1,10,2,2,29
N0274V2S1A35R2.avi,1,35,2,2,274
N0179V3S1A43R2.avi,1,43,3,2,179
N0133V2S1A38R2.avi,1,38,2,2,133
N0353V1S1A09R2.avi,1,9,1,2,353
N0167V2S1A42R2.avi,1,42,2,2,167
N0254V2S1A26R2.avi,1,26,2,2,254
N0072V2S1A34R2.avi,1,34,2,2,72
N0157V3S1A19R2.avi,1,19,3,2,157
N0083V1S1A39R2.avi,1,39,1,2,83
N0038V3S1A47R2.avi,1,47,3,2,38
N0265V2S1A39R2.avi,1,39,2,2,265
N0344V1S1A01R2.avi,1,1,1,2,344
N0288V1S1A47R2.avi,1,47,1,2,288
N0206V2S1A43R1.avi,1,43,2,1,206
N0360V1S1A08R2.avi,1,8,1,2,360
N0252V2S1A37R2.avi,1,37,2,2,252
N0017V3S1A42R1.avi,1,42,3,1,17
N0110V2S1A48R2.avi,1,48,2,2,110
N0092V2S1A46R2.avi,1,46,2,2,92
N0017V2S1A06R2.avi,1,6,2,2,17
N0129V2S1A37R2.avi,1,37,2,2,129
N0021V1S1A15R2.avi,1,15,1,2,21
N0046V1S1A23R2.avi,1,23,1,2,46
N0116V3S1A11R2.avi,1,11,3,2,116
N0157V1S1A07R2.avi,1,7,1,2,157
N0088V1S1A30R2.avi,1,30,1,2,88
N0219V1S1A06R2.avi,1,6,1,2,219
N0342V2S1A49R2.avi,1,49,2,2,342
N0222V2S1A37R2.avi,1,37,2,2,222
N0007V3S1A38R2.avi,1,38,3,2,7
N0353V2S1A50R2.avi,1,50,2,2,353
N0222V2S1A48R2.avi,1,48,2,2,222
N0147V1S1A31R2.avi,1,31,1,2,147
N0227V2S1A43R2.avi,1,43,2,2,227
N0178V2S1A03R2.avi,1,3,2,2,178
N0177V1S1A04R2.avi,1,4,1,2,177
N0361V1S1A35R2.avi,1,35,1,2,361
N0112V1S1A41R2.avi,1,41,1,2,112
N0360V3S1A05R2.avi,1,5,3,2,360
N0281V3S1A51R2.avi,1,51,3,2,281
N0106V3S1A36R2.avi,1,36,3,2,106
N0197V1S1A11R2.avi,1,11,1,2,197
N0157V2S1A42R1.avi,1,42,2,1,157
N0173V1S1A42R2.avi,1,42,1,2,173
N0267V1S1A46R2.avi,1,46,1,2,267
N0172V1S1A39R2.avi,1,39,1,2,172
N0031V2S1A09R2.avi,1,9,2,2,31
N0078V2S1A47R2.avi,1,47,2,2,78
N0286V2S1A49R2.avi,1,49,2,2,286
N0271V2S1A14R2.avi,1,14,2,2,271
N0187V1S1A38R2.avi,1,38,1,2,187
N0278V3S1A47R2.avi,1,47,3,2,278
N0072V1S1A47R2.avi,1,47,1,2,72
N0172V2S1A29R2.avi,1,29,2,2,172
N0008V2S1A19R2.avi,1,19,2,2,8
N0186V3S1A38R2.avi,1,38,3,2,186
N0178V1S1A10R2.avi,1,10,1,2,178
N0221V3S1A33R2.avi,1,33,3,2,221
N0156V1S1A39R2.avi,1,39,1,2,156
N0353V1S1A47R2.avi,1,47,1,2,353
N0166V2S1A34R2.avi,1,34,2,2,166
N0007V3S1A45R2.avi,1,45,3,2,7
N0092V1S1A13R2.avi,1,13,1,2,92
N0241V1S1A38R2.avi,1,38,1,2,241
N0250V1S1A35R2.avi,1,35,1,2,250
N0118V3S1A40R2.avi,1,40,3,2,118
N0161V3S1A19R2.avi,1,19,3,2,161
N0181V3S1A06R2.avi,1,6,3,2,181
N0170V3S1A09R2.avi,1,9,3,2,170
N0038V2S1A33R2.avi,1,33,2,2,38
N0129V1S1A48R2.avi,1,48,1,2,129
N0152V3S1A02R2.avi,1,2,3,2,152
N0162V3S1A02R2.avi,1,2,3,2,162
N0143V1S1A22R2.avi,1,22,1,2,143
N0195V2S1A16R2.avi,1,16,2,2,195
N0358V1S1A27R2.avi,1,27,1,2,358
N0026V2S1A39R2.avi,1,39,2,2,26
N0237V2S1A43R2.avi,1,43,2,2,237
N0222V3S1A36R2.avi,1,36,3,2,222
N0162V1S1A01R2.avi,1,1,1,2,162
N0171V2S1A13R2.avi,1,13,2,2,171
N0104V1S1A18R2.avi,1,18,1,2,104
N0168V2S1A08R2.avi,1,8,2,2,168
N0176V2S1A48R2.avi,1,48,2,2,176
N0033V1S1A44R2.avi,1,44,1,2,33
N0264V2S1A17R2.avi,1,17,2,2,264
N0062V1S1A51R2.avi,1,51,1,2,62
N0189V2S1A17R2.avi,1,17,2,2,189
N0361V2S1A11R2.avi,1,11,2,2,361
N0120V3S1A22R2.avi,1,22,3,2,120
N0218V2S1A02R2.avi,1,2,2,2,218
N0106V3S1A48R2.avi,1,48,3,2,106
N0226V3S1A22R2.avi,1,22,3,2,226
N0038V1S1A02R2.avi,1,2,1,2,38
N0121V1S1A08R2.avi,1,8,1,2,121
N0186V2S1A47R2.avi,1,47,2,2,186
N0012V1S1A40R1.avi,1,40,1,1,12
N0010V1S1A03R2.avi,1,3,1,2,10
N0137V2S1A37R2.avi,1,37,2,2,137
N0341V1S1A23R2.avi,1,23,1,2,341
N0236V1S1A45R2.avi,1,45,1,2,236
N0081V2S1A50R2.avi,1,50,2,2,81
N0171V2S1A17R2.avi,1,17,2,2,171
N0056V3S1A02R2.avi,1,2,3,2,56
N0200V2S1A46R2.avi,1,46,2,2,200
N0352V2S1A03R2.avi,1,3,2,2,352
N0188V3S1A32R2.avi,1,32,3,2,188
N0044V1S1A18R2.avi,1,18,1,2,44
N0192V2S1A46R2.avi,1,46,2,2,192
N0171V1S1A22R2.avi,1,22,1,2,171
N0038V1S1A13R2.avi,1,13,1,2,38
N0183V1S1A11R2.avi,1,11,1,2,183
N0345V2S1A39R2.avi,1,39,2,2,345
N0166V1S1A03R2.avi,1,3,1,2,166
N0341V1S1A11R2.avi,1,11,1,2,341
N0243V1S1A19R1.avi,1,19,1,1,243
N0017V3S1A44R1.avi,1,44,3,1,17
N0266V2S1A35R2.avi,1,35,2,2,266
N0019V1S1A38R2.avi,1,38,1,2,19
N0222V3S1A44R2.avi,1,44,3,2,222
N0250V2S1A40R2.avi,1,40,2,2,250
N0212V2S1A04R2.avi,1,4,2,2,212
N0345V3S1A29R2.avi,1,29,3,2,345
N0028V1S1A25R2.avi,1,25,1,2,28
N0068V3S1A49R2.avi,1,49,3,2,68
N0184V1S1A14R2.avi,1,14,1,2,184
N0082V1S1A35R2.avi,1,35,1,2,82
N0193V3S1A32R2.avi,1,32,3,2,193
N0033V2S1A39R2.avi,1,39,2,2,33
N0221V1S1A09R2.avi,1,9,1,2,221
N0129V1S1A39R2.avi,1,39,1,2,129
N0362V1S1A33R2.avi,1,33,1,2,362
N0185V2S1A12R2.avi,1,12,2,2,185
N0011V3S1A44R0.avi,1,44,3,0,11
N0215V1S1A27R2.avi,1,27,1,2,215
N0143V1S1A35R2.avi,1,35,1,2,143
N0145V1S1A26R2.avi,1,26,1,2,145
N0085V1S1A16R2.avi,1,16,1,2,85
N0337V3S1A44R2.avi,1,44,3,2,337
N0032V1S1A47R2.avi,1,47,1,2,32
N0023V3S1A45R2.avi,1,45,3,2,23
N0125V1S1A24R2.avi,1,24,1,2,125
N0076V3S1A25R2.avi,1,25,3,2,76
N0252V1S1A33R2.avi,1,33,1,2,252
N0216V1S1A23R2.avi,1,23,1,2,216
N0123V1S1A42R2.avi,1,42,1,2,123
N0120V1S1A08R2.avi,1,8,1,2,120
N0019V2S1A32R2.avi,1,32,2,2,19
N0238V2S1A08R2.avi,1,8,2,2,238
N0161V3S1A04R2.avi,1,4,3,2,161
N0354V3S1A42R2.avi,1,42,3,2,354
N0239V1S1A41R2.avi,1,41,1,2,239
N0176V2S1A03R2.avi,1,3,2,2,176
N0014V3S1A21R2.avi,1,21,3,2,14
N0138V3S1A40R2.avi,1,40,3,2,138
N0239V2S1A41R2.avi,1,41,2,2,239
N0172V3S1A32R2.avi,1,32,3,2,172
N0070V3S1A10R2.avi,1,10,3,2,70
N0336V1S1A13R2.avi,1,13,1,2,336
N0056V1S1A48R2.avi,1,48,1,2,56
N0146V2S1A40R2.avi,1,40,2,2,146
N0289V2S1A09R2.avi,1,9,2,2,289
N0072V1S1A34R2.avi,1,34,1,2,72
N0259V3S1A22R2.avi,1,22,3,2,259
N0186V3S1A08R2.avi,1,8,3,2,186
N0211V2S1A09R2.avi,1,9,2,2,211
N0143V3S1A45R2.avi,1,45,3,2,143
N0060V2S1A19R2.avi,1,19,2,2,60
N0033V1S1A19R2.avi,1,19,1,2,33
N0153V1S1A11R2.avi,1,11,1,2,153
N0222V2S1A02R2.avi,1,2,2,2,222
N0036V1S1A28R1.avi,1,28,1,1,36
N0120V3S1A01R2.avi,1,1,3,2,120
N0240V3S1A17R2.avi,1,17,3,2,240
N0362V2S1A04R2.avi,1,4,2,2,362
N0350V2S1A03R2.avi,1,3,2,2,350
N0124V2S1A24R2.avi,1,24,2,2,124
N0171V1S1A05R2.avi,1,5,1,2,171
N0100V2S1A51R2.avi,1,51,2,2,100
N0278V2S1A04R2.avi,1,4,2,2,278
N0204V1S1A16R2.avi,1,16,1,2,204
N0213V1S1A20R2.avi,1,20,1,2,213
N0169V3S1A05R2.avi,1,5,3,2,169
N0361V2S1A32R2.avi,1,32,2,2,361
N0266V3S1A01R2.avi,1,1,3,2,266
N0186V2S1A02R2.avi,1,2,2,2,186
N0278V3S1A35R2.avi,1,35,3,2,278
N0353V2S1A09R2.avi,1,9,2,2,353
N0276V1S1A35R1.avi,1,35,1,1,276
N0048V1S1A51R2.avi,1,51,1,2,48
N0257V2S1A39R2.avi,1,39,2,2,257
N0258V3S1A40R2.avi,1,40,3,2,258
N0192V3S1A47R2.avi,1,47,3,2,192
N0228V2S1A34R2.avi,1,34,2,2,228
N0141V1S1A44R2.avi,1,44,1,2,141
N0281V1S1A47R2.avi,1,47,1,2,281
N0107V3S1A39R2.avi,1,39,3,2,107
N0352V1S1A20R2.avi,1,20,1,2,352
N0114V2S1A14R2.avi,1,14,2,2,114
N0020V3S1A02R2.avi,1,2,3,2,20
N0177V1S1A41R2.avi,1,41,1,2,177
N0178V1S1A35R2.avi,1,35,1,2,178
N0265V1S1A25R2.avi,1,25,1,2,265
N0026V3S1A19R2.avi,1,19,3,2,26
N0158V1S1A38R2.avi,1,38,1,2,158
N0089V3S1A09R2.avi,1,9,3,2,89
N0265V2S1A30R2.avi,1,30,2,2,265
N0084V1S1A24R2.avi,1,24,1,2,84
N0267V1S1A15R2.avi,1,15,1,2,267
N0220V3S1A34R2.avi,1,34,3,2,220
N0156V1S1A34R2.avi,1,34,1,2,156
N0267V2S1A42R2.avi,1,42,2,2,267
N0013V2S1A38R2.avi,1,38,2,2,13
N0283V3S1A07R2.avi,1,7,3,2,283
N0156V3S1A36R2.avi,1,36,3,2,156
N0040V1S1A01R2.avi,1,1,1,2,40
N0050V3S1A23R2.avi,1,23,3,2,50
N0212V1S1A08R2.avi,1,8,1,2,212
N0217V3S1A10R1.avi,1,10,3,1,217
N0340V1S1A19R2.avi,1,19,1,2,340
N0086V3S1A46R2.avi,1,46,3,2,86
N0257V3S1A08R2.avi,1,8,3,2,257
N0174V3S1A16R1.avi,1,16,3,1,174
N0206V1S1A25R2.avi,1,25,1,2,206
N0023V2S1A32R0.avi,1,32,2,0,23
N0061V2S1A07R2.avi,1,7,2,2,61
N0289V3S1A09R2.avi,1,9,3,2,289
N0286V1S1A36R2.avi,1,36,1,2,286
N0233V1S1A50R2.avi,1,50,1,2,233
N0042V1S1A33R2.avi,1,33,1,2,42
N0144V1S1A12R2.avi,1,12,1,2,144
N0362V2S1A37R2.avi,1,37,2,2,362
N0253V3S1A41R2.avi,1,41,3,2,253
N0218V2S1A28R2.avi,1,28,2,2,218
N0242V3S1A01R2.avi,1,1,3,2,242
N0219V1S1A07R2.avi,1,7,1,2,219
N0273V3S1A23R2.avi,1,23,3,2,273
N0359V1S1A24R2.avi,1,24,1,2,359
N0167V3S1A07R2.avi,1,7,3,2,167
N0222V3S1A48R2.avi,1,48,3,2,222
N0160V1S1A36R2.avi,1,36,1,2,160
N0013V2S1A04R2.avi,1,4,2,2,13
N0159V2S1A05R2.avi,1,5,2,2,159
N0050V3S1A36R2.avi,1,36,3,2,50
N0212V1S1A03R2.avi,1,3,1,2,212
N0013V1S1A15R2.avi,1,15,1,2,13
N0218V1S1A36R2.avi,1,36,1,2,218
N0135V1S1A12R2.avi,1,12,1,2,135
N0003V2S1A29R2.avi,1,29,2,2,3
N0238V2S1A10R2.avi,1,10,2,2,238
N0054V3S1A14R2.avi,1,14,3,2,54
N0181V3S1A22R2.avi,1,22,3,2,181
N0280V2S1A01R2.avi,1,1,2,2,280
N0001V3S1A45R1.avi,1,45,3,1,1
N0344V3S1A42R2.avi,1,42,3,2,344
N0137V3S1A17R2.avi,1,17,3,2,137
N0088V1S1A05R2.avi,1,5,1,2,88
N0176V1S1A02R2.avi,1,2,1,2,176
N0347V1S1A11R2.avi,1,11,1,2,347
N0139V2S1A28R2.avi,1,28,2,2,139
N0173V3S1A04R2.avi,1,4,3,2,173
N0011V2S1A04R2.avi,1,4,2,2,11
N0334V2S1A04R2.avi,1,4,2,2,334
N0007V3S1A41R2.avi,1,41,3,2,7
N0019V3S1A20R2.avi,1,20,3,2,19
N0261V1S1A16R2.avi,1,16,1,2,261
N0288V3S1A05R2.avi,1,5,3,2,288
N0233V3S1A46R2.avi,1,46,3,2,233
N0011V1S1A45R2.avi,1,45,1,2,11
N0231V3S1A09R2.avi,1,9,3,2,231
N0048V3S1A49R2.avi,1,49,3,2,48
N0187V1S1A44R2.avi,1,44,1,2,187
N0030V2S1A36R2.avi,1,36,2,2,30
N0153V3S1A09R2.avi,1,9,3,2,153
N0336V3S1A40R2.avi,1,40,3,2,336
N0183V2S1A38R2.avi,1,38,2,2,183
N0147V3S1A05R2.avi,1,5,3,2,147
N0174V1S1A18R2.avi,1,18,1,2,174
N0031V2S1A45R2.avi,1,45,2,2,31
N0352V3S1A33R2.avi,1,33,3,2,352
N0097V1S1A36R1.avi,1,36,1,1,97
N0336V3S1A15R2.avi,1,15,3,2,336
N0212V2S1A08R2.avi,1,8,2,2,212
N0039V2S1A29R2.avi,1,29,2,2,39
N0267V2S1A34R2.avi,1,34,2,2,267
N0284V2S1A18R2.avi,1,18,2,2,284
N0066V2S1A29R2.avi,1,29,2,2,66
N0265V3S1A50R2.avi,1,50,3,2,265
N0178V2S1A47R2.avi,1,47,2,2,178
N0076V2S1A29R2.avi,1,29,2,2,76
N0282V2S1A37R2.avi,1,37,2,2,282
N0251V3S1A15R2.avi,1,15,3,2,251
N0167V2S1A22R2.avi,1,22,2,2,167
N0141V2S1A32R2.avi,1,32,2,2,141
N0230V2S1A44R2.avi,1,44,2,2,230
N0178V1S1A49R2.avi,1,49,1,2,178
N0284V2S1A26R2.avi,1,26,2,2,284
N0132V1S1A40R2.avi,1,40,1,2,132
N0212V3S1A50R2.avi,1,50,3,2,212
N0262V3S1A22R2.avi,1,22,3,2,262
N0141V2S1A05R2.avi,1,5,2,2,141
N0164V3S1A18R2.avi,1,18,3,2,164
N0263V3S1A45R2.avi,1,45,3,2,263
N0069V1S1A04R2.avi,1,4,1,2,69
N0353V3S1A09R2.avi,1,9,3,2,353
N0024V3S1A27R2.avi,1,27,3,2,24
N0289V1S1A41R2.avi,1,41,1,2,289
N0047V2S1A15R2.avi,1,15,2,2,47
N0221V2S1A02R2.avi,1,2,2,2,221
N0289V1S1A09R2.avi,1,9,1,2,289
N0113V1S1A13R2.avi,1,13,1,2,113
N0216V2S1A04R2.avi,1,4,2,2,216
N0017V1S1A15R2.avi,1,15,1,2,17
N0091V3S1A06R2.avi,1,6,3,2,91
N0023V1S1A08R2.avi,1,8,1,2,23
N0076V1S1A29R2.avi,1,29,1,2,76
N0240V2S1A36R2.avi,1,36,2,2,240
N0261V2S1A12R2.avi,1,12,2,2,261
N0079V1S1A23R2.avi,1,23,1,2,79
N0184V2S1A14R2.avi,1,14,2,2,184
N0221V2S1A42R2.avi,1,42,2,2,221
N0252V3S1A31R2.avi,1,31,3,2,252
N0090V2S1A36R2.avi,1,36,2,2,90
N0009V3S1A42R2.avi,1,42,3,2,9
N0345V1S1A45R2.avi,1,45,1,2,345
N0052V3S1A35R2.avi,1,35,3,2,52
N0278V3S1A34R2.avi,1,34,3,2,278
N0251V2S1A23R2.avi,1,23,2,2,251
N0081V2S1A22R2.avi,1,22,2,2,81
N0335V2S1A17R2.avi,1,17,2,2,335
N0179V3S1A40R2.avi,1,40,3,2,179
N0093V1S1A11R2.avi,1,11,1,2,93
N0282V3S1A13R2.avi,1,13,3,2,282
N0208V2S1A33R2.avi,1,33,2,2,208
N0361V1S1A10R2.avi,1,10,1,2,361
N0109V3S1A39R2.avi,1,39,3,2,109
N0046V3S1A37R2.avi,1,37,3,2,46
N0193V1S1A41R2.avi,1,41,1,2,193
N0268V3S1A43R2.avi,1,43,3,2,268
N0143V3S1A41R2.avi,1,41,3,2,143
N0288V3S1A23R2.avi,1,23,3,2,288
N0178V1S1A51R2.avi,1,51,1,2,178
N0086V2S1A39R2.avi,1,39,2,2,86
N0150V2S1A13R2.avi,1,13,2,2,150
N0126V1S1A03R2.avi,1,3,1,2,126
N0079V2S1A45R2.avi,1,45,2,2,79
N0289V1S1A36R2.avi,1,36,1,2,289
N0183V1S1A29R2.avi,1,29,1,2,183
N0341V3S1A29R2.avi,1,29,3,2,341
N0192V2S1A38R2.avi,1,38,2,2,192
N0131V2S1A17R2.avi,1,17,2,2,131
N0028V2S1A02R2.avi,1,2,2,2,28
N0217V1S1A02R1.avi,1,2,1,1,217
N0224V3S1A26R2.avi,1,26,3,2,224
N0070V2S1A51R2.avi,1,51,2,2,70
N0274V1S1A41R2.avi,1,41,1,2,274
N0346V1S1A33R2.avi,1,33,1,2,346
N0284V1S1A14R2.avi,1,14,1,2,284
N0347V1S1A47R2.avi,1,47,1,2,347
N0117V2S1A42R2.avi,1,42,2,2,117
N0036V2S1A35R1.avi,1,35,2,1,36
N0035V1S1A24R2.avi,1,24,1,2,35
N0058V3S1A28R2.avi,1,28,3,2,58
N0016V2S1A46R2.avi,1,46,2,2,16
N0240V1S1A10R2.avi,1,10,1,2,240
N0071V2S1A13R2.avi,1,13,2,2,71
N0001V3S1A32R2.avi,1,32,3,2,1
N0228V1S1A45R2.avi,1,45,1,2,228
N0263V1S1A22R2.avi,1,22,1,2,263
N0347V3S1A02R2.avi,1,2,3,2,347
N0337V1S1A39R2.avi,1,39,1,2,337
N0109V2S1A08R2.avi,1,8,2,2,109
N0243V1S1A41R1.avi,1,41,1,1,243
N0231V2S1A41R1.avi,1,41,2,1,231
N0354V3S1A04R2.avi,1,4,3,2,354
N0028V3S1A07R2.avi,1,7,3,2,28
N0039V2S1A10R2.avi,1,10,2,2,39
N0128V2S1A34R2.avi,1,34,2,2,128
N0100V2S1A38R2.avi,1,38,2,2,100
N0283V3S1A46R2.avi,1,46,3,2,283
N0267V3S1A30R2.avi,1,30,3,2,267
N0250V1S1A38R2.avi,1,38,1,2,250
N0194V2S1A14R2.avi,1,14,2,2,194
N0209V1S1A31R2.avi,1,31,1,2,209
N0182V3S1A50R2.avi,1,50,3,2,182
N0103V2S1A04R2.avi,1,4,2,2,103
N0009V1S1A41R2.avi,1,41,1,2,9
N0098V1S1A34R2.avi,1,34,1,2,98
N0080V1S1A28R2.avi,1,28,1,2,80
N0183V2S1A20R2.avi,1,20,2,2,183
N0334V3S1A30R2.avi,1,30,3,2,334
N0056V3S1A51R2.avi,1,51,3,2,56
N0086V1S1A48R2.avi,1,48,1,2,86
N0092V2S1A40R2.avi,1,40,2,2,92
N0115V3S1A12R2.avi,1,12,3,2,115
N0150V1S1A22R2.avi,1,22,1,2,150
N0129V1S1A32R2.avi,1,32,1,2,129
N0346V1S1A06R2.avi,1,6,1,2,346
N0203V2S1A32R2.avi,1,32,2,2,203
N0188V2S1A38R2.avi,1,38,2,2,188
N0031V1S1A20R2.avi,1,20,1,2,31
N0136V1S1A34R2.avi,1,34,1,2,136
N0010V2S1A37R2.avi,1,37,2,2,10
N0097V1S1A46R2.avi,1,46,1,2,97
N0199V3S1A13R2.avi,1,13,3,2,199
N0143V1S1A01R2.avi,1,1,1,2,143
N0068V3S1A30R2.avi,1,30,3,2,68
N0003V1S1A47R1.avi,1,47,1,1,3
N0288V2S1A43R2.avi,1,43,2,2,288
N0132V3S1A03R2.avi,1,3,3,2,132
N0282V2S1A47R2.avi,1,47,2,2,282
N0064V2S1A12R2.avi,1,12,2,2,64
N0002V3S1A07R2.avi,1,7,3,2,2
N0129V1S1A17R2.avi,1,17,1,2,129
N0129V3S1A11R2.avi,1,11,3,2,129
N0061V3S1A45R2.avi,1,45,3,2,61
N0017V1S1A07R2.avi,1,7,1,2,17
N0159V2S1A09R2.avi,1,9,2,2,159
N0121V2S1A46R2.avi,1,46,2,2,121
N0132V1S1A22R2.avi,1,22,1,2,132
N0078V3S1A17R2.avi,1,17,3,2,78
N0121V3S1A05R2.avi,1,5,3,2,121
N0345V2S1A10R2.avi,1,10,2,2,345
N0202V2S1A22R2.avi,1,22,2,2,202
N0228V1S1A35R2.avi,1,35,1,2,228
N0163V3S1A45R2.avi,1,45,3,2,163
N0215V3S1A12R2.avi,1,12,3,2,215
N0343V1S1A25R2.avi,1,25,1,2,343
N0183V2S1A44R2.avi,1,44,2,2,183
N0183V3S1A40R2.avi,1,40,3,2,183
N0253V2S1A19R2.avi,1,19,2,2,253
N0034V2S1A18R2.avi,1,18,2,2,34
N0229V1S1A09R2.avi,1,9,1,2,229
N0276V2S1A28R1.avi,1,28,2,1,276
N0009V2S1A20R2.avi,1,20,2,2,9
N0217V2S1A34R2.avi,1,34,2,2,217
N0284V1S1A16R2.avi,1,16,1,2,284
N0078V1S1A05R2.avi,1,5,1,2,78
N0276V1S1A22R2.avi,1,22,1,2,276
N0013V3S1A43R2.avi,1,43,3,2,13
N0111V3S1A31R2.avi,1,31,3,2,111
N0342V2S1A05R2.avi,1,5,2,2,342
N0077V3S1A20R2.avi,1,20,3,2,77
N0043V2S1A15R2.avi,1,15,2,2,43
N0258V1S1A34R2.avi,1,34,1,2,258
N0037V3S1A22R2.avi,1,22,3,2,37
N0336V2S1A05R2.avi,1,5,2,2,336
N0259V1S1A48R2.avi,1,48,1,2,259
N0062V1S1A47R2.avi,1,47,1,2,62
N0187V2S1A32R2.avi,1,32,2,2,187
N0217V3S1A17R2.avi,1,17,3,2,217
N0271V3S1A14R2.avi,1,14,3,2,271
N0072V1S1A07R2.avi,1,7,1,2,72
N0229V3S1A38R2.avi,1,38,3,2,229
N0058V3S1A01R2.avi,1,1,3,2,58
N0179V2S1A40R2.avi,1,40,2,2,179
N0240V1S1A34R2.avi,1,34,1,2,240
N0139V1S1A43R2.avi,1,43,1,2,139
N0129V1S1A43R2.avi,1,43,1,2,129
N0150V3S1A07R2.avi,1,7,3,2,150
N0266V1S1A25R2.avi,1,25,1,2,266
N0178V1S1A32R2.avi,1,32,1,2,178
N0279V1S1A38R2.avi,1,38,1,2,279
N0355V2S1A46R2.avi,1,46,2,2,355
N0011V2S1A40R2.avi,1,40,2,2,11
N0267V1S1A39R2.avi,1,39,1,2,267
N0361V2S1A28R2.avi,1,28,2,2,361
N0239V2S1A23R2.avi,1,23,2,2,239
N0105V1S1A16R2.avi,1,16,1,2,105
N0187V1S1A07R2.avi,1,7,1,2,187
N0069V2S1A43R2.avi,1,43,2,2,69
N0272V2S1A33R2.avi,1,33,2,2,272
N0128V1S1A45R2.avi,1,45,1,2,128
N0088V3S1A49R2.avi,1,49,3,2,88
N0042V3S1A51R1.avi,1,51,3,1,42
N0209V2S1A37R2.avi,1,37,2,2,209
N0235V2S1A18R1.avi,1,18,2,1,235
N0282V1S1A47R2.avi,1,47,1,2,282
N0072V2S1A06R2.avi,1,6,2,2,72
N0259V2S1A07R2.avi,1,7,2,2,259
N0139V2S1A46R2.avi,1,46,2,2,139
N0056V2S1A39R2.avi,1,39,2,2,56
N0222V1S1A46R2.avi,1,46,1,2,222
N0078V1S1A36R2.avi,1,36,1,2,78
N0132V2S1A34R2.avi,1,34,2,2,132
N0110V2S1A03R2.avi,1,3,2,2,110
N0076V1S1A01R2.avi,1,1,1,2,76
N0337V1S1A10R2.avi,1,10,1,2,337
N0180V1S1A25R2.avi,1,25,1,2,180
N0268V3S1A33R2.avi,1,33,3,2,268
N0041V3S1A22R2.avi,1,22,3,2,41
N0027V1S1A20R2.avi,1,20,1,2,27
N0153V3S1A04R2.avi,1,4,3,2,153
N0137V1S1A47R2.avi,1,47,1,2,137
N0182V1S1A25R2.avi,1,25,1,2,182
N0201V2S1A05R2.avi,1,5,2,2,201
N0346V1S1A36R2.avi,1,36,1,2,346
N0220V3S1A39R2.avi,1,39,3,2,220
N0167V2S1A38R2.avi,1,38,2,2,167
N0203V3S1A03R2.avi,1,3,3,2,203
N0006V2S1A02R2.avi,1,2,2,2,6
N0168V3S1A32R2.avi,1,32,3,2,168
N0047V2S1A09R2.avi,1,9,2,2,47
N0109V1S1A45R2.avi,1,45,1,2,109
N0012V2S1A30R2.avi,1,30,2,2,12
N0017V3S1A11R2.avi,1,11,3,2,17
N0041V1S1A40R2.avi,1,40,1,2,41
N0018V1S1A36R2.avi,1,36,1,2,18
N0104V3S1A18R2.avi,1,18,3,2,104
N0179V1S1A41R2.avi,1,41,1,2,179
N0001V1S1A20R2.avi,1,20,1,2,1
N0262V2S1A09R2.avi,1,9,2,2,262
N0083V1S1A04R2.avi,1,4,1,2,83
N0344V3S1A50R2.avi,1,50,3,2,344
N0068V1S1A28R2.avi,1,28,1,2,68
N0123V3S1A42R2.avi,1,42,3,2,123
N0214V3S1A14R2.avi,1,14,3,2,214
N0091V1S1A41R2.avi,1,41,1,2,91
N0186V3S1A09R2.avi,1,9,3,2,186
N0165V1S1A21R2.avi,1,21,1,2,165
N0218V3S1A44R2.avi,1,44,3,2,218
N0346V3S1A06R2.avi,1,6,3,2,346
N0004V3S1A18R2.avi,1,18,3,2,4
N0037V2S1A06R2.avi,1,6,2,2,37
N0202V1S1A17R2.avi,1,17,1,2,202
N0190V3S1A34R2.avi,1,34,3,2,190
N0200V2S1A23R2.avi,1,23,2,2,200
N0033V2S1A29R2.avi,1,29,2,2,33
N0042V2S1A02R2.avi,1,2,2,2,42
N0236V2S1A47R2.avi,1,47,2,2,236
N0162V3S1A10R2.avi,1,10,3,2,162
N0006V2S1A50R1.avi,1,50,2,1,6
N0008V2S1A39R2.avi,1,39,2,2,8
N0274V2S1A41R2.avi,1,41,2,2,274
N0279V1S1A36R2.avi,1,36,1,2,279
N0139V2S1A42R2.avi,1,42,2,2,139
N0207V3S1A07R2.avi,1,7,3,2,207
N0279V2S1A09R2.avi,1,9,2,2,279
N0202V3S1A34R2.avi,1,34,3,2,202
N0360V1S1A20R2.avi,1,20,1,2,360
N0344V1S1A50R2.avi,1,50,1,2,344
N0334V3S1A40R2.avi,1,40,3,2,334
N0111V1S1A06R2.avi,1,6,1,2,111
N0262V3S1A39R2.avi,1,39,3,2,262
N0342V2S1A06R2.avi,1,6,2,2,342
N0166V3S1A09R2.avi,1,9,3,2,166
N0110V2S1A28R2.avi,1,28,2,2,110
N0142V1S1A19R2.avi,1,19,1,2,142
N0229V3S1A40R2.avi,1,40,3,2,229
N0043V1S1A23R2.avi,1,23,1,2,43
N0189V3S1A07R2.avi,1,7,3,2,189
N0108V2S1A36R2.avi,1,36,2,2,108
N0344V3S1A43R2.avi,1,43,3,2,344
N0178V3S1A30R2.avi,1,30,3,2,178
N0348V1S1A21R2.avi,1,21,1,2,348
N0182V2S1A49R2.avi,1,49,2,2,182
N0180V1S1A46R2.avi,1,46,1,2,180
N0276V3S1A17R2.avi,1,17,3,2,276
N0031V3S1A38R2.avi,1,38,3,2,31
N0251V2S1A13R2.avi,1,13,2,2,251
N0128V3S1A33R2.avi,1,33,3,2,128
N0057V2S1A07R2.avi,1,7,2,2,57
N0062V2S1A25R2.avi,1,25,2,2,62
N0181V2S1A04R2.avi,1,4,2,2,181
N0209V3S1A37R2.avi,1,37,3,2,209
N0042V2S1A06R2.avi,1,6,2,2,42
N0196V1S1A45R2.avi,1,45,1,2,196
N0111V2S1A42R2.avi,1,42,2,2,111
N0145V3S1A16R2.avi,1,16,3,2,145
N0084V3S1A27R2.avi,1,27,3,2,84
N0256V1S1A48R2.avi,1,48,1,2,256
N0096V2S1A06R2.avi,1,6,2,2,96
N0103V3S1A22R2.avi,1,22,3,2,103
N0289V3S1A07R2.avi,1,7,3,2,289
N0156V3S1A10R2.avi,1,10,3,2,156
N0107V1S1A50R2.avi,1,50,1,2,107
N0209V1S1A36R2.avi,1,36,1,2,209
N0071V3S1A13R2.avi,1,13,3,2,71
N0192V3S1A33R2.avi,1,33,3,2,192
N0069V3S1A08R2.avi,1,8,3,2,69
N0136V1S1A10R2.avi,1,10,1,2,136
N0140V2S1A47R2.avi,1,47,2,2,140
N0287V3S1A46R2.avi,1,46,3,2,287
N0256V3S1A09R2.avi,1,9,3,2,256
N0151V3S1A01R2.avi,1,1,3,2,151
N0236V2S1A34R2.avi,1,34,2,2,236
N0139V2S1A08R2.avi,1,8,2,2,139
N0195V2S1A21R1.avi,1,21,2,1,195
N0219V2S1A51R2.avi,1,51,2,2,219
N0183V1S1A40R2.avi,1,40,1,2,183
N0022V1S1A30R2.avi,1,30,1,2,22
N0201V3S1A40R2.avi,1,40,3,2,201
N0157V2S1A32R2.avi,1,32,2,2,157
N0067V1S1A50R2.avi,1,50,1,2,67
N0269V2S1A37R2.avi,1,37,2,2,269
N0127V3S1A45R2.avi,1,45,3,2,127
N0092V3S1A46R2.avi,1,46,3,2,92
N0196V1S1A23R2.avi,1,23,1,2,196
N0040V2S1A48R2.avi,1,48,2,2,40
N0006V3S1A03R2.avi,1,3,3,2,6
N0252V3S1A48R1.avi,1,48,3,1,252
N0010V3S1A39R2.avi,1,39,3,2,10
N0122V3S1A23R2.avi,1,23,3,2,122
N0018V1S1A34R2.avi,1,34,1,2,18
N0191V2S1A30R2.avi,1,30,2,2,191
N0108V1S1A25R2.avi,1,25,1,2,108
N0242V3S1A22R2.avi,1,22,3,2,242
N0346V2S1A38R2.avi,1,38,2,2,346
N0210V1S1A44R2.avi,1,44,1,2,210
N0353V2S1A17R2.avi,1,17,2,2,353
N0287V2S1A30R2.avi,1,30,2,2,287
N0159V1S1A45R2.avi,1,45,1,2,159
N0335V1S1A23R2.avi,1,23,1,2,335
N0239V3S1A40R2.avi,1,40,3,2,239
N0269V3S1A10R2.avi,1,10,3,2,269
N0283V1S1A44R2.avi,1,44,1,2,283
N0356V2S1A05R2.avi,1,5,2,2,356
N0097V1S1A23R2.avi,1,23,1,2,97
N0170V2S1A49R2.avi,1,49,2,2,170
N0203V2S1A46R2.avi,1,46,2,2,203
N0211V2S1A42R1.avi,1,42,2,1,211
N0208V1S1A23R2.avi,1,23,1,2,208
N0071V3S1A09R2.avi,1,9,3,2,71
N0089V1S1A22R2.avi,1,22,1,2,89
N0018V2S1A07R2.avi,1,7,2,2,18
N0170V1S1A25R2.avi,1,25,1,2,170
N0115V3S1A27R2.avi,1,27,3,2,115
N0283V2S1A49R2.avi,1,49,2,2,283
N0043V2S1A29R2.avi,1,29,2,2,43
N0053V3S1A29R2.avi,1,29,3,2,53
N0149V1S1A20R2.avi,1,20,1,2,149
N0230V1S1A35R0.avi,1,35,1,0,230
N0168V3S1A19R2.avi,1,19,3,2,168
N0176V2S1A09R2.avi,1,9,2,2,176
N0020V2S1A33R2.avi,1,33,2,2,20
N0271V3S1A16R2.avi,1,16,3,2,271
N0080V2S1A10R2.avi,1,10,2,2,80
N0217V1S1A30R2.avi,1,30,1,2,217
N0287V2S1A23R2.avi,1,23,2,2,287
N0061V1S1A43R2.avi,1,43,1,2,61
N0287V3S1A44R2.avi,1,44,3,2,287
N0151V1S1A46R2.avi,1,46,1,2,151
N0182V2S1A36R2.avi,1,36,2,2,182
N0128V3S1A41R2.avi,1,41,3,2,128
N0179V1S1A22R2.avi,1,22,1,2,179
N0006V2S1A07R2.avi,1,7,2,2,6
N0215V2S1A12R2.avi,1,12,2,2,215
N0149V2S1A09R2.avi,1,9,2,2,149
N0141V3S1A44R2.avi,1,44,3,2,141
N0175V2S1A21R2.avi,1,21,2,2,175
N0051V2S1A41R2.avi,1,41,2,2,51
N0190V3S1A41R2.avi,1,41,3,2,190
N0033V1S1A08R2.avi,1,8,1,2,33
N0039V2S1A20R2.avi,1,20,2,2,39
N0277V2S1A06R2.avi,1,6,2,2,277
N0032V2S1A30R1.avi,1,30,2,1,32
N0201V2S1A51R2.avi,1,51,2,2,201
N0003V1S1A02R2.avi,1,2,1,2,3
N0071V2S1A44R2.avi,1,44,2,2,71
N0151V3S1A32R2.avi,1,32,3,2,151
N0141V3S1A01R2.avi,1,1,3,2,141
N0192V1S1A03R2.avi,1,3,1,2,192
N0228V2S1A48R2.avi,1,48,2,2,228
N0340V3S1A01R2.avi,1,1,3,2,340
N0166V3S1A51R2.avi,1,51,3,2,166
N0353V3S1A17R2.avi,1,17,3,2,353
N0109V2S1A41R2.avi,1,41,2,2,109
N0217V1S1A43R2.avi,1,43,1,2,217
N0116V2S1A23R2.avi,1,23,2,2,116
N0147V3S1A13R2.avi,1,13,3,2,147
N0352V2S1A44R2.avi,1,44,2,2,352
N0010V2S1A25R1.avi,1,25,2,1,10
N0251V1S1A51R2.avi,1,51,1,2,251
N0280V1S1A40R2.avi,1,40,1,2,280
N0127V3S1A15R2.avi,1,15,3,2,127
N0272V2S1A35R2.avi,1,35,2,2,272
N0080V2S1A28R1.avi,1,28,2,1,80
N0245V3S1A14R2.avi,1,14,3,2,245
N0111V1S1A38R2.avi,1,38,1,2,111
N0188V2S1A23R2.avi,1,23,2,2,188
N0002V3S1A06R2.avi,1,6,3,2,2
N0032V3S1A13R2.avi,1,13,3,2,32
N0076V2S1A48R2.avi,1,48,2,2,76
N0029V2S1A43R2.avi,1,43,2,2,29
N0100V2S1A49R2.avi,1,49,2,2,100
N0119V3S1A46R2.avi,1,46,3,2,119
N0187V3S1A19R2.avi,1,19,3,2,187
N0240V1S1A17R2.avi,1,17,1,2,240
N0200V2S1A29R2.avi,1,29,2,2,200
N0136V2S1A33R2.avi,1,33,2,2,136
N0264V2S1A03R2.avi,1,3,2,2,264
N0275V3S1A50R2.avi,1,50,3,2,275
N0253V1S1A29R2.avi,1,29,1,2,253
N0245V1S1A14R2.avi,1,14,1,2,245
N0253V1S1A30R2.avi,1,30,1,2,253
N0352V2S1A19R2.avi,1,19,2,2,352
N0211V2S1A15R2.avi,1,15,2,2,211
N0040V3S1A34R2.avi,1,34,3,2,40
N0177V3S1A38R2.avi,1,38,3,2,177
N0147V1S1A44R2.avi,1,44,1,2,147
N0112V1S1A02R2.avi,1,2,1,2,112
N0184V3S1A14R2.avi,1,14,3,2,184
N0233V2S1A09R2.avi,1,9,2,2,233
N0213V3S1A06R2.avi,1,6,3,2,213
N0129V1S1A06R2.avi,1,6,1,2,129
N0031V3S1A43R1.avi,1,43,3,1,31
N0200V3S1A50R2.avi,1,50,3,2,200
N0238V2S1A33R2.avi,1,33,2,2,238
N0255V1S1A27R2.avi,1,27,1,2,255
N0360V1S1A06R2.avi,1,6,1,2,360
N0137V1S1A25R2.avi,1,25,1,2,137
N0022V3S1A25R2.avi,1,25,3,2,22
N0053V3S1A42R2.avi,1,42,3,2,53
N0061V2S1A44R2.avi,1,44,2,2,61
N0166V1S1A29R2.avi,1,29,1,2,166
N0202V2S1A29R2.avi,1,29,2,2,202
N0166V1S1A33R2.avi,1,33,1,2,166
N0147V2S1A46R2.avi,1,46,2,2,147
N0106V1S1A48R2.avi,1,48,1,2,106
N0035V1S1A18R2.avi,1,18,1,2,35
N0356V1S1A41R2.avi,1,41,1,2,356
N0017V2S1A44R1.avi,1,44,2,1,17
N0362V3S1A41R2.avi,1,41,3,2,362
N0239V2S1A06R2.avi,1,6,2,2,239
N0223V3S1A17R2.avi,1,17,3,2,223
N0168V2S1A10R2.avi,1,10,2,2,168
N0058V1S1A25R2.avi,1,25,1,2,58
N0087V2S1A20R2.avi,1,20,2,2,87
N0363V3S1A11R2.avi,1,11,3,2,363
N0236V3S1A34R2.avi,1,34,3,2,236
N0265V2S1A19R2.avi,1,19,2,2,265
N0136V2S1A22R2.avi,1,22,2,2,136
N0089V2S1A22R2.avi,1,22,2,2,89
N0146V1S1A34R2.avi,1,34,1,2,146
N0058V1S1A13R2.avi,1,13,1,2,58
N0229V1S1A17R2.avi,1,17,1,2,229
N0133V2S1A23R2.avi,1,23,2,2,133
N0066V1S1A39R2.avi,1,39,1,2,66
N0136V2S1A38R2.avi,1,38,2,2,136
N0286V1S1A17R2.avi,1,17,1,2,286
N0063V3S1A31R2.avi,1,31,3,2,63
N0061V1S1A13R2.avi,1,13,1,2,61
N0135V1S1A26R2.avi,1,26,1,2,135
N0288V2S1A28R2.avi,1,28,2,2,288
N0202V2S1A44R2.avi,1,44,2,2,202
N0002V3S1A03R2.avi,1,3,3,2,2
N0123V1S1A30R2.avi,1,30,1,2,123
N0336V2S1A33R2.avi,1,33,2,2,336
N0199V1S1A04R2.avi,1,4,1,2,199
N0010V2S1A23R2.avi,1,23,2,2,10
N0040V3S1A49R2.avi,1,49,3,2,40
N0158V2S1A25R2.avi,1,25,2,2,158
N0188V3S1A49R2.avi,1,49,3,2,188
N0029V2S1A42R2.avi,1,42,2,2,29
N0161V1S1A22R2.avi,1,22,1,2,161
N0129V2S1A43R2.avi,1,43,2,2,129
N0022V2S1A30R2.avi,1,30,2,2,22
N0052V2S1A33R2.avi,1,33,2,2,52
N0098V2S1A06R2.avi,1,6,2,2,98
N0097V3S1A28R2.avi,1,28,3,2,97
N0216V1S1A44R2.avi,1,44,1,2,216
N0035V3S1A16R2.avi,1,16,3,2,35
N0123V2S1A11R2.avi,1,11,2,2,123
N0218V3S1A29R2.avi,1,29,3,2,218
N0027V3S1A13R2.avi,1,13,3,2,27
N0157V3S1A01R2.avi,1,1,3,2,157
N0039V1S1A39R2.avi,1,39,1,2,39
N0222V1S1A29R2.avi,1,29,1,2,222
N0191V3S1A05R2.avi,1,5,3,2,191
N0256V3S1A17R2.avi,1,17,3,2,256
N0182V3S1A01R2.avi,1,1,3,2,182
N0136V2S1A29R2.avi,1,29,2,2,136
N0112V3S1A45R2.avi,1,45,3,2,112
N0012V2S1A37R2.avi,1,37,2,2,12
N0019V3S1A39R2.avi,1,39,3,2,19
N0203V2S1A19R2.avi,1,19,2,2,203
N0146V2S1A33R2.avi,1,33,2,2,146
N0343V3S1A47R2.avi,1,47,3,2,343
N0028V3S1A37R2.avi,1,37,3,2,28
N0283V3S1A08R2.avi,1,8,3,2,283
N0206V2S1A48R2.avi,1,48,2,2,206
N0161V3S1A39R2.avi,1,39,3,2,161
N0123V2S1A50R2.avi,1,50,2,2,123
N0265V2S1A38R2.avi,1,38,2,2,265
N0239V1S1A39R2.avi,1,39,1,2,239
N0057V3S1A29R2.avi,1,29,3,2,57
N0273V1S1A20R2.avi,1,20,1,2,273
N0017V1S1A32R2.avi,1,32,1,2,17
N0172V1S1A50R2.avi,1,50,1,2,172
N0222V3S1A02R2.avi,1,2,3,2,222
N0088V3S1A47R2.avi,1,47,3,2,88
N0163V2S1A44R2.avi,1,44,2,2,163
N0088V2S1A46R2.avi,1,46,2,2,88
N0092V1S1A02R2.avi,1,2,1,2,92
N0337V1S1A46R0.avi,1,46,1,0,337
N0194V1S1A14R2.avi,1,14,1,2,194
N0027V3S1A32R2.avi,1,32,3,2,27
N0262V3S1A49R2.avi,1,49,3,2,262
N0118V3S1A39R2.avi,1,39,3,2,118
N0039V2S1A39R2.avi,1,39,2,2,39
N0082V3S1A03R2.avi,1,3,3,2,82
N0266V1S1A01R2.avi,1,1,1,2,266
N0190V3S1A39R2.avi,1,39,3,2,190
N0357V3S1A34R2.avi,1,34,3,2,357
N0050V1S1A33R2.avi,1,33,1,2,50
N0258V3S1A51R2.avi,1,51,3,2,258
N0110V1S1A29R2.avi,1,29,1,2,110
N0167V1S1A20R2.avi,1,20,1,2,167
N0093V1S1A19R2.avi,1,19,1,2,93
N0346V3S1A13R2.avi,1,13,3,2,346
N0062V3S1A50R2.avi,1,50,3,2,62
N0129V2S1A47R2.avi,1,47,2,2,129
N0178V1S1A37R2.avi,1,37,1,2,178
N0080V3S1A48R2.avi,1,48,3,2,80
N0037V2S1A04R2.avi,1,4,2,2,37
N0129V2S1A32R2.avi,1,32,2,2,129
N0058V2S1A50R2.avi,1,50,2,2,58
N0007V3S1A23R2.avi,1,23,3,2,7
N0162V2S1A03R2.avi,1,3,2,2,162
N0283V2S1A41R2.avi,1,41,2,2,283
N0104V2S1A12R2.avi,1,12,2,2,104
N0077V3S1A40R2.avi,1,40,3,2,77
N0252V2S1A38R2.avi,1,38,2,2,252
N0135V3S1A14R2.avi,1,14,3,2,135
N0162V3S1A49R2.avi,1,49,3,2,162
N0337V2S1A34R2.avi,1,34,2,2,337
N0043V1S1A44R2.avi,1,44,1,2,43
N0167V3S1A43R2.avi,1,43,3,2,167
N0088V2S1A48R2.avi,1,48,2,2,88
N0026V2S1A30R2.avi,1,30,2,2,26
N0062V1S1A37R2.avi,1,37,1,2,62
N0133V2S1A31R2.avi,1,31,2,2,133
N0272V1S1A08R2.avi,1,8,1,2,272
N0242V2S1A22R2.avi,1,22,2,2,242
N0153V1S1A20R2.avi,1,20,1,2,153
N0030V3S1A08R2.avi,1,8,3,2,30
N0012V3S1A07R2.avi,1,7,3,2,12
N0230V2S1A37R2.avi,1,37,2,2,230
N0277V2S1A39R2.avi,1,39,2,2,277
N0022V1S1A37R2.avi,1,37,1,2,22
N0120V3S1A28R2.avi,1,28,3,2,120
N0071V2S1A07R2.avi,1,7,2,2,71
N0289V2S1A48R2.avi,1,48,2,2,289
N0065V3S1A21R2.avi,1,21,3,2,65
N0139V1S1A25R2.avi,1,25,1,2,139
N0203V1S1A48R2.avi,1,48,1,2,203
N0003V1S1A01R2.avi,1,1,1,2,3
N0086V1S1A38R2.avi,1,38,1,2,86
N0144V2S1A16R2.avi,1,16,2,2,144
N0353V2S1A33R2.avi,1,33,2,2,353
N0026V2S1A25R2.avi,1,25,2,2,26
N0340V2S1A07R2.avi,1,7,2,2,340
N0252V3S1A38R2.avi,1,38,3,2,252
N0143V2S1A48R2.avi,1,48,2,2,143
N0141V1S1A02R2.avi,1,2,1,2,141
N0177V1S1A11R2.avi,1,11,1,2,177
N0023V1S1A29R2.avi,1,29,1,2,23
N0120V2S1A08R2.avi,1,8,2,2,120
N0007V1S1A41R2.avi,1,41,1,2,7
N0181V3S1A11R2.avi,1,11,3,2,181
N0043V1S1A45R2.avi,1,45,1,2,43
N0130V2S1A31R2.avi,1,31,2,2,130
N0046V2S1A49R2.avi,1,49,2,2,46
N0196V3S1A01R2.avi,1,1,3,2,196
N0029V2S1A32R2.avi,1,32,2,2,29
N0136V2S1A10R2.avi,1,10,2,2,136
N0087V1S1A06R2.avi,1,6,1,2,87
N0188V1S1A34R2.avi,1,34,1,2,188
N0267V2S1A08R2.avi,1,8,2,2,267
N0258V2S1A48R2.avi,1,48,2,2,258
N0334V1S1A07R2.avi,1,7,1,2,334
N0083V1S1A19R2.avi,1,19,1,2,83
N0281V1S1A33R2.avi,1,33,1,2,281
N0131V1S1A50R2.avi,1,50,1,2,131
N0163V2S1A17R2.avi,1,17,2,2,163
N0192V1S1A43R2.avi,1,43,1,2,192
N0170V2S1A35R2.avi,1,35,2,2,170
N0142V3S1A36R2.avi,1,36,3,2,142
N0347V3S1A33R2.avi,1,33,3,2,347
N0272V3S1A19R2.avi,1,19,3,2,272
N0006V2S1A06R2.avi,1,6,2,2,6
N0258V2S1A40R2.avi,1,40,2,2,258
N0020V2S1A30R2.avi,1,30,2,2,20
N0359V3S1A16R2.avi,1,16,3,2,359
N0072V3S1A49R2.avi,1,49,3,2,72
N0077V1S1A04R2.avi,1,4,1,2,77
N0020V3S1A37R2.avi,1,37,3,2,20
N0027V1S1A42R2.avi,1,42,1,2,27
N0200V1S1A36R2.avi,1,36,1,2,200
N0135V3S1A18R2.avi,1,18,3,2,135
N0118V1S1A23R2.avi,1,23,1,2,118
N0334V3S1A29R2.avi,1,29,3,2,334
N0151V3S1A19R2.avi,1,19,3,2,151
N0251V1S1A06R2.avi,1,6,1,2,251
N0253V2S1A37R2.avi,1,37,2,2,253
N0135V2S1A21R1.avi,1,21,2,1,135
N0066V3S1A02R2.avi,1,2,3,2,66
N0013V2S1A43R2.avi,1,43,2,2,13
N0237V3S1A46R2.avi,1,46,3,2,237
N0171V2S1A05R2.avi,1,5,2,2,171
N0139V2S1A32R2.avi,1,32,2,2,139
N0131V1S1A32R2.avi,1,32,1,2,131
N0101V2S1A44R2.avi,1,44,2,2,101
N0199V2S1A31R2.avi,1,31,2,2,199
N0008V3S1A23R2.avi,1,23,3,2,8
N0220V3S1A51R2.avi,1,51,3,2,220
N0161V2S1A22R2.avi,1,22,2,2,161
N0193V1S1A06R2.avi,1,6,1,2,193
N0020V1S1A30R2.avi,1,30,1,2,20
N0211V3S1A17R2.avi,1,17,3,2,211
N0123V2S1A43R2.avi,1,43,2,2,123
N0122V3S1A49R2.avi,1,49,3,2,122
N0046V2S1A30R2.avi,1,30,2,2,46
N0189V1S1A04R2.avi,1,4,1,2,189
N0276V3S1A49R2.avi,1,49,3,2,276
N0363V2S1A45R2.avi,1,45,2,2,363
N0229V3S1A39R2.avi,1,39,3,2,229
N0063V1S1A41R2.avi,1,41,1,2,63
N0098V3S1A19R2.avi,1,19,3,2,98
N0145V2S1A16R2.avi,1,16,2,2,145
N0170V1S1A09R2.avi,1,9,1,2,170
N0259V1S1A07R2.avi,1,7,1,2,259
N0361V2S1A38R2.avi,1,38,2,2,361
N0182V1S1A08R2.avi,1,8,1,2,182
N0250V1S1A36R2.avi,1,36,1,2,250
N0030V3S1A35R1.avi,1,35,3,1,30
N0142V1S1A48R2.avi,1,48,1,2,142
N0281V3S1A38R2.avi,1,38,3,2,281
N0162V2S1A06R2.avi,1,6,2,2,162
N0039V2S1A08R2.avi,1,8,2,2,39
N0346V3S1A42R2.avi,1,42,3,2,346
N0029V2S1A38R2.avi,1,38,2,2,29
N0008V2S1A34R2.avi,1,34,2,2,8
N0047V2S1A32R2.avi,1,32,2,2,47
N0203V3S1A50R2.avi,1,50,3,2,203
N0003V1S1A23R2.avi,1,23,1,2,3
N0048V2S1A35R2.avi,1,35,2,2,48
N0159V2S1A04R2.avi,1,4,2,2,159
N0124V3S1A21R2.avi,1,21,3,2,124
N0123V2S1A48R2.avi,1,48,2,2,123
N0092V3S1A35R2.avi,1,35,3,2,92
N0100V3S1A49R2.avi,1,49,3,2,100
N0048V3S1A46R2.avi,1,46,3,2,48
N0092V1S1A50R2.avi,1,50,1,2,92
N0175V3S1A14R2.avi,1,14,3,2,175
N0238V2S1A11R2.avi,1,11,2,2,238
N0017V2S1A31R1.avi,1,31,2,1,17
N0106V1S1A33R2.avi,1,33,1,2,106
N0156V1S1A51R1.avi,1,51,1,1,156
N0192V2S1A23R2.avi,1,23,2,2,192
N0050V1S1A30R2.avi,1,30,1,2,50
N0286V3S1A50R2.avi,1,50,3,2,286
N0260V3S1A27R2.avi,1,27,3,2,260
N0058V2S1A34R2.avi,1,34,2,2,58
N0105V3S1A18R2.avi,1,18,3,2,105
N0186V2S1A51R2.avi,1,51,2,2,186
N0335V2S1A46R0.avi,1,46,2,0,335
N0148V2S1A36R2.avi,1,36,2,2,148
N0267V3S1A51R2.avi,1,51,3,2,267
N0254V3S1A21R2.avi,1,21,3,2,254
N0276V2S1A51R1.avi,1,51,2,1,276
N0237V2S1A42R2.avi,1,42,2,2,237
N0163V1S1A40R2.avi,1,40,1,2,163
N0071V1S1A41R2.avi,1,41,1,2,71
N0116V1S1A10R2.avi,1,10,1,2,116
N0240V1S1A50R2.avi,1,50,1,2,240
N0186V2S1A39R2.avi,1,39,2,2,186
N0137V3S1A30R2.avi,1,30,3,2,137
N0193V3S1A39R2.avi,1,39,3,2,193
N0116V1S1A29R2.avi,1,29,1,2,116
N0136V2S1A23R2.avi,1,23,2,2,136
N0157V3S1A45R2.avi,1,45,3,2,157
N0231V2S1A02R2.avi,1,2,2,2,231
N0225V2S1A18R2.avi,1,18,2,2,225
N0357V1S1A15R2.avi,1,15,1,2,357
N0222V3S1A03R2.avi,1,3,3,2,222
N0010V2S1A29R2.avi,1,29,2,2,10
N0361V3S1A37R2.avi,1,37,3,2,361
N0336V3S1A36R2.avi,1,36,3,2,336
N0167V1S1A19R2.avi,1,19,1,2,167
N0186V2S1A33R2.avi,1,33,2,2,186
N0164V2S1A12R2.avi,1,12,2,2,164
N0126V2S1A38R2.avi,1,38,2,2,126
N0265V1S1A30R2.avi,1,30,1,2,265
N0216V3S1A29R2.avi,1,29,3,2,216
N0159V3S1A43R2.avi,1,43,3,2,159
N0236V1S1A36R2.avi,1,36,1,2,236
N0286V3S1A29R2.avi,1,29,3,2,286
N0047V2S1A40R2.avi,1,40,2,2,47
N0345V1S1A31R2.avi,1,31,1,2,345
N0012V1S1A33R2.avi,1,33,1,2,12
N0074V1S1A26R2.avi,1,26,1,2,74
N0009V1S1A06R2.avi,1,6,1,2,9
N0214V2S1A12R2.avi,1,12,2,2,214
N0350V3S1A38R2.avi,1,38,3,2,350
N0216V1S1A25R2.avi,1,25,1,2,216
N0340V3S1A09R2.avi,1,9,3,2,340
N0198V1S1A41R2.avi,1,41,1,2,198
N0270V1S1A18R2.avi,1,18,1,2,270
N0176V2S1A33R2.avi,1,33,2,2,176
N0068V3S1A34R2.avi,1,34,3,2,68
N0171V3S1A42R1.avi,1,42,3,1,171
N0052V1S1A36R2.avi,1,36,1,2,52
N0132V2S1A41R2.avi,1,41,2,2,132
N0264V3S1A17R2.avi,1,17,3,2,264
N0018V2S1A06R2.avi,1,6,2,2,18
N0275V2S1A31R2.avi,1,31,2,2,275
N0241V2S1A34R2.avi,1,34,2,2,241
N0073V2S1A11R2.avi,1,11,2,2,73
N0020V3S1A33R2.avi,1,33,3,2,20
N0044V1S1A16R2.avi,1,16,1,2,44
N0238V3S1A36R2.avi,1,36,3,2,238
N0104V2S1A21R2.avi,1,21,2,2,104
N0039V3S1A10R2.avi,1,10,3,2,39
N0262V3S1A51R2.avi,1,51,3,2,262
N0019V3S1A08R2.avi,1,8,3,2,19
N0027V2S1A06R2.avi,1,6,2,2,27
N0221V3S1A19R2.avi,1,19,3,2,221
N0359V1S1A14R2.avi,1,14,1,2,359
N0170V1S1A38R2.avi,1,38,1,2,170
N0102V3S1A46R2.avi,1,46,3,2,102
N0043V1S1A20R2.avi,1,20,1,2,43
N0107V2S1A45R2.avi,1,45,2,2,107
N0088V1S1A48R2.avi,1,48,1,2,88
N0258V1S1A02R2.avi,1,2,1,2,258
N0208V1S1A40R1.avi,1,40,1,1,208
N0009V1S1A20R2.avi,1,20,1,2,9
N0070V3S1A02R2.avi,1,2,3,2,70
N0159V1S1A22R2.avi,1,22,1,2,159
N0013V3S1A10R2.avi,1,10,3,2,13
N0107V3S1A50R2.avi,1,50,3,2,107
N0257V2S1A17R2.avi,1,17,2,2,257
N0043V3S1A23R2.avi,1,23,3,2,43
N0076V1S1A25R2.avi,1,25,1,2,76
N0097V1S1A34R2.avi,1,34,1,2,97
N0019V3S1A44R2.avi,1,44,3,2,19
N0093V2S1A23R2.avi,1,23,2,2,93
N0232V2S1A25R2.avi,1,25,2,2,232
N0121V1S1A30R2.avi,1,30,1,2,121
N0127V3S1A06R2.avi,1,6,3,2,127
N0138V2S1A40R2.avi,1,40,2,2,138
N0071V3S1A43R2.avi,1,43,3,2,71
N0071V2S1A43R2.avi,1,43,2,2,71
N0202V3S1A41R2.avi,1,41,3,2,202
N0061V1S1A06R2.avi,1,6,1,2,61
N0101V2S1A41R2.avi,1,41,2,2,101
N0269V1S1A23R2.avi,1,23,1,2,269
N0096V2S1A40R2.avi,1,40,2,2,96
N0122V2S1A33R2.avi,1,33,2,2,122
N0147V3S1A29R2.avi,1,29,3,2,147
N0027V1S1A50R2.avi,1,50,1,2,27
N0204V2S1A18R2.avi,1,18,2,2,204
N0031V1S1A05R2.avi,1,5,1,2,31
N0024V3S1A16R2.avi,1,16,3,2,24
N0110V2S1A34R2.avi,1,34,2,2,110
N0220V3S1A17R2.avi,1,17,3,2,220
N0187V1S1A11R2.avi,1,11,1,2,187
N0233V3S1A37R2.avi,1,37,3,2,233
N0151V1S1A47R2.avi,1,47,1,2,151
N0080V2S1A48R2.avi,1,48,2,2,80
N0183V1S1A07R2.avi,1,7,1,2,183
N0283V1S1A10R2.avi,1,10,1,2,283
N0361V1S1A32R2.avi,1,32,1,2,361
N0198V2S1A22R2.avi,1,22,2,2,198
N0218V1S1A38R2.avi,1,38,1,2,218
N0151V1S1A03R1.avi,1,3,1,1,151
N0177V1S1A07R2.avi,1,7,1,2,177
N0061V2S1A06R2.avi,1,6,2,2,61
N0149V1S1A22R2.avi,1,22,1,2,149
N0015V3S1A14R2.avi,1,14,3,2,15
N0091V1S1A05R2.avi,1,5,1,2,91
N0201V1S1A41R2.avi,1,41,1,2,201
N0051V2S1A40R2.avi,1,40,2,2,51
N0042V3S1A46R2.avi,1,46,3,2,42
N0042V3S1A07R2.avi,1,7,3,2,42
N0263V1S1A05R2.avi,1,5,1,2,263
N0158V1S1A37R2.avi,1,37,1,2,158
N0273V2S1A30R2.avi,1,30,2,2,273
N0159V2S1A40R2.avi,1,40,2,2,159
N0232V3S1A50R2.avi,1,50,3,2,232
N0148V3S1A30R2.avi,1,30,3,2,148
N0135V3S1A27R2.avi,1,27,3,2,135
N0080V2S1A03R2.avi,1,3,2,2,80
N0080V2S1A30R2.avi,1,30,2,2,80
N0362V3S1A05R2.avi,1,5,3,2,362
N0009V1S1A04R2.avi,1,4,1,2,9
N0130V3S1A23R2.avi,1,23,3,2,130
N0045V2S1A27R2.avi,1,27,2,2,45
N0240V2S1A03R2.avi,1,3,2,2,240
N0170V2S1A34R2.avi,1,34,2,2,170
N0142V3S1A06R2.avi,1,6,3,2,142
N0193V2S1A15R2.avi,1,15,2,2,193
N0028V2S1A13R2.avi,1,13,2,2,28
N0076V2S1A38R2.avi,1,38,2,2,76
N0120V2S1A01R2.avi,1,1,2,2,120
N0165V1S1A27R2.avi,1,27,1,2,165
N0217V1S1A03R2.avi,1,3,1,2,217
N0350V3S1A29R2.avi,1,29,3,2,350
N0197V2S1A31R2.avi,1,31,2,2,197
N0232V2S1A45R2.avi,1,45,2,2,232
N0242V2S1A02R2.avi,1,2,2,2,242
N0174V1S1A16R1.avi,1,16,1,1,174
N0275V3S1A42R2.avi,1,42,3,2,275
N0089V3S1A19R2.avi,1,19,3,2,89
N0199V3S1A10R2.avi,1,10,3,2,199
N0070V3S1A35R2.avi,1,35,3,2,70
N0353V2S1A35R2.avi,1,35,2,2,353
N0166V2S1A03R2.avi,1,3,2,2,166
N0273V1S1A06R2.avi,1,6,1,2,273
N0042V3S1A36R2.avi,1,36,3,2,42
N0351V3S1A13R2.avi,1,13,3,2,351
N0169V1S1A05R2.avi,1,5,1,2,169
N0346V3S1A22R2.avi,1,22,3,2,346
N0352V2S1A43R2.avi,1,43,2,2,352
N0239V2S1A05R2.avi,1,5,2,2,239
N0289V3S1A08R2.avi,1,8,3,2,289
N0055V1S1A21R2.avi,1,21,1,2,55
N0146V3S1A23R2.avi,1,23,3,2,146
N0347V1S1A46R2.avi,1,46,1,2,347
